Fecha,Cliente,TipoVenta,Clase,Aparato,Paquete,Fitpass,Sucursal,Total
2023-01-01,Carolina Vázquez,Fitpass,Reformer,Reformer,0,Sí,Roma,203
2023-01-01,Laura Pérez,Paquete,Chair,Chair,24,No,Polanco,8277
2023-01-01,Javier Torres,Fitpass,Reformer,Reformer,0,Sí,Roma,219
2023-01-01,Valeria Hernández,Clase Individual,Chair,Chair,0,No,Condesa,512
2023-01-01,Sofía Sánchez,Paquete,Chair,Chair,8,No,Polanco,3285
2023-01-01,Sofía Rodríguez,Paquete,Reformer,Reformer,8,No,Condesa,3245
2023-01-01,Alejandro Torres,Fitpass,Reformer,Reformer,0,Sí,Roma,208
2023-01-02,Renata Jiménez,Clase Individual,Chair,Chair,0,No,Condesa,473
2023-01-02,Victoria Vázquez,Fitpass,Cadillac,Cadillac,0,Sí,Polanco,229
2023-01-02,Mariana Reyes,Fitpass,Cadillac,Cadillac,0,Sí,Condesa,203
2023-01-02,Rodrigo Cruz,Paquete,Chair,Chair,8,No,Roma,3279
2023-01-02,Carolina Gómez,Fitpass,Chair,Chair,0,Sí,Condesa,230
2023-01-02,Lucía Gómez,Paquete,Chair,Chair,24,No,Roma,7980
2023-01-02,Daniela Jiménez,Paquete,Reformer,Reformer,12,No,Condesa,4594
2023-01-02,Valeria Martínez,Paquete,Reformer,Reformer,8,No,Roma,3243
2023-01-02,Paula Cruz,Fitpass,Reformer,Reformer,0,Sí,Roma,218
2023-01-02,Valeria Morales,Paquete,Reformer,Reformer,12,No,Condesa,4116
2023-01-03,Valeria Morales,Paquete,Reformer,Reformer,24,No,Roma,8765
2023-01-03,Renata Ramírez,Paquete,Mat Pilates,Ninguno,8,No,Condesa,2931
2023-01-03,Laura Pérez,Fitpass,Mat Pilates,Ninguno,0,Sí,Roma,195
2023-01-03,Valeria Mendoza,Paquete,Mat Pilates,Ninguno,24,No,Roma,8272
2023-01-03,Fernanda Mendoza,Paquete,Cadillac,Cadillac,12,No,Polanco,4568
2023-01-03,Camila Gutiérrez,Fitpass,Reformer,Reformer,0,Sí,Condesa,213
2023-01-03,Fernando Gutiérrez,Paquete,Mat Pilates,Ninguno,8,No,Condesa,3135
2023-01-03,Alejandro Pérez,Paquete,Mat Pilates,Ninguno,12,No,Condesa,4432
2023-01-03,Sofía Rodríguez,Paquete,Reformer,Reformer,8,No,Condesa,3203
2023-01-03,Andrea Reyes,Fitpass,Reformer,Reformer,0,Sí,Condesa,215
2023-01-03,Carolina Jiménez,Paquete,Mat Pilates,Ninguno,24,No,Polanco,8689
2023-01-03,Miguel Cruz,Fitpass,Reformer,Reformer,0,Sí,Polanco,215
2023-01-03,Miguel Morales,Paquete,Reformer,Reformer,24,No,Condesa,8355
2023-01-03,Renata Jiménez,Paquete,Reformer,Reformer,8,No,Condesa,3228
2023-01-03,Rodrigo Díaz,Paquete,Chair,Chair,12,No,Condesa,4352
2023-01-03,Sofía Reyes,Clase Individual,Chair,Chair,0,No,Polanco,492
2023-01-03,Daniela Morales,Fitpass,Cadillac,Cadillac,0,Sí,Condesa,228
2023-01-04,Santiago Rodríguez,Paquete,Reformer,Reformer,8,No,Roma,2995
2023-01-04,Valeria Díaz,Fitpass,Mat Pilates,Ninguno,0,Sí,Roma,182
2023-01-04,Andrea López,Fitpass,Cadillac,Cadillac,0,Sí,Polanco,189
2023-01-04,Miguel Ramírez,Fitpass,Mat Pilates,Ninguno,0,Sí,Polanco,204
2023-01-04,Claudia Cruz,Clase Individual,Cadillac,Cadillac,0,No,Roma,418
2023-01-04,Fernanda Flores,Fitpass,Chair,Chair,0,Sí,Roma,184
2023-01-04,Alejandro Sánchez,Fitpass,Reformer,Reformer,0,Sí,Polanco,185
2023-01-04,Paula Sánchez,Fitpass,Reformer,Reformer,0,Sí,Roma,189
2023-01-04,Claudia García,Paquete,Reformer,Reformer,8,No,Roma,2972
2023-01-04,Miguel Rodríguez,Paquete,Chair,Chair,24,No,Condesa,8302
2023-01-04,Regina Gómez,Paquete,Reformer,Reformer,8,No,Polanco,3131
2023-01-04,Rodrigo Díaz,Paquete,Reformer,Reformer,8,No,Condesa,3287
2023-01-04,Carlos Gómez,Fitpass,Reformer,Reformer,0,Sí,Polanco,227
2023-01-05,Ana González,Fitpass,Reformer,Reformer,0,Sí,Condesa,183
2023-01-05,Regina López,Fitpass,Reformer,Reformer,0,Sí,Polanco,200
2023-01-05,Luis Sánchez,Paquete,Reformer,Reformer,12,No,Roma,4132
2023-01-05,Camila Cruz,Fitpass,Reformer,Reformer,0,Sí,Roma,204
2023-01-05,Fernanda García,Fitpass,Chair,Chair,0,Sí,Roma,233
2023-01-05,Mariana Martínez,Fitpass,Reformer,Reformer,0,Sí,Condesa,239
2023-01-05,Santiago Pérez,Paquete,Reformer,Reformer,12,No,Polanco,4180
2023-01-05,Valeria Martínez,Paquete,Reformer,Reformer,8,No,Condesa,3147
2023-01-05,Paula Mendoza,Fitpass,Chair,Chair,0,Sí,Polanco,214
2023-01-05,Ximena García,Fitpass,Reformer,Reformer,0,Sí,Roma,206
2023-01-05,Javier Hernández,Clase Individual,Chair,Chair,0,No,Roma,458
2023-01-05,Natalia Pérez,Paquete,Chair,Chair,12,No,Polanco,4426
2023-01-05,María Hernández,Paquete,Reformer,Reformer,8,No,Roma,3273
2023-01-05,Lucía Jiménez,Paquete,Chair,Chair,12,No,Polanco,4511
2023-01-05,Renata Vázquez,Fitpass,Reformer,Reformer,0,Sí,Condesa,197
2023-01-05,Andrea Morales,Fitpass,Reformer,Reformer,0,Sí,Polanco,230
2023-01-06,Andrea González,Fitpass,Cadillac,Cadillac,0,Sí,Roma,207
2023-01-06,María Flores,Paquete,Reformer,Reformer,8,No,Polanco,2913
2023-01-06,Mariana Pérez,Paquete,Reformer,Reformer,8,No,Condesa,3278
2023-01-06,Gabriela Sánchez,Fitpass,Chair,Chair,0,Sí,Polanco,225
2023-01-06,Daniela Gutiérrez,Fitpass,Mat Pilates,Ninguno,0,Sí,Polanco,197
2023-01-06,Regina Reyes,Paquete,Reformer,Reformer,8,No,Roma,3051
2023-01-06,Natalia Cruz,Fitpass,Reformer,Reformer,0,Sí,Condesa,195
2023-01-07,Andrea Torres,Clase Individual,Reformer,Reformer,0,No,Condesa,459
2023-01-07,Mariana Reyes,Paquete,Chair,Chair,24,No,Roma,8181
2023-01-07,María Morales,Fitpass,Mat Pilates,Ninguno,0,Sí,Condesa,210
2023-01-07,Diego Hernández,Fitpass,Cadillac,Cadillac,0,Sí,Roma,238
2023-01-07,Victoria González,Clase Individual,Reformer,Reformer,0,No,Roma,506
2023-01-07,Natalia Vázquez,Paquete,Reformer,Reformer,8,No,Roma,2946
2023-01-07,Mateo Díaz,Paquete,Reformer,Reformer,24,No,Condesa,8228
2023-01-07,Diego Pérez,Paquete,Chair,Chair,8,No,Roma,2960
2023-01-07,Carolina Torres,Paquete,Cadillac,Cadillac,8,No,Roma,3130
2023-01-07,Ana García,Clase Individual,Reformer,Reformer,0,No,Condesa,398
2023-01-07,Regina Gómez,Paquete,Reformer,Reformer,12,No,Condesa,4170
2023-01-07,Valeria Morales,Clase Individual,Reformer,Reformer,0,No,Polanco,421
2023-01-07,Valeria García,Clase Individual,Reformer,Reformer,0,No,Condesa,457
2023-01-07,Diego Hernández,Fitpass,Reformer,Reformer,0,Sí,Condesa,205
2023-01-08,Gabriela Flores,Clase Individual,Reformer,Reformer,0,No,Condesa,492
2023-01-08,Regina Martínez,Fitpass,Mat Pilates,Ninguno,0,Sí,Condesa,235
2023-01-08,Mateo Sánchez,Paquete,Chair,Chair,24,No,Polanco,8537
2023-01-08,Rodrigo González,Clase Individual,Mat Pilates,Ninguno,0,No,Condesa,388
2023-01-08,Claudia Jiménez,Paquete,Reformer,Reformer,12,No,Roma,4680
2023-01-08,Diego Rodríguez,Fitpass,Reformer,Reformer,0,Sí,Polanco,232
2023-01-08,Claudia Gómez,Paquete,Reformer,Reformer,8,No,Condesa,3194
2023-01-08,Daniela Morales,Paquete,Reformer,Reformer,12,No,Roma,4483
2023-01-08,Claudia Torres,Paquete,Chair,Chair,8,No,Roma,3266
2023-01-08,Regina Sánchez,Fitpass,Mat Pilates,Ninguno,0,Sí,Roma,186
2023-01-08,Miguel Díaz,Fitpass,Cadillac,Cadillac,0,Sí,Roma,209
2023-01-08,Andrea Gómez,Paquete,Reformer,Reformer,8,No,Condesa,3165
2023-01-08,Mateo Vázquez,Paquete,Cadillac,Cadillac,12,No,Roma,4358
2023-01-08,Victoria Torres,Fitpass,Reformer,Reformer,0,Sí,Condesa,186
2023-01-08,Miguel Ramírez,Paquete,Chair,Chair,12,No,Polanco,4643
2023-01-09,Mariana Jiménez,Fitpass,Mat Pilates,Ninguno,0,Sí,Condesa,228
2023-01-09,Mateo Gómez,Fitpass,Chair,Chair,0,Sí,Roma,205
2023-01-09,Ximena González,Fitpass,Mat Pilates,Ninguno,0,Sí,Condesa,240
2023-01-09,Diego Mendoza,Fitpass,Chair,Chair,0,Sí,Roma,226
2023-01-09,Miguel Flores,Clase Individual,Mat Pilates,Ninguno,0,No,Roma,441
2023-01-09,Sofía López,Paquete,Cadillac,Cadillac,12,No,Roma,4158
2023-01-09,Rodrigo Sánchez,Fitpass,Cadillac,Cadillac,0,Sí,Polanco,230
2023-01-09,Valeria Mendoza,Paquete,Chair,Chair,8,No,Condesa,3170
2023-01-09,Andrea Hernández,Clase Individual,Reformer,Reformer,0,No,Roma,435
2023-01-09,Valeria Cruz,Clase Individual,Reformer,Reformer,0,No,Polanco,397
2023-01-10,Daniela Gutiérrez,Clase Individual,Chair,Chair,0,No,Condesa,495
2023-01-10,Ana Cruz,Clase Individual,Reformer,Reformer,0,No,Roma,402
2023-01-10,Valeria Flores,Clase Individual,Mat Pilates,Ninguno,0,No,Roma,455
2023-01-10,Ana García,Paquete,Cadillac,Cadillac,8,No,Condesa,3178
2023-01-10,Carolina Díaz,Fitpass,Cadillac,Cadillac,0,Sí,Condesa,193
2023-01-10,Valeria González,Paquete,Reformer,Reformer,12,No,Polanco,4680
2023-01-10,Luis Gutiérrez,Paquete,Reformer,Reformer,24,No,Condesa,7982
2023-01-10,Claudia Sánchez,Clase Individual,Reformer,Reformer,0,No,Polanco,424
2023-01-10,Andrea Gutiérrez,Fitpass,Chair,Chair,0,Sí,Polanco,221
2023-01-10,Paula Reyes,Clase Individual,Chair,Chair,0,No,Roma,480
2023-01-10,Fernanda Jiménez,Paquete,Cadillac,Cadillac,8,No,Roma,3255
2023-01-10,Renata Cruz,Fitpass,Chair,Chair,0,Sí,Condesa,214
2023-01-10,Javier Díaz,Paquete,Reformer,Reformer,8,No,Polanco,2924
2023-01-10,Natalia Sánchez,Paquete,Cadillac,Cadillac,8,No,Condesa,3189
2023-01-10,Andrea González,Paquete,Reformer,Reformer,12,No,Roma,4379
2023-01-10,Claudia González,Fitpass,Cadillac,Cadillac,0,Sí,Polanco,183
2023-01-11,Carlos Pérez,Paquete,Reformer,Reformer,8,No,Roma,3244
2023-01-11,Camila Hernández,Paquete,Mat Pilates,Ninguno,12,No,Roma,4239
2023-01-11,Lucía García,Fitpass,Reformer,Reformer,0,Sí,Roma,180
2023-01-11,Ximena García,Fitpass,Reformer,Reformer,0,Sí,Polanco,208
2023-01-11,Lucía Hernández,Paquete,Mat Pilates,Ninguno,12,No,Roma,4453
2023-01-11,Carolina Mendoza,Clase Individual,Reformer,Reformer,0,No,Roma,519
2023-01-11,Ximena González,Paquete,Reformer,Reformer,8,No,Condesa,3286
2023-01-11,Andrea Reyes,Fitpass,Mat Pilates,Ninguno,0,Sí,Condesa,211
2023-01-11,Sofía Gutiérrez,Paquete,Reformer,Reformer,24,No,Polanco,8877
2023-01-11,Ana Ramírez,Paquete,Mat Pilates,Ninguno,12,No,Condesa,4575
2023-01-11,Sofía Díaz,Paquete,Chair,Chair,12,No,Polanco,4115
2023-01-11,Carlos Rodríguez,Fitpass,Reformer,Reformer,0,Sí,Roma,184
2023-01-11,Regina Díaz,Fitpass,Chair,Chair,0,Sí,Roma,231
2023-01-12,Luis Mendoza,Fitpass,Chair,Chair,0,Sí,Roma,230
2023-01-12,Natalia González,Fitpass,Reformer,Reformer,0,Sí,Polanco,196
2023-01-12,Luis Reyes,Paquete,Reformer,Reformer,8,No,Roma,3141
2023-01-12,Rodrigo Díaz,Paquete,Cadillac,Cadillac,12,No,Condesa,4397
2023-01-12,Luis Vázquez,Paquete,Chair,Chair,12,No,Roma,4664
2023-01-12,Claudia Rodríguez,Paquete,Cadillac,Cadillac,8,No,Roma,3269
2023-01-12,Mateo Reyes,Fitpass,Reformer,Reformer,0,Sí,Polanco,188
2023-01-12,Mariana Jiménez,Paquete,Mat Pilates,Ninguno,8,No,Roma,2916
2023-01-12,Gabriela González,Fitpass,Chair,Chair,0,Sí,Condesa,188
2023-01-12,Fernanda Martínez,Paquete,Mat Pilates,Ninguno,12,No,Polanco,4380
2023-01-12,Carolina Torres,Paquete,Reformer,Reformer,8,No,Condesa,3113
2023-01-12,Diego Rodríguez,Clase Individual,Reformer,Reformer,0,No,Polanco,409
2023-01-12,Carlos Martínez,Fitpass,Cadillac,Cadillac,0,Sí,Condesa,212
2023-01-12,Natalia González,Paquete,Mat Pilates,Ninguno,8,No,Polanco,3036
2023-01-12,Fernanda López,Fitpass,Mat Pilates,Ninguno,0,Sí,Polanco,191
2023-01-12,Mateo González,Paquete,Mat Pilates,Ninguno,8,No,Roma,3221
2023-01-12,Carolina Jiménez,Fitpass,Reformer,Reformer,0,Sí,Roma,216
2023-01-12,Alejandro Reyes,Paquete,Chair,Chair,8,No,Polanco,3193
2023-01-13,Camila Sánchez,Paquete,Cadillac,Cadillac,8,No,Condesa,3034
2023-01-13,Santiago Martínez,Paquete,Reformer,Reformer,8,No,Polanco,3125
2023-01-13,Santiago Torres,Clase Individual,Reformer,Reformer,0,No,Polanco,415
2023-01-13,Valeria Díaz,Paquete,Mat Pilates,Ninguno,24,No,Roma,8738
2023-01-13,Regina Sánchez,Paquete,Reformer,Reformer,8,No,Condesa,3001
2023-01-13,Camila González,Fitpass,Reformer,Reformer,0,Sí,Roma,224
2023-01-13,Natalia Vázquez,Paquete,Reformer,Reformer,12,No,Polanco,4638
2023-01-13,Ana Gómez,Paquete,Chair,Chair,8,No,Roma,3238
2023-01-13,Diego Gómez,Paquete,Chair,Chair,12,No,Roma,4486
2023-01-13,Javier González,Clase Individual,Chair,Chair,0,No,Condesa,442
2023-01-13,Victoria Martínez,Paquete,Cadillac,Cadillac,12,No,Condesa,4627
2023-01-13,Fernando Vázquez,Clase Individual,Cadillac,Cadillac,0,No,Roma,477
2023-01-13,Ximena Gutiérrez,Paquete,Mat Pilates,Ninguno,8,No,Roma,2978
2023-01-14,Ximena Vázquez,Clase Individual,Reformer,Reformer,0,No,Roma,476
2023-01-14,Santiago Pérez,Fitpass,Cadillac,Cadillac,0,Sí,Roma,208
2023-01-14,Luis Gutiérrez,Fitpass,Chair,Chair,0,Sí,Condesa,225
2023-01-14,Javier Sánchez,Paquete,Reformer,Reformer,8,No,Roma,2992
2023-01-14,Ana Martínez,Paquete,Cadillac,Cadillac,12,No,Roma,4137
2023-01-14,Rodrigo Gutiérrez,Paquete,Reformer,Reformer,8,No,Polanco,3023
2023-01-14,Santiago Gómez,Fitpass,Reformer,Reformer,0,Sí,Condesa,201
2023-01-14,Victoria Flores,Paquete,Reformer,Reformer,8,No,Roma,3013
2023-01-14,Rodrigo Pérez,Fitpass,Chair,Chair,0,Sí,Condesa,203
2023-01-14,Carolina Torres,Paquete,Cadillac,Cadillac,12,No,Roma,4202
2023-01-14,Sofía Rodríguez,Paquete,Reformer,Reformer,8,No,Condesa,2928
2023-01-14,Camila Mendoza,Fitpass,Mat Pilates,Ninguno,0,Sí,Roma,216
2023-01-14,Ana González,Paquete,Mat Pilates,Ninguno,8,No,Roma,2991
2023-01-15,Camila Vázquez,Fitpass,Chair,Chair,0,Sí,Roma,233
2023-01-15,Santiago Sánchez,Fitpass,Chair,Chair,0,Sí,Condesa,180
2023-01-15,Victoria Sánchez,Paquete,Mat Pilates,Ninguno,8,No,Polanco,2924
2023-01-15,Victoria Cruz,Paquete,Reformer,Reformer,12,No,Condesa,4534
2023-01-15,Camila Mendoza,Fitpass,Chair,Chair,0,Sí,Condesa,204
2023-01-15,Claudia Hernández,Fitpass,Chair,Chair,0,Sí,Roma,209
2023-01-15,Carlos Martínez,Clase Individual,Chair,Chair,0,No,Condesa,508
2023-01-15,Regina Gutiérrez,Clase Individual,Reformer,Reformer,0,No,Polanco,507
2023-01-15,Mateo Hernández,Fitpass,Reformer,Reformer,0,Sí,Roma,226
2023-01-15,Andrea Gómez,Clase Individual,Reformer,Reformer,0,No,Condesa,428
2023-01-15,Luis Jiménez,Paquete,Reformer,Reformer,12,No,Condesa,4627
2023-01-15,Javier Hernández,Fitpass,Reformer,Reformer,0,Sí,Condesa,206
2023-01-15,Camila Sánchez,Fitpass,Chair,Chair,0,Sí,Roma,214
2023-01-15,Paula Gutiérrez,Paquete,Chair,Chair,8,No,Condesa,3127
2023-01-15,Santiago Martínez,Paquete,Cadillac,Cadillac,8,No,Roma,2966
2023-01-16,Gabriela Martínez,Paquete,Mat Pilates,Ninguno,8,No,Polanco,2903
2023-01-16,Fernanda Gutiérrez,Fitpass,Reformer,Reformer,0,Sí,Roma,236
2023-01-16,Valeria Sánchez,Fitpass,Reformer,Reformer,0,Sí,Polanco,240
2023-01-16,Ximena López,Clase Individual,Reformer,Reformer,0,No,Roma,399
2023-01-16,Laura Flores,Paquete,Reformer,Reformer,8,No,Polanco,3048
2023-01-16,Javier Jiménez,Paquete,Reformer,Reformer,8,No,Polanco,3259
2023-01-16,Sofía Morales,Paquete,Reformer,Reformer,8,No,Condesa,3300
2023-01-16,Andrea Jiménez,Paquete,Reformer,Reformer,8,No,Condesa,3288
2023-01-16,Sofía Mendoza,Clase Individual,Reformer,Reformer,0,No,Condesa,491
2023-01-16,Carlos Vázquez,Fitpass,Reformer,Reformer,0,Sí,Roma,191
2023-01-16,Lucía Rodríguez,Paquete,Cadillac,Cadillac,8,No,Roma,3234
2023-01-16,Claudia Torres,Clase Individual,Chair,Chair,0,No,Roma,428
2023-01-16,Lucía Ramírez,Paquete,Mat Pilates,Ninguno,24,No,Roma,8455
2023-01-16,Fernando Morales,Fitpass,Reformer,Reformer,0,Sí,Condesa,218
2023-01-16,Carolina Cruz,Clase Individual,Reformer,Reformer,0,No,Roma,478
2023-01-17,Valeria García,Paquete,Chair,Chair,8,No,Roma,3010
2023-01-17,Luis Vázquez,Paquete,Reformer,Reformer,24,No,Condesa,8128
2023-01-17,Valeria Reyes,Fitpass,Reformer,Reformer,0,Sí,Roma,190
2023-01-17,Javier Ramírez,Paquete,Reformer,Reformer,12,No,Condesa,4528
2023-01-17,Carolina Mendoza,Fitpass,Mat Pilates,Ninguno,0,Sí,Polanco,196
2023-01-17,Rodrigo Morales,Clase Individual,Reformer,Reformer,0,No,Condesa,415
2023-01-17,Miguel Díaz,Fitpass,Cadillac,Cadillac,0,Sí,Roma,203
2023-01-17,Mariana Rodríguez,Fitpass,Reformer,Reformer,0,Sí,Condesa,188
2023-01-17,Renata García,Paquete,Reformer,Reformer,8,No,Roma,2981
2023-01-17,Sofía Sánchez,Paquete,Reformer,Reformer,8,No,Polanco,3239
2023-01-17,Ximena Gómez,Paquete,Chair,Chair,8,No,Roma,3178
2023-01-17,Laura Pérez,Clase Individual,Reformer,Reformer,0,No,Polanco,514
2023-01-17,Ximena González,Paquete,Reformer,Reformer,8,No,Condesa,3194
2023-01-17,Alejandro Díaz,Paquete,Cadillac,Cadillac,8,No,Roma,2927
2023-01-18,Gabriela Díaz,Paquete,Reformer,Reformer,12,No,Polanco,4670
2023-01-18,Carlos Reyes,Fitpass,Reformer,Reformer,0,Sí,Polanco,207
2023-01-18,Santiago Gutiérrez,Fitpass,Mat Pilates,Ninguno,0,Sí,Polanco,181
2023-01-18,Carolina Torres,Fitpass,Chair,Chair,0,Sí,Condesa,227
2023-01-18,Claudia Martínez,Clase Individual,Chair,Chair,0,No,Roma,515
2023-01-18,Diego Jiménez,Paquete,Mat Pilates,Ninguno,24,No,Roma,8268
2023-01-18,Andrea Gutiérrez,Paquete,Reformer,Reformer,8,No,Roma,3026
2023-01-18,Carolina Rodríguez,Fitpass,Cadillac,Cadillac,0,Sí,Roma,240
2023-01-18,Carolina García,Fitpass,Reformer,Reformer,0,Sí,Roma,209
2023-01-18,Fernando Pérez,Fitpass,Mat Pilates,Ninguno,0,Sí,Polanco,199
2023-01-18,Ximena López,Paquete,Reformer,Reformer,24,No,Roma,8612
2023-01-18,Regina Vázquez,Paquete,Reformer,Reformer,12,No,Polanco,4221
2023-01-18,Laura Gómez,Paquete,Reformer,Reformer,12,No,Polanco,4619
2023-01-18,Fernando García,Fitpass,Chair,Chair,0,Sí,Condesa,198
2023-01-18,Carolina Gómez,Fitpass,Cadillac,Cadillac,0,Sí,Condesa,185
2023-01-18,Mariana Mendoza,Fitpass,Cadillac,Cadillac,0,Sí,Roma,210
2023-01-19,Claudia Vázquez,Clase Individual,Reformer,Reformer,0,No,Condesa,460
2023-01-19,Mateo Cruz,Clase Individual,Mat Pilates,Ninguno,0,No,Condesa,384
2023-01-19,Mateo Martínez,Paquete,Reformer,Reformer,24,No,Polanco,8131
2023-01-19,María Reyes,Paquete,Cadillac,Cadillac,8,No,Roma,3012
2023-01-19,Diego Hernández,Clase Individual,Reformer,Reformer,0,No,Condesa,477
2023-01-19,Rodrigo López,Clase Individual,Chair,Chair,0,No,Roma,452
2023-01-19,Mateo González,Paquete,Reformer,Reformer,8,No,Roma,3049
2023-01-19,Paula López,Fitpass,Reformer,Reformer,0,Sí,Roma,215
2023-01-19,Gabriela Ramírez,Paquete,Reformer,Reformer,12,No,Polanco,4402
2023-01-19,Natalia Reyes,Paquete,Mat Pilates,Ninguno,24,No,Condesa,7931
2023-01-19,Mariana Jiménez,Fitpass,Reformer,Reformer,0,Sí,Condesa,211
2023-01-19,Sofía Morales,Paquete,Mat Pilates,Ninguno,8,No,Roma,3292
2023-01-19,Carlos Martínez,Paquete,Reformer,Reformer,8,No,Condesa,3271
2023-01-19,Natalia Reyes,Clase Individual,Reformer,Reformer,0,No,Condesa,401
2023-01-19,Laura Vázquez,Fitpass,Mat Pilates,Ninguno,0,Sí,Roma,181
2023-01-19,Lucía Morales,Paquete,Reformer,Reformer,12,No,Roma,4658
2023-01-19,María Morales,Clase Individual,Cadillac,Cadillac,0,No,Condesa,477
2023-01-19,Regina Jiménez,Clase Individual,Cadillac,Cadillac,0,No,Polanco,468
2023-01-19,Carlos López,Fitpass,Chair,Chair,0,Sí,Polanco,203
2023-01-19,Laura Reyes,Paquete,Cadillac,Cadillac,24,No,Roma,8588
2023-01-19,Camila Díaz,Paquete,Chair,Chair,12,No,Condesa,4279
2023-01-19,Regina Rodríguez,Clase Individual,Reformer,Reformer,0,No,Condesa,463
2023-01-20,Rodrigo Morales,Paquete,Reformer,Reformer,12,No,Condesa,4292
2023-01-20,Regina Rodríguez,Clase Individual,Reformer,Reformer,0,No,Roma,511
2023-01-20,Natalia Vázquez,Fitpass,Reformer,Reformer,0,Sí,Condesa,224
2023-01-20,Javier Flores,Fitpass,Mat Pilates,Ninguno,0,Sí,Condesa,234
2023-01-20,Fernando Morales,Paquete,Reformer,Reformer,8,No,Roma,3089
2023-01-20,Santiago Gómez,Clase Individual,Chair,Chair,0,No,Roma,443
2023-01-20,Andrea Cruz,Paquete,Reformer,Reformer,8,No,Condesa,3230
2023-01-20,Victoria Vázquez,Paquete,Reformer,Reformer,12,No,Condesa,4602
2023-01-20,Ximena Gómez,Paquete,Cadillac,Cadillac,8,No,Polanco,3067
2023-01-20,Valeria Reyes,Fitpass,Reformer,Reformer,0,Sí,Condesa,229
2023-01-20,Regina Mendoza,Fitpass,Mat Pilates,Ninguno,0,Sí,Condesa,225
2023-01-20,Diego Hernández,Paquete,Reformer,Reformer,12,No,Condesa,4647
2023-01-20,Carolina Sánchez,Clase Individual,Mat Pilates,Ninguno,0,No,Polanco,459
2023-01-20,Carolina Morales,Paquete,Reformer,Reformer,8,No,Polanco,3107
2023-01-20,Rodrigo Pérez,Paquete,Reformer,Reformer,12,No,Polanco,4109
2023-01-20,Natalia Mendoza,Paquete,Reformer,Reformer,8,No,Roma,3078
2023-01-21,Natalia García,Clase Individual,Reformer,Reformer,0,No,Condesa,443
2023-01-21,Rodrigo Sánchez,Fitpass,Chair,Chair,0,Sí,Polanco,237
2023-01-21,Santiago Vázquez,Paquete,Chair,Chair,12,No,Roma,4132
2023-01-21,Laura Hernández,Paquete,Reformer,Reformer,8,No,Roma,3300
2023-01-21,Lucía Ramírez,Clase Individual,Cadillac,Cadillac,0,No,Polanco,490
2023-01-21,Laura Mendoza,Paquete,Reformer,Reformer,8,No,Roma,3230
2023-01-21,Claudia Reyes,Paquete,Reformer,Reformer,12,No,Condesa,4268
2023-01-21,Luis Gutiérrez,Fitpass,Reformer,Reformer,0,Sí,Roma,228
2023-01-21,Renata Torres,Fitpass,Reformer,Reformer,0,Sí,Condesa,211
2023-01-21,Paula Ramírez,Fitpass,Chair,Chair,0,Sí,Polanco,227
2023-01-21,Renata Morales,Fitpass,Reformer,Reformer,0,Sí,Condesa,187
2023-01-21,Diego Díaz,Clase Individual,Cadillac,Cadillac,0,No,Roma,418
2023-01-21,Daniela Ramírez,Clase Individual,Reformer,Reformer,0,No,Condesa,413
2023-01-21,Paula García,Fitpass,Reformer,Reformer,0,Sí,Polanco,233
2023-01-21,Lucía Martínez,Fitpass,Chair,Chair,0,Sí,Condesa,234
2023-01-21,Sofía Cruz,Fitpass,Reformer,Reformer,0,Sí,Polanco,231
2023-01-22,Gabriela Reyes,Fitpass,Cadillac,Cadillac,0,Sí,Roma,221
2023-01-22,Natalia González,Fitpass,Cadillac,Cadillac,0,Sí,Roma,214
2023-01-22,Ximena Torres,Fitpass,Chair,Chair,0,Sí,Roma,228
2023-01-22,Claudia Gutiérrez,Fitpass,Reformer,Reformer,0,Sí,Roma,180
2023-01-22,Fernando Gómez,Clase Individual,Reformer,Reformer,0,No,Roma,457
2023-01-22,Carolina Díaz,Clase Individual,Cadillac,Cadillac,0,No,Polanco,520
2023-01-22,Paula Rodríguez,Paquete,Reformer,Reformer,12,No,Roma,4370
2023-01-22,Victoria Rodríguez,Clase Individual,Chair,Chair,0,No,Roma,516
2023-01-23,Valeria Díaz,Paquete,Chair,Chair,8,No,Roma,3204
2023-01-23,Regina Gutiérrez,Fitpass,Mat Pilates,Ninguno,0,Sí,Polanco,183
2023-01-23,Sofía Gutiérrez,Paquete,Reformer,Reformer,8,No,Roma,3103
2023-01-23,Diego Hernández,Paquete,Cadillac,Cadillac,8,No,Condesa,2969
2023-01-23,Fernanda Rodríguez,Fitpass,Reformer,Reformer,0,Sí,Roma,228
2023-01-23,Regina Jiménez,Clase Individual,Reformer,Reformer,0,No,Condesa,419
2023-01-23,Valeria Morales,Paquete,Chair,Chair,24,No,Polanco,8491
2023-01-23,Fernanda González,Fitpass,Reformer,Reformer,0,Sí,Roma,210
2023-01-23,Ana Morales,Clase Individual,Chair,Chair,0,No,Condesa,410
2023-01-23,Daniela Reyes,Paquete,Chair,Chair,8,No,Roma,3165
2023-01-23,Laura Ramírez,Fitpass,Reformer,Reformer,0,Sí,Roma,187
2023-01-23,Fernando Hernández,Fitpass,Reformer,Reformer,0,Sí,Condesa,229
2023-01-23,Alejandro Vázquez,Clase Individual,Chair,Chair,0,No,Roma,467
2023-01-23,Claudia Gutiérrez,Fitpass,Mat Pilates,Ninguno,0,Sí,Roma,180
2023-01-24,Valeria García,Paquete,Reformer,Reformer,8,No,Condesa,3267
2023-01-24,Natalia Cruz,Fitpass,Reformer,Reformer,0,Sí,Roma,195
2023-01-24,Renata Vázquez,Paquete,Cadillac,Cadillac,8,No,Roma,2989
2023-01-24,Claudia Gutiérrez,Paquete,Cadillac,Cadillac,12,No,Condesa,4427
2023-01-24,Laura Hernández,Fitpass,Reformer,Reformer,0,Sí,Condesa,226
2023-01-24,Javier Hernández,Clase Individual,Mat Pilates,Ninguno,0,No,Polanco,420
2023-01-24,Alejandro Hernández,Paquete,Cadillac,Cadillac,24,No,Roma,8295
2023-01-24,Diego Hernández,Fitpass,Reformer,Reformer,0,Sí,Polanco,232
2023-01-24,Claudia Sánchez,Fitpass,Reformer,Reformer,0,Sí,Roma,198
2023-01-24,Mateo Gómez,Clase Individual,Mat Pilates,Ninguno,0,No,Roma,415
2023-01-24,Sofía Torres,Fitpass,Reformer,Reformer,0,Sí,Condesa,186
2023-01-24,Paula Mendoza,Fitpass,Chair,Chair,0,Sí,Polanco,219
2023-01-25,Alejandro Jiménez,Paquete,Chair,Chair,12,No,Polanco,4183
2023-01-25,Javier Jiménez,Clase Individual,Reformer,Reformer,0,No,Condesa,454
2023-01-25,Victoria Reyes,Paquete,Reformer,Reformer,8,No,Roma,3009
2023-01-25,Renata Torres,Paquete,Reformer,Reformer,12,No,Polanco,4612
2023-01-25,Laura Mendoza,Paquete,Mat Pilates,Ninguno,8,No,Condesa,3011
2023-01-25,Gabriela Ramírez,Paquete,Mat Pilates,Ninguno,12,No,Condesa,4152
2023-01-25,Regina Pérez,Fitpass,Chair,Chair,0,Sí,Condesa,233
2023-01-26,Javier García,Fitpass,Chair,Chair,0,Sí,Condesa,187
2023-01-26,Gabriela González,Paquete,Reformer,Reformer,12,No,Condesa,4672
2023-01-26,Carlos Martínez,Paquete,Reformer,Reformer,8,No,Polanco,3102
2023-01-26,Luis Gutiérrez,Fitpass,Chair,Chair,0,Sí,Roma,209
2023-01-26,Rodrigo López,Clase Individual,Reformer,Reformer,0,No,Polanco,519
2023-01-26,Mariana Pérez,Fitpass,Chair,Chair,0,Sí,Condesa,239
2023-01-26,Andrea González,Paquete,Mat Pilates,Ninguno,12,No,Condesa,4180
2023-01-26,Fernanda Morales,Fitpass,Reformer,Reformer,0,Sí,Roma,205
2023-01-27,Camila Gómez,Paquete,Reformer,Reformer,12,No,Polanco,4249
2023-01-27,Luis Jiménez,Fitpass,Chair,Chair,0,Sí,Roma,226
2023-01-27,Lucía Morales,Paquete,Chair,Chair,24,No,Roma,8041
2023-01-27,Camila Gutiérrez,Paquete,Reformer,Reformer,12,No,Condesa,4127
2023-01-27,Ximena Gutiérrez,Paquete,Reformer,Reformer,12,No,Polanco,4178
2023-01-27,Alejandro Pérez,Fitpass,Reformer,Reformer,0,Sí,Condesa,205
2023-01-27,Fernando Reyes,Paquete,Cadillac,Cadillac,8,No,Roma,3052
2023-01-27,Fernanda Jiménez,Fitpass,Chair,Chair,0,Sí,Roma,236
2023-01-27,Camila Ramírez,Paquete,Cadillac,Cadillac,24,No,Polanco,8107
2023-01-27,Ximena Gómez,Paquete,Mat Pilates,Ninguno,8,No,Roma,2995
2023-01-27,Miguel Reyes,Paquete,Reformer,Reformer,24,No,Roma,8557
2023-01-27,Alejandro Gómez,Paquete,Mat Pilates,Ninguno,8,No,Condesa,3109
2023-01-27,María Rodríguez,Fitpass,Reformer,Reformer,0,Sí,Roma,225
2023-01-27,Laura Vázquez,Paquete,Reformer,Reformer,12,No,Roma,4619
2023-01-27,Victoria Cruz,Paquete,Chair,Chair,12,No,Condesa,4404
2023-01-27,Laura Sánchez,Fitpass,Reformer,Reformer,0,Sí,Polanco,185
2023-01-27,Natalia González,Paquete,Reformer,Reformer,12,No,Roma,4129
2023-01-27,Alejandro Reyes,Fitpass,Cadillac,Cadillac,0,Sí,Roma,185
2023-01-27,Alejandro Gómez,Fitpass,Cadillac,Cadillac,0,Sí,Roma,237
2023-01-27,Victoria Gutiérrez,Fitpass,Chair,Chair,0,Sí,Condesa,199
2023-01-28,Claudia Reyes,Fitpass,Cadillac,Cadillac,0,Sí,Condesa,236
2023-01-28,Sofía García,Fitpass,Mat Pilates,Ninguno,0,Sí,Roma,207
2023-01-28,Mariana Díaz,Clase Individual,Reformer,Reformer,0,No,Condesa,503
2023-01-28,Regina Martínez,Clase Individual,Cadillac,Cadillac,0,No,Condesa,469
2023-01-28,Victoria Mendoza,Paquete,Cadillac,Cadillac,12,No,Roma,4278
2023-01-28,María Morales,Fitpass,Mat Pilates,Ninguno,0,Sí,Polanco,223
2023-01-28,Diego Reyes,Fitpass,Chair,Chair,0,Sí,Roma,225
2023-01-28,Renata Mendoza,Clase Individual,Reformer,Reformer,0,No,Condesa,428
2023-01-28,Daniela Morales,Clase Individual,Reformer,Reformer,0,No,Condesa,485
2023-01-28,Diego Martínez,Paquete,Mat Pilates,Ninguno,12,No,Roma,4149
2023-01-28,Sofía Reyes,Paquete,Chair,Chair,8,No,Condesa,3205
2023-01-28,Victoria Pérez,Fitpass,Chair,Chair,0,Sí,Condesa,235
2023-01-28,Laura Díaz,Paquete,Reformer,Reformer,12,No,Polanco,4205
2023-01-28,Claudia Pérez,Fitpass,Reformer,Reformer,0,Sí,Polanco,187
2023-01-29,Camila Flores,Clase Individual,Mat Pilates,Ninguno,0,No,Roma,492
2023-01-29,Paula Morales,Clase Individual,Chair,Chair,0,No,Roma,435
2023-01-29,Valeria Vázquez,Paquete,Mat Pilates,Ninguno,8,No,Roma,3028
2023-01-29,Carlos Reyes,Paquete,Cadillac,Cadillac,12,No,Polanco,4691
2023-01-29,Natalia Torres,Fitpass,Chair,Chair,0,Sí,Roma,221
2023-01-29,Paula Reyes,Fitpass,Reformer,Reformer,0,Sí,Condesa,231
2023-01-29,Fernanda García,Clase Individual,Mat Pilates,Ninguno,0,No,Polanco,407
2023-01-29,Carlos García,Fitpass,Mat Pilates,Ninguno,0,Sí,Polanco,183
2023-01-30,Gabriela Flores,Fitpass,Mat Pilates,Ninguno,0,Sí,Roma,191
2023-01-30,Victoria Mendoza,Fitpass,Reformer,Reformer,0,Sí,Roma,239
2023-01-30,Paula Gutiérrez,Paquete,Chair,Chair,8,No,Condesa,3150
2023-01-30,Javier Mendoza,Fitpass,Reformer,Reformer,0,Sí,Polanco,221
2023-01-30,Valeria Díaz,Paquete,Reformer,Reformer,24,No,Condesa,8688
2023-01-30,Lucía Vázquez,Paquete,Cadillac,Cadillac,8,No,Roma,3048
2023-01-30,Mateo Reyes,Paquete,Reformer,Reformer,24,No,Roma,8588
2023-01-30,Andrea Martínez,Paquete,Reformer,Reformer,24,No,Condesa,8015
2023-01-30,Rodrigo Gómez,Paquete,Reformer,Reformer,8,No,Roma,3297
2023-01-30,Fernando Hernández,Fitpass,Reformer,Reformer,0,Sí,Condesa,206
2023-01-30,Andrea Vázquez,Clase Individual,Cadillac,Cadillac,0,No,Condesa,500
2023-01-31,Ximena Morales,Fitpass,Reformer,Reformer,0,Sí,Polanco,205
2023-01-31,María Reyes,Clase Individual,Reformer,Reformer,0,No,Roma,492
2023-01-31,Claudia Morales,Clase Individual,Reformer,Reformer,0,No,Condesa,466
2023-01-31,Mateo Gómez,Fitpass,Mat Pilates,Ninguno,0,Sí,Roma,225
2023-01-31,María Jiménez,Fitpass,Reformer,Reformer,0,Sí,Condesa,211
2023-01-31,Sofía López,Fitpass,Cadillac,Cadillac,0,Sí,Condesa,204
2023-01-31,Mariana Flores,Fitpass,Reformer,Reformer,0,Sí,Condesa,224
2023-02-01,Valeria González,Fitpass,Mat Pilates,Ninguno,0,Sí,Polanco,202
2023-02-01,Alejandro López,Fitpass,Chair,Chair,0,Sí,Polanco,239
2023-02-01,Laura Sánchez,Clase Individual,Mat Pilates,Ninguno,0,No,Condesa,502
2023-02-01,Daniela Morales,Clase Individual,Chair,Chair,0,No,Condesa,434
2023-02-01,Carlos Vázquez,Fitpass,Mat Pilates,Ninguno,0,Sí,Condesa,201
2023-02-01,Paula Martínez,Fitpass,Mat Pilates,Ninguno,0,Sí,Roma,224
2023-02-01,Gabriela Jiménez,Paquete,Cadillac,Cadillac,8,No,Polanco,3292
2023-02-01,Carlos García,Paquete,Cadillac,Cadillac,12,No,Condesa,4483
2023-02-01,Mariana Flores,Paquete,Reformer,Reformer,8,No,Condesa,2915
2023-02-02,Fernando Gómez,Paquete,Chair,Chair,8,No,Roma,2985
2023-02-02,Paula Sánchez,Paquete,Chair,Chair,8,No,Condesa,3213
2023-02-02,Javier Torres,Paquete,Cadillac,Cadillac,8,No,Roma,3271
2023-02-02,Ximena Morales,Clase Individual,Reformer,Reformer,0,No,Condesa,490
2023-02-02,Lucía Díaz,Paquete,Reformer,Reformer,8,No,Polanco,3265
2023-02-02,Claudia Cruz,Fitpass,Chair,Chair,0,Sí,Condesa,192
2023-02-02,Sofía Rodríguez,Paquete,Cadillac,Cadillac,8,No,Condesa,3164
2023-02-02,Renata Sánchez,Paquete,Reformer,Reformer,12,No,Roma,4279
2023-02-02,Mariana Gómez,Paquete,Chair,Chair,8,No,Roma,3012
2023-02-02,Fernando Martínez,Fitpass,Chair,Chair,0,Sí,Polanco,213
2023-02-02,Claudia García,Paquete,Chair,Chair,24,No,Polanco,8127
2023-02-02,Javier Gutiérrez,Paquete,Chair,Chair,8,No,Condesa,3241
2023-02-02,Santiago Pérez,Fitpass,Reformer,Reformer,0,Sí,Roma,198
2023-02-03,Ximena Gutiérrez,Fitpass,Reformer,Reformer,0,Sí,Roma,202
2023-02-03,Valeria Pérez,Clase Individual,Chair,Chair,0,No,Roma,411
2023-02-03,Diego Torres,Paquete,Reformer,Reformer,8,No,Condesa,3001
2023-02-03,Javier Jiménez,Fitpass,Reformer,Reformer,0,Sí,Roma,194
2023-02-03,Fernando Gutiérrez,Paquete,Reformer,Reformer,8,No,Condesa,3239
2023-02-03,Lucía Gutiérrez,Paquete,Chair,Chair,24,No,Roma,8528
2023-02-03,Andrea Sánchez,Fitpass,Chair,Chair,0,Sí,Polanco,191
2023-02-03,Fernanda González,Clase Individual,Mat Pilates,Ninguno,0,No,Polanco,434
2023-02-03,Javier Torres,Paquete,Reformer,Reformer,8,No,Polanco,3265
2023-02-03,Carolina Hernández,Fitpass,Reformer,Reformer,0,Sí,Polanco,238
2023-02-03,Paula Reyes,Fitpass,Chair,Chair,0,Sí,Polanco,203
2023-02-03,Ana Pérez,Paquete,Reformer,Reformer,8,No,Roma,3225
2023-02-03,Renata Sánchez,Clase Individual,Cadillac,Cadillac,0,No,Roma,432
2023-02-04,Carolina Torres,Fitpass,Chair,Chair,0,Sí,Roma,192
2023-02-04,Carolina Díaz,Paquete,Reformer,Reformer,12,No,Polanco,4443
2023-02-04,Carolina Ramírez,Fitpass,Chair,Chair,0,Sí,Polanco,199
2023-02-04,Sofía Rodríguez,Paquete,Cadillac,Cadillac,12,No,Polanco,4153
2023-02-04,Rodrigo Cruz,Paquete,Reformer,Reformer,8,No,Polanco,3046
2023-02-04,Santiago Reyes,Clase Individual,Cadillac,Cadillac,0,No,Polanco,495
2023-02-04,Javier Hernández,Fitpass,Reformer,Reformer,0,Sí,Condesa,199
2023-02-04,Miguel Ramírez,Fitpass,Reformer,Reformer,0,Sí,Polanco,215
2023-02-04,Carlos Díaz,Paquete,Mat Pilates,Ninguno,8,No,Condesa,3259
2023-02-04,Regina Jiménez,Fitpass,Chair,Chair,0,Sí,Roma,236
2023-02-04,Laura Ramírez,Fitpass,Reformer,Reformer,0,Sí,Condesa,203
2023-02-04,Alejandro Flores,Paquete,Chair,Chair,8,No,Condesa,3177
2023-02-04,Natalia Hernández,Clase Individual,Cadillac,Cadillac,0,No,Polanco,478
2023-02-04,Santiago Vázquez,Clase Individual,Chair,Chair,0,No,Condesa,496
2023-02-04,Valeria Hernández,Paquete,Chair,Chair,12,No,Polanco,4353
2023-02-05,Lucía Jiménez,Paquete,Reformer,Reformer,12,No,Roma,4481
2023-02-05,Carolina Torres,Paquete,Reformer,Reformer,24,No,Roma,8143
2023-02-05,Miguel Pérez,Paquete,Reformer,Reformer,8,No,Condesa,2930
2023-02-05,Carlos Morales,Paquete,Cadillac,Cadillac,8,No,Polanco,3129
2023-02-05,Miguel Rodríguez,Paquete,Reformer,Reformer,24,No,Roma,8778
2023-02-05,Fernanda Torres,Fitpass,Reformer,Reformer,0,Sí,Condesa,223
2023-02-05,Camila Flores,Paquete,Reformer,Reformer,8,No,Polanco,3063
2023-02-05,Natalia Gutiérrez,Paquete,Mat Pilates,Ninguno,8,No,Condesa,3075
2023-02-05,Ana Martínez,Paquete,Chair,Chair,24,No,Roma,8062
2023-02-05,Fernanda Pérez,Fitpass,Chair,Chair,0,Sí,Polanco,180
2023-02-05,Fernanda Cruz,Paquete,Reformer,Reformer,8,No,Polanco,3285
2023-02-06,Claudia González,Paquete,Reformer,Reformer,8,No,Roma,3277
2023-02-06,Luis Díaz,Fitpass,Reformer,Reformer,0,Sí,Roma,215
2023-02-06,Victoria Pérez,Clase Individual,Mat Pilates,Ninguno,0,No,Polanco,432
2023-02-06,Gabriela Martínez,Paquete,Chair,Chair,8,No,Polanco,3049
2023-02-06,Lucía Pérez,Clase Individual,Reformer,Reformer,0,No,Condesa,388
2023-02-06,Rodrigo García,Paquete,Chair,Chair,8,No,Polanco,3255
2023-02-06,Daniela Mendoza,Paquete,Chair,Chair,12,No,Condesa,4141
2023-02-06,Ximena Flores,Paquete,Reformer,Reformer,12,No,Condesa,4297
2023-02-06,Mateo Vázquez,Paquete,Mat Pilates,Ninguno,24,No,Roma,8105
2023-02-06,Renata González,Paquete,Chair,Chair,12,No,Polanco,4147
2023-02-07,Camila Flores,Paquete,Reformer,Reformer,8,No,Condesa,2975
2023-02-07,Valeria Gómez,Clase Individual,Mat Pilates,Ninguno,0,No,Condesa,451
2023-02-07,Carolina Cruz,Paquete,Cadillac,Cadillac,12,No,Roma,4698
2023-02-07,Regina López,Paquete,Reformer,Reformer,8,No,Condesa,3114
2023-02-07,Andrea Morales,Clase Individual,Mat Pilates,Ninguno,0,No,Roma,423
2023-02-07,María Pérez,Fitpass,Reformer,Reformer,0,Sí,Polanco,213
2023-02-07,Paula Cruz,Paquete,Reformer,Reformer,24,No,Polanco,8425
2023-02-07,Renata Flores,Paquete,Mat Pilates,Ninguno,12,No,Roma,4459
2023-02-07,María Díaz,Paquete,Mat Pilates,Ninguno,24,No,Condesa,8093
2023-02-08,Carolina Jiménez,Fitpass,Reformer,Reformer,0,Sí,Condesa,204
2023-02-08,Sofía Mendoza,Paquete,Chair,Chair,24,No,Condesa,8748
2023-02-08,Gabriela González,Paquete,Mat Pilates,Ninguno,8,No,Roma,3101
2023-02-08,Sofía López,Paquete,Mat Pilates,Ninguno,12,No,Roma,4608
2023-02-08,Carlos Reyes,Clase Individual,Reformer,Reformer,0,No,Polanco,441
2023-02-08,Claudia Torres,Paquete,Reformer,Reformer,8,No,Roma,3056
2023-02-08,Natalia Reyes,Paquete,Reformer,Reformer,24,No,Roma,8227
2023-02-08,Laura Díaz,Fitpass,Reformer,Reformer,0,Sí,Roma,208
2023-02-08,Laura Reyes,Fitpass,Reformer,Reformer,0,Sí,Condesa,239
2023-02-09,Ximena Gutiérrez,Paquete,Reformer,Reformer,8,No,Condesa,3221
2023-02-09,Fernando Sánchez,Paquete,Reformer,Reformer,12,No,Condesa,4235
2023-02-09,Mariana López,Paquete,Mat Pilates,Ninguno,24,No,Roma,7989
2023-02-09,Gabriela Hernández,Paquete,Reformer,Reformer,8,No,Polanco,3277
2023-02-09,Claudia Pérez,Paquete,Mat Pilates,Ninguno,12,No,Polanco,4405
2023-02-09,Mariana Cruz,Paquete,Reformer,Reformer,8,No,Polanco,2915
2023-02-09,Ximena Flores,Fitpass,Reformer,Reformer,0,Sí,Roma,227
2023-02-09,Mariana Jiménez,Paquete,Mat Pilates,Ninguno,8,No,Roma,3192
2023-02-09,Valeria Pérez,Fitpass,Mat Pilates,Ninguno,0,Sí,Condesa,201
2023-02-09,Ximena Pérez,Clase Individual,Reformer,Reformer,0,No,Polanco,475
2023-02-09,Diego Reyes,Paquete,Reformer,Reformer,8,No,Condesa,3188
2023-02-09,Ximena García,Fitpass,Cadillac,Cadillac,0,Sí,Polanco,195
2023-02-09,Fernanda Morales,Paquete,Reformer,Reformer,12,No,Roma,4617
2023-02-09,María Gómez,Fitpass,Chair,Chair,0,Sí,Roma,221
2023-02-10,Lucía Torres,Paquete,Reformer,Reformer,8,No,Polanco,3130
2023-02-10,Victoria Reyes,Paquete,Reformer,Reformer,8,No,Polanco,3101
2023-02-10,Luis Gutiérrez,Clase Individual,Reformer,Reformer,0,No,Roma,396
2023-02-10,Paula Ramírez,Fitpass,Reformer,Reformer,0,Sí,Roma,234
2023-02-10,Mariana Mendoza,Fitpass,Reformer,Reformer,0,Sí,Roma,240
2023-02-10,Rodrigo Cruz,Paquete,Reformer,Reformer,12,No,Roma,4348
2023-02-10,Daniela López,Fitpass,Mat Pilates,Ninguno,0,Sí,Roma,234
2023-02-11,Rodrigo Gutiérrez,Paquete,Chair,Chair,8,No,Condesa,3092
2023-02-11,Regina Torres,Paquete,Reformer,Reformer,8,No,Roma,3041
2023-02-11,Victoria González,Clase Individual,Reformer,Reformer,0,No,Condesa,450
2023-02-11,Carolina Cruz,Paquete,Mat Pilates,Ninguno,12,No,Roma,4547
2023-02-12,Javier Rodríguez,Fitpass,Reformer,Reformer,0,Sí,Polanco,214
2023-02-12,Valeria Martínez,Clase Individual,Mat Pilates,Ninguno,0,No,Roma,446
2023-02-12,Carolina Díaz,Fitpass,Reformer,Reformer,0,Sí,Polanco,199
2023-02-12,Victoria Mendoza,Fitpass,Reformer,Reformer,0,Sí,Condesa,186
2023-02-12,Renata López,Paquete,Cadillac,Cadillac,24,No,Polanco,8235
2023-02-12,Mariana Flores,Clase Individual,Cadillac,Cadillac,0,No,Polanco,402
2023-02-12,Daniela Pérez,Paquete,Cadillac,Cadillac,12,No,Roma,4277
2023-02-12,Claudia Díaz,Clase Individual,Cadillac,Cadillac,0,No,Roma,487
2023-02-12,Mariana Díaz,Clase Individual,Reformer,Reformer,0,No,Roma,422
2023-02-12,Andrea Torres,Fitpass,Chair,Chair,0,Sí,Roma,191
2023-02-12,Valeria García,Paquete,Reformer,Reformer,12,No,Roma,4186
2023-02-12,Ana López,Paquete,Cadillac,Cadillac,8,No,Roma,3290
2023-02-13,Fernanda Vázquez,Fitpass,Chair,Chair,0,Sí,Polanco,227
2023-02-13,María Flores,Fitpass,Reformer,Reformer,0,Sí,Condesa,202
2023-02-13,Santiago Gutiérrez,Clase Individual,Reformer,Reformer,0,No,Polanco,456
2023-02-13,Renata Vázquez,Paquete,Reformer,Reformer,12,No,Condesa,4681
2023-02-13,Lucía Reyes,Paquete,Chair,Chair,12,No,Roma,4204
2023-02-13,Mariana Reyes,Paquete,Cadillac,Cadillac,12,No,Polanco,4131
2023-02-13,Natalia Díaz,Fitpass,Chair,Chair,0,Sí,Polanco,196
2023-02-13,Mateo López,Fitpass,Reformer,Reformer,0,Sí,Condesa,200
2023-02-13,Daniela Ramírez,Clase Individual,Cadillac,Cadillac,0,No,Roma,457
2023-02-13,Gabriela Sánchez,Paquete,Reformer,Reformer,12,No,Condesa,4660
2023-02-13,Fernanda Gutiérrez,Paquete,Chair,Chair,8,No,Condesa,3255
2023-02-13,Regina Mendoza,Paquete,Reformer,Reformer,8,No,Roma,3248
2023-02-13,Fernanda Pérez,Paquete,Mat Pilates,Ninguno,8,No,Roma,3044
2023-02-13,Miguel Flores,Fitpass,Reformer,Reformer,0,Sí,Polanco,221
2023-02-14,Regina Rodríguez,Paquete,Mat Pilates,Ninguno,12,No,Roma,4586
2023-02-14,Daniela Martínez,Paquete,Cadillac,Cadillac,8,No,Condesa,3221
2023-02-14,Santiago Hernández,Paquete,Reformer,Reformer,12,No,Roma,4459
2023-02-14,Paula Díaz,Fitpass,Reformer,Reformer,0,Sí,Condesa,220
2023-02-14,Paula Vázquez,Fitpass,Cadillac,Cadillac,0,Sí,Roma,218
2023-02-14,Mateo Díaz,Paquete,Reformer,Reformer,24,No,Roma,8466
2023-02-14,Andrea Jiménez,Paquete,Cadillac,Cadillac,12,No,Condesa,4653
2023-02-14,Rodrigo Mendoza,Fitpass,Reformer,Reformer,0,Sí,Condesa,202
2023-02-14,Victoria Pérez,Paquete,Reformer,Reformer,8,No,Condesa,3011
2023-02-14,Luis Jiménez,Clase Individual,Chair,Chair,0,No,Condesa,405
2023-02-14,Daniela González,Paquete,Chair,Chair,12,No,Roma,4342
2023-02-15,Fernanda Morales,Paquete,Reformer,Reformer,8,No,Roma,3152
2023-02-15,Carlos López,Fitpass,Reformer,Reformer,0,Sí,Condesa,195
2023-02-15,Fernando Sánchez,Paquete,Mat Pilates,Ninguno,12,No,Roma,4342
2023-02-15,Lucía Hernández,Fitpass,Cadillac,Cadillac,0,Sí,Condesa,190
2023-02-15,Sofía Morales,Paquete,Cadillac,Cadillac,12,No,Polanco,4192
2023-02-15,Andrea Cruz,Fitpass,Reformer,Reformer,0,Sí,Condesa,209
2023-02-15,Carolina Sánchez,Clase Individual,Chair,Chair,0,No,Roma,442
2023-02-15,Mateo Morales,Fitpass,Mat Pilates,Ninguno,0,Sí,Roma,240
2023-02-15,Javier Hernández,Fitpass,Reformer,Reformer,0,Sí,Polanco,214
2023-02-16,Mariana Torres,Paquete,Chair,Chair,24,No,Roma,8175
2023-02-16,Fernanda González,Clase Individual,Reformer,Reformer,0,No,Condesa,422
2023-02-16,Mateo Flores,Clase Individual,Mat Pilates,Ninguno,0,No,Polanco,437
2023-02-16,Paula García,Paquete,Reformer,Reformer,8,No,Polanco,2972
2023-02-16,Miguel Reyes,Paquete,Reformer,Reformer,8,No,Roma,3035
2023-02-16,Carolina Díaz,Clase Individual,Cadillac,Cadillac,0,No,Roma,397
2023-02-16,Daniela Morales,Clase Individual,Reformer,Reformer,0,No,Polanco,507
2023-02-16,Regina López,Fitpass,Reformer,Reformer,0,Sí,Condesa,217
2023-02-17,Diego López,Paquete,Reformer,Reformer,8,No,Condesa,3037
2023-02-17,Santiago Díaz,Paquete,Reformer,Reformer,12,No,Roma,4197
2023-02-17,Ana Mendoza,Fitpass,Reformer,Reformer,0,Sí,Roma,180
2023-02-17,Fernanda Jiménez,Fitpass,Reformer,Reformer,0,Sí,Condesa,191
2023-02-17,Carolina Ramírez,Fitpass,Reformer,Reformer,0,Sí,Roma,183
2023-02-17,Victoria González,Clase Individual,Reformer,Reformer,0,No,Polanco,459
2023-02-17,Gabriela Vázquez,Paquete,Cadillac,Cadillac,8,No,Condesa,3269
2023-02-18,Renata Sánchez,Clase Individual,Mat Pilates,Ninguno,0,No,Condesa,389
2023-02-18,Daniela Rodríguez,Clase Individual,Reformer,Reformer,0,No,Roma,502
2023-02-18,Laura Mendoza,Paquete,Cadillac,Cadillac,12,No,Condesa,4384
2023-02-18,Ximena Torres,Paquete,Reformer,Reformer,12,No,Roma,4389
2023-02-18,Miguel Gutiérrez,Paquete,Chair,Chair,8,No,Condesa,3289
2023-02-18,Diego Hernández,Clase Individual,Cadillac,Cadillac,0,No,Roma,451
2023-02-18,Ximena Hernández,Clase Individual,Mat Pilates,Ninguno,0,No,Roma,477
2023-02-18,Natalia Martínez,Clase Individual,Reformer,Reformer,0,No,Condesa,431
2023-02-18,Natalia López,Clase Individual,Chair,Chair,0,No,Condesa,406
2023-02-19,Alejandro Torres,Paquete,Mat Pilates,Ninguno,12,No,Roma,4167
2023-02-19,Fernanda González,Paquete,Reformer,Reformer,24,No,Condesa,8692
2023-02-19,Camila Díaz,Paquete,Reformer,Reformer,8,No,Polanco,3016
2023-02-19,Mariana Torres,Paquete,Reformer,Reformer,24,No,Condesa,8092
2023-02-19,Ana Martínez,Fitpass,Cadillac,Cadillac,0,Sí,Condesa,199
2023-02-19,Laura Ramírez,Paquete,Reformer,Reformer,12,No,Roma,4497
2023-02-19,Fernando Reyes,Paquete,Cadillac,Cadillac,8,No,Condesa,3275
2023-02-19,María Gómez,Fitpass,Mat Pilates,Ninguno,0,Sí,Roma,207
2023-02-19,Ximena Ramírez,Fitpass,Reformer,Reformer,0,Sí,Roma,220
2023-02-19,Carolina Martínez,Paquete,Reformer,Reformer,8,No,Condesa,2957
2023-02-19,Daniela Ramírez,Fitpass,Cadillac,Cadillac,0,Sí,Polanco,232
2023-02-19,Claudia Gómez,Clase Individual,Reformer,Reformer,0,No,Condesa,458
2023-02-20,Camila González,Fitpass,Mat Pilates,Ninguno,0,Sí,Polanco,222
2023-02-20,Fernanda Díaz,Paquete,Chair,Chair,12,No,Roma,4127
2023-02-20,Laura Flores,Fitpass,Reformer,Reformer,0,Sí,Roma,183
2023-02-20,Paula Torres,Clase Individual,Reformer,Reformer,0,No,Roma,450
2023-02-20,Luis García,Clase Individual,Reformer,Reformer,0,No,Condesa,469
2023-02-20,Daniela Martínez,Paquete,Reformer,Reformer,12,No,Roma,4448
2023-02-21,Alejandro Reyes,Paquete,Reformer,Reformer,24,No,Roma,7994
2023-02-21,Paula Gutiérrez,Paquete,Cadillac,Cadillac,12,No,Polanco,4108
2023-02-21,Daniela Pérez,Paquete,Reformer,Reformer,8,No,Roma,2904
2023-02-21,Alejandro Sánchez,Fitpass,Cadillac,Cadillac,0,Sí,Condesa,236
2023-02-21,Alejandro Flores,Fitpass,Cadillac,Cadillac,0,Sí,Condesa,218
2023-02-21,Ximena Hernández,Paquete,Cadillac,Cadillac,8,No,Polanco,2947
2023-02-21,Luis Reyes,Fitpass,Cadillac,Cadillac,0,Sí,Polanco,184
2023-02-21,Carlos Ramírez,Clase Individual,Mat Pilates,Ninguno,0,No,Polanco,383
2023-02-21,Ximena Gutiérrez,Fitpass,Mat Pilates,Ninguno,0,Sí,Condesa,206
2023-02-21,Miguel González,Paquete,Reformer,Reformer,24,No,Roma,8384
2023-02-21,Lucía Martínez,Paquete,Mat Pilates,Ninguno,24,No,Condesa,7916
2023-02-22,Ana Vázquez,Fitpass,Mat Pilates,Ninguno,0,Sí,Roma,188
2023-02-22,Sofía González,Paquete,Reformer,Reformer,8,No,Roma,2943
2023-02-22,Daniela López,Fitpass,Reformer,Reformer,0,Sí,Roma,184
2023-02-22,Daniela Gómez,Clase Individual,Reformer,Reformer,0,No,Polanco,405
2023-02-23,Regina Díaz,Fitpass,Cadillac,Cadillac,0,Sí,Condesa,230
2023-02-23,Laura Gómez,Fitpass,Cadillac,Cadillac,0,Sí,Condesa,229
2023-02-23,Gabriela Mendoza,Clase Individual,Reformer,Reformer,0,No,Condesa,464
2023-02-23,Daniela Hernández,Paquete,Reformer,Reformer,12,No,Roma,4533
2023-02-23,Claudia García,Paquete,Cadillac,Cadillac,12,No,Roma,4425
2023-02-23,Claudia Hernández,Fitpass,Reformer,Reformer,0,Sí,Polanco,194
2023-02-23,Carolina López,Paquete,Reformer,Reformer,12,No,Condesa,4128
2023-02-23,Mateo Cruz,Fitpass,Cadillac,Cadillac,0,Sí,Polanco,216
2023-02-23,Diego García,Paquete,Mat Pilates,Ninguno,24,No,Roma,8764
2023-02-23,Claudia González,Clase Individual,Reformer,Reformer,0,No,Polanco,501
2023-02-23,Regina Vázquez,Clase Individual,Cadillac,Cadillac,0,No,Condesa,439
2023-02-23,Natalia Cruz,Fitpass,Reformer,Reformer,0,Sí,Roma,221
2023-02-23,Laura Jiménez,Paquete,Reformer,Reformer,12,No,Polanco,4532
2023-02-24,Natalia García,Paquete,Chair,Chair,12,No,Roma,4189
2023-02-24,Alejandro Hernández,Fitpass,Cadillac,Cadillac,0,Sí,Polanco,207
2023-02-24,Claudia Pérez,Fitpass,Chair,Chair,0,Sí,Roma,200
2023-02-24,Fernando Díaz,Paquete,Reformer,Reformer,12,No,Condesa,4428
2023-02-24,Natalia Mendoza,Fitpass,Cadillac,Cadillac,0,Sí,Condesa,183
2023-02-24,Fernanda Rodríguez,Paquete,Reformer,Reformer,8,No,Condesa,2977
2023-02-24,Rodrigo Díaz,Paquete,Reformer,Reformer,12,No,Polanco,4662
2023-02-24,Claudia García,Paquete,Reformer,Reformer,8,No,Condesa,3045
2023-02-24,Sofía Reyes,Fitpass,Mat Pilates,Ninguno,0,Sí,Condesa,191
2023-02-24,Rodrigo Gutiérrez,Paquete,Mat Pilates,Ninguno,8,No,Condesa,3193
2023-02-24,María Rodríguez,Clase Individual,Reformer,Reformer,0,No,Polanco,383
2023-02-25,Lucía Torres,Fitpass,Reformer,Reformer,0,Sí,Roma,236
2023-02-25,Fernanda López,Fitpass,Cadillac,Cadillac,0,Sí,Condesa,185
2023-02-25,Mateo Pérez,Clase Individual,Reformer,Reformer,0,No,Condesa,519
2023-02-25,Lucía García,Fitpass,Reformer,Reformer,0,Sí,Polanco,180
2023-02-25,Camila Torres,Paquete,Mat Pilates,Ninguno,8,No,Polanco,3087
2023-02-26,Carlos Vázquez,Fitpass,Mat Pilates,Ninguno,0,Sí,Roma,231
2023-02-26,Sofía López,Paquete,Reformer,Reformer,12,No,Roma,4424
2023-02-26,Javier González,Fitpass,Reformer,Reformer,0,Sí,Polanco,231
2023-02-26,Gabriela Hernández,Fitpass,Reformer,Reformer,0,Sí,Roma,207
2023-02-26,Ximena Hernández,Clase Individual,Reformer,Reformer,0,No,Condesa,383
2023-02-26,Paula Martínez,Fitpass,Mat Pilates,Ninguno,0,Sí,Roma,184
2023-02-26,Fernando Torres,Fitpass,Reformer,Reformer,0,Sí,Polanco,216
2023-02-26,Paula Gómez,Paquete,Reformer,Reformer,8,No,Polanco,3217
2023-02-26,Santiago Reyes,Fitpass,Mat Pilates,Ninguno,0,Sí,Condesa,205
2023-02-26,Gabriela Jiménez,Paquete,Reformer,Reformer,12,No,Roma,4330
2023-02-26,Camila Gómez,Fitpass,Reformer,Reformer,0,Sí,Condesa,214
2023-02-26,Valeria Pérez,Paquete,Chair,Chair,12,No,Condesa,4345
2023-02-27,Claudia Jiménez,Fitpass,Mat Pilates,Ninguno,0,Sí,Roma,200
2023-02-27,Rodrigo García,Paquete,Mat Pilates,Ninguno,12,No,Condesa,4443
2023-02-27,Valeria Morales,Paquete,Reformer,Reformer,8,No,Roma,3152
2023-02-27,Valeria Vázquez,Fitpass,Reformer,Reformer,0,Sí,Condesa,216
2023-02-27,Laura Hernández,Clase Individual,Reformer,Reformer,0,No,Roma,472
2023-02-27,Lucía Sánchez,Fitpass,Mat Pilates,Ninguno,0,Sí,Polanco,181
2023-02-27,Ana Flores,Paquete,Chair,Chair,8,No,Condesa,3288
2023-02-27,Laura Hernández,Paquete,Chair,Chair,8,No,Roma,3250
2023-02-27,Ximena Hernández,Fitpass,Chair,Chair,0,Sí,Condesa,197
2023-02-27,Mariana Pérez,Clase Individual,Reformer,Reformer,0,No,Roma,395
2023-02-27,Rodrigo Reyes,Fitpass,Mat Pilates,Ninguno,0,Sí,Polanco,186
2023-02-27,Rodrigo González,Paquete,Mat Pilates,Ninguno,8,No,Polanco,3191
2023-02-27,Laura Reyes,Fitpass,Cadillac,Cadillac,0,Sí,Condesa,209
2023-02-28,Daniela Hernández,Paquete,Reformer,Reformer,12,No,Roma,4538
2023-02-28,Paula Vázquez,Fitpass,Reformer,Reformer,0,Sí,Roma,205
2023-02-28,Carolina Rodríguez,Paquete,Reformer,Reformer,8,No,Polanco,2914
2023-02-28,Javier Vázquez,Paquete,Reformer,Reformer,24,No,Condesa,8593
2023-02-28,Gabriela Martínez,Clase Individual,Mat Pilates,Ninguno,0,No,Roma,417
2023-02-28,Andrea Martínez,Fitpass,Chair,Chair,0,Sí,Condesa,221
2023-02-28,Regina Torres,Fitpass,Chair,Chair,0,Sí,Roma,238
2023-02-28,Carlos Díaz,Paquete,Reformer,Reformer,24,No,Condesa,8538
2023-02-28,Ximena Martínez,Paquete,Reformer,Reformer,12,No,Polanco,4225
2023-02-28,Regina Rodríguez,Paquete,Reformer,Reformer,12,No,Condesa,4520
2023-02-28,Gabriela Gómez,Paquete,Reformer,Reformer,12,No,Polanco,4206
2023-02-28,Laura Ramírez,Paquete,Cadillac,Cadillac,24,No,Roma,8208
2023-02-28,Carolina Mendoza,Paquete,Mat Pilates,Ninguno,24,No,Polanco,8593
2023-02-28,María Morales,Fitpass,Reformer,Reformer,0,Sí,Condesa,237
2023-03-01,Natalia Ramírez,Fitpass,Chair,Chair,0,Sí,Condesa,220
2023-03-01,Regina López,Paquete,Reformer,Reformer,12,No,Condesa,4666
2023-03-01,Luis Hernández,Fitpass,Reformer,Reformer,0,Sí,Roma,219
2023-03-01,Carolina Torres,Fitpass,Mat Pilates,Ninguno,0,Sí,Polanco,239
2023-03-01,Sofía García,Fitpass,Reformer,Reformer,0,Sí,Roma,229
2023-03-01,Paula Torres,Clase Individual,Mat Pilates,Ninguno,0,No,Polanco,436
2023-03-01,Daniela Martínez,Fitpass,Reformer,Reformer,0,Sí,Condesa,238
2023-03-01,Victoria Mendoza,Clase Individual,Mat Pilates,Ninguno,0,No,Condesa,450
2023-03-01,Carlos Díaz,Paquete,Reformer,Reformer,8,No,Condesa,3094
2023-03-01,Natalia Díaz,Clase Individual,Cadillac,Cadillac,0,No,Condesa,423
2023-03-01,Valeria Sánchez,Fitpass,Chair,Chair,0,Sí,Polanco,188
2023-03-02,Ximena Flores,Fitpass,Cadillac,Cadillac,0,Sí,Condesa,191
2023-03-02,Miguel Rodríguez,Paquete,Reformer,Reformer,12,No,Condesa,4671
2023-03-02,Lucía Sánchez,Fitpass,Cadillac,Cadillac,0,Sí,Polanco,205
2023-03-02,Sofía Rodríguez,Fitpass,Cadillac,Cadillac,0,Sí,Polanco,235
2023-03-02,Fernanda Cruz,Fitpass,Reformer,Reformer,0,Sí,Condesa,230
2023-03-02,Valeria Mendoza,Clase Individual,Mat Pilates,Ninguno,0,No,Roma,448
2023-03-02,Laura Gómez,Fitpass,Chair,Chair,0,Sí,Roma,221
2023-03-02,Carlos López,Paquete,Chair,Chair,8,No,Condesa,2980
2023-03-02,Santiago Jiménez,Paquete,Reformer,Reformer,12,No,Roma,4337
2023-03-02,Fernando Sánchez,Paquete,Reformer,Reformer,8,No,Polanco,3197
2023-03-03,Sofía Pérez,Paquete,Mat Pilates,Ninguno,8,No,Polanco,3032
2023-03-03,Lucía Martínez,Paquete,Reformer,Reformer,12,No,Polanco,4638
2023-03-03,Sofía Rodríguez,Fitpass,Mat Pilates,Ninguno,0,Sí,Roma,240
2023-03-03,Carolina Morales,Fitpass,Reformer,Reformer,0,Sí,Polanco,200
2023-03-03,Mateo Díaz,Paquete,Cadillac,Cadillac,8,No,Polanco,2923
2023-03-03,Fernando Jiménez,Paquete,Reformer,Reformer,24,No,Roma,8740
2023-03-03,Sofía Morales,Fitpass,Chair,Chair,0,Sí,Roma,182
2023-03-04,Daniela Flores,Fitpass,Reformer,Reformer,0,Sí,Condesa,188
2023-03-04,Fernando González,Clase Individual,Reformer,Reformer,0,No,Condesa,502
2023-03-04,Valeria Vázquez,Paquete,Reformer,Reformer,8,No,Condesa,2999
2023-03-04,Santiago Martínez,Fitpass,Reformer,Reformer,0,Sí,Polanco,196
2023-03-04,Natalia Díaz,Fitpass,Reformer,Reformer,0,Sí,Roma,209
2023-03-04,Ximena Flores,Paquete,Chair,Chair,12,No,Polanco,4650
2023-03-04,Victoria Jiménez,Paquete,Mat Pilates,Ninguno,8,No,Condesa,2996
2023-03-04,Victoria Pérez,Paquete,Chair,Chair,12,No,Polanco,4675
2023-03-04,Mateo Díaz,Fitpass,Cadillac,Cadillac,0,Sí,Roma,239
2023-03-04,Santiago Mendoza,Paquete,Reformer,Reformer,12,No,Condesa,4408
2023-03-04,Ximena Ramírez,Paquete,Reformer,Reformer,12,No,Condesa,4146
2023-03-04,Fernanda González,Paquete,Chair,Chair,12,No,Polanco,4380
2023-03-04,María García,Fitpass,Cadillac,Cadillac,0,Sí,Polanco,215
2023-03-04,Paula Reyes,Paquete,Reformer,Reformer,8,No,Roma,2909
2023-03-04,Valeria Cruz,Fitpass,Reformer,Reformer,0,Sí,Condesa,230
2023-03-04,Alejandro Martínez,Paquete,Cadillac,Cadillac,24,No,Roma,8480
2023-03-04,Carlos Gómez,Clase Individual,Mat Pilates,Ninguno,0,No,Polanco,436
2023-03-05,Valeria Cruz,Fitpass,Cadillac,Cadillac,0,Sí,Polanco,231
2023-03-05,Regina Morales,Paquete,Chair,Chair,12,No,Polanco,4482
2023-03-05,Daniela Pérez,Paquete,Reformer,Reformer,8,No,Condesa,3213
2023-03-05,Victoria Gutiérrez,Clase Individual,Chair,Chair,0,No,Polanco,480
2023-03-05,Victoria Flores,Paquete,Reformer,Reformer,12,No,Roma,4176
2023-03-05,Javier González,Clase Individual,Reformer,Reformer,0,No,Roma,400
2023-03-05,Daniela Hernández,Paquete,Reformer,Reformer,8,No,Roma,2991
2023-03-05,Renata Torres,Paquete,Chair,Chair,24,No,Polanco,8798
2023-03-05,Santiago López,Paquete,Chair,Chair,8,No,Condesa,2992
2023-03-05,Rodrigo Morales,Clase Individual,Chair,Chair,0,No,Roma,462
2023-03-05,Luis Cruz,Fitpass,Cadillac,Cadillac,0,Sí,Condesa,185
2023-03-05,Paula Ramírez,Paquete,Reformer,Reformer,8,No,Roma,2968
2023-03-06,Sofía Torres,Paquete,Mat Pilates,Ninguno,8,No,Polanco,2902
2023-03-06,Ana Gutiérrez,Paquete,Reformer,Reformer,8,No,Roma,3274
2023-03-06,Carolina Gómez,Clase Individual,Mat Pilates,Ninguno,0,No,Condesa,412
2023-03-06,Alejandro Vázquez,Fitpass,Chair,Chair,0,Sí,Condesa,209
2023-03-06,Javier García,Paquete,Cadillac,Cadillac,8,No,Condesa,2960
2023-03-06,Carlos Pérez,Paquete,Reformer,Reformer,8,No,Condesa,3150
2023-03-06,Paula Gómez,Clase Individual,Reformer,Reformer,0,No,Roma,438
2023-03-06,Rodrigo Morales,Fitpass,Reformer,Reformer,0,Sí,Roma,238
2023-03-06,Javier Hernández,Paquete,Reformer,Reformer,8,No,Roma,2902
2023-03-06,Ana Flores,Fitpass,Cadillac,Cadillac,0,Sí,Roma,215
2023-03-06,Victoria Gutiérrez,Fitpass,Chair,Chair,0,Sí,Roma,221
2023-03-06,Paula Gutiérrez,Paquete,Reformer,Reformer,12,No,Polanco,4222
2023-03-07,Mateo Sánchez,Paquete,Cadillac,Cadillac,12,No,Roma,4481
2023-03-07,Daniela González,Fitpass,Reformer,Reformer,0,Sí,Polanco,203
2023-03-07,Alejandro López,Paquete,Reformer,Reformer,12,No,Condesa,4178
2023-03-07,Lucía Morales,Fitpass,Mat Pilates,Ninguno,0,Sí,Condesa,225
2023-03-07,Luis Jiménez,Fitpass,Reformer,Reformer,0,Sí,Condesa,195
2023-03-07,Camila Pérez,Paquete,Chair,Chair,24,No,Condesa,8541
2023-03-07,Fernanda Jiménez,Fitpass,Reformer,Reformer,0,Sí,Condesa,240
2023-03-07,Sofía Reyes,Paquete,Chair,Chair,24,No,Roma,8238
2023-03-07,Carolina López,Paquete,Mat Pilates,Ninguno,12,No,Condesa,4402
2023-03-07,Javier González,Fitpass,Reformer,Reformer,0,Sí,Roma,213
2023-03-07,Fernando Flores,Paquete,Reformer,Reformer,8,No,Roma,3106
2023-03-07,Lucía Hernández,Clase Individual,Reformer,Reformer,0,No,Roma,509
2023-03-07,Lucía Vázquez,Paquete,Cadillac,Cadillac,8,No,Condesa,3271
2023-03-08,Miguel Sánchez,Fitpass,Reformer,Reformer,0,Sí,Roma,186
2023-03-08,Gabriela Vázquez,Fitpass,Cadillac,Cadillac,0,Sí,Condesa,232
2023-03-08,Paula Cruz,Fitpass,Mat Pilates,Ninguno,0,Sí,Roma,219
2023-03-08,Camila Martínez,Fitpass,Reformer,Reformer,0,Sí,Polanco,230
2023-03-08,Lucía Ramírez,Fitpass,Cadillac,Cadillac,0,Sí,Condesa,230
2023-03-08,Victoria Pérez,Paquete,Cadillac,Cadillac,12,No,Polanco,4298
2023-03-08,Santiago Torres,Paquete,Reformer,Reformer,24,No,Roma,8431
2023-03-08,Camila González,Fitpass,Cadillac,Cadillac,0,Sí,Roma,227
2023-03-08,Fernando Reyes,Clase Individual,Cadillac,Cadillac,0,No,Roma,402
2023-03-08,Alejandro Gómez,Paquete,Reformer,Reformer,8,No,Roma,3214
2023-03-09,Miguel Torres,Paquete,Chair,Chair,12,No,Polanco,4240
2023-03-09,Mariana Ramírez,Fitpass,Cadillac,Cadillac,0,Sí,Roma,204
2023-03-09,Carolina Díaz,Fitpass,Reformer,Reformer,0,Sí,Roma,183
2023-03-09,Paula Torres,Paquete,Chair,Chair,12,No,Condesa,4310
2023-03-09,Diego Reyes,Paquete,Chair,Chair,12,No,Polanco,4299
2023-03-09,Carolina Hernández,Clase Individual,Chair,Chair,0,No,Roma,381
2023-03-09,Luis Cruz,Clase Individual,Chair,Chair,0,No,Roma,424
2023-03-09,Santiago Morales,Fitpass,Chair,Chair,0,Sí,Polanco,204
2023-03-09,Javier Vázquez,Fitpass,Chair,Chair,0,Sí,Condesa,218
2023-03-09,Camila Flores,Fitpass,Chair,Chair,0,Sí,Polanco,234
2023-03-09,Carlos Martínez,Paquete,Reformer,Reformer,8,No,Roma,3296
2023-03-09,Victoria Martínez,Clase Individual,Reformer,Reformer,0,No,Polanco,445
2023-03-09,Ximena Flores,Paquete,Chair,Chair,8,No,Polanco,3075
2023-03-10,Luis Cruz,Paquete,Cadillac,Cadillac,12,No,Condesa,4581
2023-03-10,Carolina Vázquez,Paquete,Mat Pilates,Ninguno,8,No,Roma,3216
2023-03-10,Natalia Torres,Paquete,Mat Pilates,Ninguno,8,No,Roma,2906
2023-03-10,Victoria Sánchez,Paquete,Reformer,Reformer,8,No,Polanco,3109
2023-03-10,Fernando García,Clase Individual,Chair,Chair,0,No,Roma,510
2023-03-10,Regina García,Paquete,Reformer,Reformer,12,No,Roma,4421
2023-03-10,Victoria Rodríguez,Paquete,Reformer,Reformer,8,No,Condesa,2989
2023-03-10,Camila Martínez,Fitpass,Mat Pilates,Ninguno,0,Sí,Condesa,223
2023-03-10,Diego Gómez,Clase Individual,Reformer,Reformer,0,No,Roma,399
2023-03-11,Fernando Torres,Fitpass,Reformer,Reformer,0,Sí,Condesa,219
2023-03-11,Mateo Pérez,Fitpass,Reformer,Reformer,0,Sí,Polanco,209
2023-03-11,Gabriela Gutiérrez,Fitpass,Cadillac,Cadillac,0,Sí,Polanco,228
2023-03-11,Mateo González,Fitpass,Chair,Chair,0,Sí,Condesa,197
2023-03-11,Diego Martínez,Paquete,Reformer,Reformer,24,No,Polanco,8082
2023-03-11,Renata Gutiérrez,Clase Individual,Reformer,Reformer,0,No,Condesa,488
2023-03-11,Ximena Vázquez,Fitpass,Chair,Chair,0,Sí,Roma,189
2023-03-11,Daniela Sánchez,Paquete,Reformer,Reformer,8,No,Roma,2968
2023-03-11,Carolina López,Paquete,Chair,Chair,12,No,Condesa,4374
2023-03-11,Ximena Vázquez,Paquete,Mat Pilates,Ninguno,12,No,Polanco,4568
2023-03-12,Camila Reyes,Paquete,Cadillac,Cadillac,12,No,Roma,4689
2023-03-12,Luis Mendoza,Clase Individual,Reformer,Reformer,0,No,Condesa,478
2023-03-12,Fernanda Gutiérrez,Paquete,Cadillac,Cadillac,12,No,Condesa,4556
2023-03-12,Luis Vázquez,Paquete,Reformer,Reformer,8,No,Roma,3020
2023-03-12,Paula Díaz,Clase Individual,Reformer,Reformer,0,No,Roma,422
2023-03-12,Claudia Jiménez,Fitpass,Reformer,Reformer,0,Sí,Polanco,221
2023-03-12,Mariana Rodríguez,Fitpass,Reformer,Reformer,0,Sí,Roma,209
2023-03-12,Daniela Ramírez,Paquete,Reformer,Reformer,8,No,Condesa,2939
2023-03-12,Daniela González,Paquete,Mat Pilates,Ninguno,12,No,Condesa,4494
2023-03-12,Fernanda Vázquez,Fitpass,Reformer,Reformer,0,Sí,Condesa,208
2023-03-13,Camila Mendoza,Paquete,Chair,Chair,12,No,Condesa,4137
2023-03-13,Mariana Hernández,Fitpass,Reformer,Reformer,0,Sí,Polanco,198
2023-03-13,Natalia García,Paquete,Reformer,Reformer,12,No,Condesa,4216
2023-03-13,Daniela Ramírez,Fitpass,Chair,Chair,0,Sí,Condesa,180
2023-03-13,Rodrigo Morales,Fitpass,Chair,Chair,0,Sí,Roma,215
2023-03-13,Renata González,Paquete,Mat Pilates,Ninguno,12,No,Condesa,4397
2023-03-13,Daniela Flores,Fitpass,Reformer,Reformer,0,Sí,Polanco,236
2023-03-13,Claudia González,Fitpass,Reformer,Reformer,0,Sí,Condesa,230
2023-03-13,Regina Ramírez,Fitpass,Chair,Chair,0,Sí,Condesa,222
2023-03-13,Laura Jiménez,Paquete,Reformer,Reformer,8,No,Roma,3131
2023-03-13,María García,Paquete,Chair,Chair,12,No,Condesa,4180
2023-03-13,Camila González,Fitpass,Reformer,Reformer,0,Sí,Polanco,215
2023-03-13,Claudia Pérez,Fitpass,Reformer,Reformer,0,Sí,Roma,231
2023-03-13,Ximena García,Fitpass,Reformer,Reformer,0,Sí,Condesa,188
2023-03-14,Rodrigo López,Fitpass,Chair,Chair,0,Sí,Polanco,180
2023-03-14,Alejandro Hernández,Clase Individual,Cadillac,Cadillac,0,No,Roma,446
2023-03-14,Laura Martínez,Fitpass,Reformer,Reformer,0,Sí,Condesa,182
2023-03-14,Laura Gutiérrez,Paquete,Reformer,Reformer,8,No,Condesa,3033
2023-03-14,Claudia García,Paquete,Chair,Chair,12,No,Condesa,4623
2023-03-14,Ximena García,Clase Individual,Reformer,Reformer,0,No,Polanco,513
2023-03-14,Mariana Rodríguez,Fitpass,Reformer,Reformer,0,Sí,Condesa,205
2023-03-14,Alejandro Reyes,Fitpass,Reformer,Reformer,0,Sí,Roma,215
2023-03-14,Camila Flores,Clase Individual,Cadillac,Cadillac,0,No,Condesa,517
2023-03-14,Santiago López,Clase Individual,Reformer,Reformer,0,No,Condesa,410
2023-03-14,Ximena García,Paquete,Reformer,Reformer,24,No,Polanco,8393
2023-03-15,Mateo González,Paquete,Chair,Chair,12,No,Polanco,4349
2023-03-15,Fernanda Cruz,Fitpass,Chair,Chair,0,Sí,Roma,222
2023-03-15,Fernando Flores,Fitpass,Reformer,Reformer,0,Sí,Condesa,212
2023-03-15,Ana Cruz,Fitpass,Reformer,Reformer,0,Sí,Polanco,198
2023-03-15,Carlos Reyes,Clase Individual,Mat Pilates,Ninguno,0,No,Roma,417
2023-03-15,María García,Paquete,Cadillac,Cadillac,8,No,Polanco,3033
2023-03-15,Mateo Gómez,Fitpass,Cadillac,Cadillac,0,Sí,Roma,213
2023-03-15,Claudia Sánchez,Fitpass,Cadillac,Cadillac,0,Sí,Roma,229
2023-03-15,Alejandro Reyes,Paquete,Reformer,Reformer,12,No,Condesa,4558
2023-03-15,Carolina Torres,Paquete,Chair,Chair,8,No,Condesa,3217
2023-03-16,Santiago Pérez,Paquete,Reformer,Reformer,12,No,Condesa,4466
2023-03-16,Regina Hernández,Paquete,Chair,Chair,24,No,Condesa,8583
2023-03-16,Daniela Gutiérrez,Paquete,Reformer,Reformer,12,No,Roma,4519
2023-03-16,Santiago Rodríguez,Fitpass,Reformer,Reformer,0,Sí,Polanco,236
2023-03-16,Carolina Ramírez,Fitpass,Chair,Chair,0,Sí,Roma,194
2023-03-16,Ximena Morales,Fitpass,Cadillac,Cadillac,0,Sí,Roma,229
2023-03-16,Mariana Ramírez,Paquete,Reformer,Reformer,8,No,Roma,3083
2023-03-16,Andrea Cruz,Fitpass,Reformer,Reformer,0,Sí,Polanco,221
2023-03-16,Gabriela Gómez,Clase Individual,Reformer,Reformer,0,No,Polanco,441
2023-03-16,Diego Vázquez,Paquete,Reformer,Reformer,8,No,Roma,3231
2023-03-16,Valeria Pérez,Paquete,Reformer,Reformer,12,No,Condesa,4688
2023-03-16,Javier Hernández,Fitpass,Reformer,Reformer,0,Sí,Polanco,237
2023-03-16,Diego Sánchez,Paquete,Reformer,Reformer,8,No,Condesa,3087
2023-03-16,Javier Flores,Fitpass,Reformer,Reformer,0,Sí,Condesa,236
2023-03-17,Carlos Reyes,Fitpass,Mat Pilates,Ninguno,0,Sí,Roma,214
2023-03-17,Sofía Reyes,Paquete,Reformer,Reformer,8,No,Roma,2948
2023-03-17,Daniela López,Fitpass,Reformer,Reformer,0,Sí,Roma,190
2023-03-17,Carlos Morales,Paquete,Reformer,Reformer,12,No,Roma,4490
2023-03-17,Rodrigo Sánchez,Fitpass,Cadillac,Cadillac,0,Sí,Polanco,182
2023-03-17,Fernando Pérez,Paquete,Reformer,Reformer,24,No,Condesa,8230
2023-03-17,Camila Reyes,Fitpass,Chair,Chair,0,Sí,Condesa,184
2023-03-17,Mariana Díaz,Fitpass,Mat Pilates,Ninguno,0,Sí,Condesa,238
2023-03-17,Luis Gutiérrez,Fitpass,Chair,Chair,0,Sí,Roma,189
2023-03-17,Carolina García,Clase Individual,Chair,Chair,0,No,Condesa,417
2023-03-17,Regina Morales,Fitpass,Reformer,Reformer,0,Sí,Condesa,235
2023-03-17,Laura Vázquez,Paquete,Reformer,Reformer,12,No,Roma,4671
2023-03-17,Miguel Cruz,Paquete,Reformer,Reformer,8,No,Roma,3188
2023-03-17,Victoria Hernández,Paquete,Reformer,Reformer,8,No,Condesa,3285
2023-03-17,Ana Martínez,Fitpass,Reformer,Reformer,0,Sí,Roma,218
2023-03-17,Alejandro Gómez,Fitpass,Cadillac,Cadillac,0,Sí,Roma,211
2023-03-18,Fernando Vázquez,Paquete,Reformer,Reformer,24,No,Polanco,8100
2023-03-18,Lucía Morales,Paquete,Reformer,Reformer,12,No,Roma,4114
2023-03-18,Santiago Gómez,Clase Individual,Reformer,Reformer,0,No,Polanco,503
2023-03-18,Valeria Vázquez,Paquete,Chair,Chair,8,No,Roma,3186
2023-03-18,Victoria Reyes,Fitpass,Reformer,Reformer,0,Sí,Condesa,214
2023-03-18,Camila Ramírez,Paquete,Reformer,Reformer,24,No,Roma,8212
2023-03-18,Rodrigo Gutiérrez,Paquete,Reformer,Reformer,12,No,Polanco,4411
2023-03-18,Camila Rodríguez,Paquete,Reformer,Reformer,12,No,Polanco,4298
2023-03-18,Renata Cruz,Fitpass,Reformer,Reformer,0,Sí,Condesa,208
2023-03-18,Regina Pérez,Paquete,Reformer,Reformer,8,No,Condesa,3007
2023-03-18,Regina Pérez,Paquete,Reformer,Reformer,8,No,Condesa,3216
2023-03-19,Fernanda Gómez,Clase Individual,Reformer,Reformer,0,No,Condesa,507
2023-03-19,Carolina Martínez,Clase Individual,Reformer,Reformer,0,No,Condesa,381
2023-03-19,Carlos Mendoza,Fitpass,Mat Pilates,Ninguno,0,Sí,Condesa,200
2023-03-19,Santiago Gómez,Paquete,Reformer,Reformer,8,No,Roma,3287
2023-03-19,Carlos Torres,Fitpass,Reformer,Reformer,0,Sí,Roma,219
2023-03-19,Paula Cruz,Clase Individual,Chair,Chair,0,No,Condesa,428
2023-03-19,Mateo García,Fitpass,Reformer,Reformer,0,Sí,Roma,204
2023-03-20,Fernanda Hernández,Paquete,Chair,Chair,12,No,Roma,4408
2023-03-20,Daniela Sánchez,Paquete,Reformer,Reformer,12,No,Polanco,4513
2023-03-20,Andrea Jiménez,Paquete,Cadillac,Cadillac,12,No,Polanco,4153
2023-03-20,Paula Torres,Paquete,Reformer,Reformer,8,No,Polanco,3086
2023-03-20,Claudia Ramírez,Fitpass,Reformer,Reformer,0,Sí,Roma,239
2023-03-20,Regina Torres,Paquete,Reformer,Reformer,8,No,Condesa,3103
2023-03-20,Claudia Pérez,Fitpass,Reformer,Reformer,0,Sí,Condesa,225
2023-03-20,Natalia Morales,Paquete,Cadillac,Cadillac,8,No,Polanco,3234
2023-03-20,Andrea Morales,Clase Individual,Cadillac,Cadillac,0,No,Roma,389
2023-03-21,Camila Pérez,Paquete,Chair,Chair,12,No,Polanco,4390
2023-03-21,Santiago Gutiérrez,Clase Individual,Reformer,Reformer,0,No,Roma,417
2023-03-21,Regina Vázquez,Fitpass,Cadillac,Cadillac,0,Sí,Polanco,191
2023-03-21,Alejandro Rodríguez,Fitpass,Reformer,Reformer,0,Sí,Roma,192
2023-03-21,Ana Vázquez,Clase Individual,Reformer,Reformer,0,No,Condesa,468
2023-03-21,María Reyes,Paquete,Reformer,Reformer,24,No,Condesa,8492
2023-03-21,Regina Cruz,Clase Individual,Chair,Chair,0,No,Polanco,451
2023-03-21,Fernanda Flores,Fitpass,Chair,Chair,0,Sí,Roma,203
2023-03-21,Lucía Reyes,Fitpass,Reformer,Reformer,0,Sí,Condesa,194
2023-03-21,Javier Hernández,Clase Individual,Reformer,Reformer,0,No,Condesa,514
2023-03-21,Regina González,Paquete,Reformer,Reformer,8,No,Condesa,2963
2023-03-21,Diego Díaz,Fitpass,Chair,Chair,0,Sí,Polanco,198
2023-03-22,Laura García,Fitpass,Cadillac,Cadillac,0,Sí,Polanco,201
2023-03-22,Javier Hernández,Paquete,Reformer,Reformer,8,No,Polanco,2927
2023-03-22,Sofía González,Paquete,Reformer,Reformer,8,No,Polanco,3250
2023-03-22,Mateo Pérez,Clase Individual,Reformer,Reformer,0,No,Condesa,410
2023-03-22,Regina Gómez,Clase Individual,Cadillac,Cadillac,0,No,Condesa,477
2023-03-22,Rodrigo González,Fitpass,Reformer,Reformer,0,Sí,Roma,230
2023-03-22,Daniela González,Fitpass,Reformer,Reformer,0,Sí,Polanco,180
2023-03-22,Paula Díaz,Fitpass,Cadillac,Cadillac,0,Sí,Condesa,200
2023-03-22,Regina Díaz,Fitpass,Chair,Chair,0,Sí,Condesa,192
2023-03-22,Mariana Díaz,Clase Individual,Chair,Chair,0,No,Condesa,395
2023-03-22,Diego Jiménez,Fitpass,Reformer,Reformer,0,Sí,Condesa,221
2023-03-22,Lucía Flores,Paquete,Chair,Chair,24,No,Polanco,8056
2023-03-22,Fernando Flores,Paquete,Reformer,Reformer,8,No,Condesa,2971
2023-03-22,Natalia Martínez,Paquete,Chair,Chair,8,No,Roma,3086
2023-03-23,Lucía Martínez,Fitpass,Reformer,Reformer,0,Sí,Roma,228
2023-03-23,Paula López,Fitpass,Reformer,Reformer,0,Sí,Polanco,198
2023-03-23,Regina López,Fitpass,Mat Pilates,Ninguno,0,Sí,Polanco,240
2023-03-23,Gabriela Gómez,Paquete,Reformer,Reformer,24,No,Roma,8547
2023-03-23,María Díaz,Fitpass,Reformer,Reformer,0,Sí,Condesa,224
2023-03-23,Ximena Gómez,Paquete,Cadillac,Cadillac,8,No,Roma,3237
2023-03-23,Ximena Torres,Fitpass,Reformer,Reformer,0,Sí,Roma,217
2023-03-23,Natalia Reyes,Paquete,Reformer,Reformer,8,No,Roma,3173
2023-03-23,Gabriela Sánchez,Clase Individual,Reformer,Reformer,0,No,Polanco,510
2023-03-23,Carolina Torres,Clase Individual,Cadillac,Cadillac,0,No,Condesa,398
2023-03-23,Alejandro Gómez,Clase Individual,Chair,Chair,0,No,Roma,508
2023-03-23,Camila Martínez,Paquete,Mat Pilates,Ninguno,8,No,Condesa,3054
2023-03-23,Lucía Pérez,Clase Individual,Reformer,Reformer,0,No,Polanco,436
2023-03-23,Paula Vázquez,Paquete,Chair,Chair,8,No,Condesa,3187
2023-03-24,Renata Reyes,Fitpass,Reformer,Reformer,0,Sí,Polanco,230
2023-03-24,Victoria Díaz,Paquete,Reformer,Reformer,12,No,Condesa,4402
2023-03-24,Lucía Sánchez,Clase Individual,Cadillac,Cadillac,0,No,Polanco,445
2023-03-24,Daniela Jiménez,Clase Individual,Reformer,Reformer,0,No,Roma,409
2023-03-24,Natalia López,Fitpass,Reformer,Reformer,0,Sí,Condesa,236
2023-03-24,Fernanda González,Clase Individual,Reformer,Reformer,0,No,Roma,403
2023-03-24,Diego Martínez,Paquete,Cadillac,Cadillac,8,No,Roma,3159
2023-03-24,Alejandro Vázquez,Fitpass,Chair,Chair,0,Sí,Roma,210
2023-03-24,Ana Pérez,Fitpass,Reformer,Reformer,0,Sí,Roma,202
2023-03-24,Camila Martínez,Clase Individual,Reformer,Reformer,0,No,Roma,497
2023-03-24,Carlos Gómez,Paquete,Reformer,Reformer,12,No,Polanco,4672
2023-03-24,Claudia Morales,Fitpass,Reformer,Reformer,0,Sí,Roma,201
2023-03-24,Diego Jiménez,Paquete,Mat Pilates,Ninguno,8,No,Condesa,3192
2023-03-25,Carolina López,Paquete,Cadillac,Cadillac,12,No,Roma,4233
2023-03-25,Luis Hernández,Paquete,Cadillac,Cadillac,8,No,Polanco,3189
2023-03-25,Fernando Hernández,Fitpass,Chair,Chair,0,Sí,Roma,230
2023-03-25,Carolina Morales,Fitpass,Mat Pilates,Ninguno,0,Sí,Roma,182
2023-03-25,Camila González,Clase Individual,Reformer,Reformer,0,No,Condesa,453
2023-03-25,Camila Sánchez,Clase Individual,Chair,Chair,0,No,Condesa,465
2023-03-25,María Cruz,Paquete,Reformer,Reformer,8,No,Roma,2942
2023-03-25,Fernando Jiménez,Fitpass,Chair,Chair,0,Sí,Polanco,205
2023-03-25,Carlos Pérez,Clase Individual,Cadillac,Cadillac,0,No,Roma,514
2023-03-25,Ana Gómez,Fitpass,Cadillac,Cadillac,0,Sí,Condesa,220
2023-03-25,Fernando Mendoza,Fitpass,Cadillac,Cadillac,0,Sí,Roma,222
2023-03-25,Daniela Sánchez,Paquete,Reformer,Reformer,8,No,Polanco,2936
2023-03-26,Carolina García,Fitpass,Reformer,Reformer,0,Sí,Polanco,218
2023-03-26,Fernanda García,Fitpass,Reformer,Reformer,0,Sí,Polanco,220
2023-03-26,Daniela Gómez,Paquete,Mat Pilates,Ninguno,12,No,Condesa,4232
2023-03-26,Victoria Flores,Paquete,Reformer,Reformer,8,No,Roma,3141
2023-03-26,Claudia Rodríguez,Fitpass,Reformer,Reformer,0,Sí,Roma,227
2023-03-26,Ximena Flores,Clase Individual,Reformer,Reformer,0,No,Condesa,395
2023-03-26,Carolina Mendoza,Clase Individual,Mat Pilates,Ninguno,0,No,Roma,511
2023-03-26,Lucía López,Fitpass,Chair,Chair,0,Sí,Polanco,214
2023-03-26,Rodrigo Torres,Paquete,Chair,Chair,8,No,Condesa,3095
2023-03-26,Andrea Jiménez,Fitpass,Cadillac,Cadillac,0,Sí,Condesa,222
2023-03-27,Mariana Mendoza,Clase Individual,Reformer,Reformer,0,No,Condesa,409
2023-03-27,Claudia Martínez,Paquete,Mat Pilates,Ninguno,12,No,Polanco,4696
2023-03-27,Luis Vázquez,Clase Individual,Mat Pilates,Ninguno,0,No,Roma,462
2023-03-27,Carolina Jiménez,Fitpass,Reformer,Reformer,0,Sí,Condesa,198
2023-03-27,Diego Pérez,Fitpass,Chair,Chair,0,Sí,Roma,225
2023-03-27,Paula Díaz,Paquete,Cadillac,Cadillac,8,No,Roma,3279
2023-03-27,María Hernández,Clase Individual,Reformer,Reformer,0,No,Condesa,510
2023-03-27,Luis Pérez,Clase Individual,Cadillac,Cadillac,0,No,Polanco,466
2023-03-27,Claudia Martínez,Clase Individual,Chair,Chair,0,No,Condesa,391
2023-03-27,Gabriela Flores,Fitpass,Mat Pilates,Ninguno,0,Sí,Roma,214
2023-03-27,Rodrigo Pérez,Paquete,Mat Pilates,Ninguno,24,No,Condesa,8764
2023-03-27,Carlos Torres,Paquete,Reformer,Reformer,8,No,Roma,3020
2023-03-27,Diego Reyes,Paquete,Mat Pilates,Ninguno,24,No,Polanco,8621
2023-03-27,Natalia López,Paquete,Reformer,Reformer,12,No,Condesa,4464
2023-03-28,Claudia Sánchez,Fitpass,Cadillac,Cadillac,0,Sí,Roma,228
2023-03-28,Sofía Morales,Fitpass,Chair,Chair,0,Sí,Condesa,192
2023-03-28,Carlos Gómez,Clase Individual,Mat Pilates,Ninguno,0,No,Polanco,447
2023-03-28,Rodrigo Torres,Fitpass,Mat Pilates,Ninguno,0,Sí,Roma,200
2023-03-28,Javier Gutiérrez,Clase Individual,Reformer,Reformer,0,No,Roma,431
2023-03-28,Claudia Vázquez,Paquete,Chair,Chair,24,No,Roma,8430
2023-03-28,Rodrigo Morales,Paquete,Reformer,Reformer,24,No,Polanco,8268
2023-03-28,Regina Rodríguez,Fitpass,Reformer,Reformer,0,Sí,Polanco,203
2023-03-28,Fernando Flores,Clase Individual,Chair,Chair,0,No,Roma,505
2023-03-28,Renata González,Paquete,Chair,Chair,8,No,Condesa,3187
2023-03-28,Javier Morales,Paquete,Reformer,Reformer,12,No,Polanco,4553
2023-03-28,Ana López,Fitpass,Reformer,Reformer,0,Sí,Condesa,220
2023-03-28,Santiago Gutiérrez,Clase Individual,Reformer,Reformer,0,No,Polanco,427
2023-03-28,Valeria Martínez,Fitpass,Reformer,Reformer,0,Sí,Polanco,210
2023-03-28,Rodrigo Pérez,Paquete,Reformer,Reformer,12,No,Roma,4662
2023-03-28,Diego Cruz,Clase Individual,Mat Pilates,Ninguno,0,No,Polanco,517
2023-03-29,Fernanda Jiménez,Paquete,Chair,Chair,8,No,Polanco,3171
2023-03-29,Lucía Hernández,Clase Individual,Reformer,Reformer,0,No,Condesa,467
2023-03-29,Carolina Torres,Fitpass,Reformer,Reformer,0,Sí,Roma,217
2023-03-29,Laura Reyes,Paquete,Reformer,Reformer,8,No,Condesa,3207
2023-03-29,María Rodríguez,Paquete,Reformer,Reformer,8,No,Roma,3235
2023-03-29,Carolina Jiménez,Clase Individual,Reformer,Reformer,0,No,Roma,462
2023-03-29,Sofía Gutiérrez,Clase Individual,Reformer,Reformer,0,No,Roma,415
2023-03-29,Luis Rodríguez,Paquete,Reformer,Reformer,12,No,Roma,4541
2023-03-29,Laura Mendoza,Paquete,Reformer,Reformer,24,No,Condesa,8488
2023-03-29,Daniela Ramírez,Paquete,Chair,Chair,8,No,Condesa,3146
2023-03-29,Lucía Martínez,Fitpass,Cadillac,Cadillac,0,Sí,Condesa,228
2023-03-29,Javier Sánchez,Fitpass,Reformer,Reformer,0,Sí,Condesa,180
2023-03-30,Miguel Mendoza,Paquete,Mat Pilates,Ninguno,12,No,Polanco,4605
2023-03-30,Lucía González,Fitpass,Reformer,Reformer,0,Sí,Condesa,184
2023-03-30,Fernando Vázquez,Paquete,Cadillac,Cadillac,8,No,Condesa,3147
2023-03-30,Ana Gutiérrez,Paquete,Cadillac,Cadillac,8,No,Polanco,3040
2023-03-30,Carlos García,Fitpass,Cadillac,Cadillac,0,Sí,Polanco,194
2023-03-30,Renata López,Paquete,Reformer,Reformer,8,No,Roma,2935
2023-03-30,Regina Hernández,Fitpass,Mat Pilates,Ninguno,0,Sí,Roma,232
2023-03-30,María Rodríguez,Paquete,Reformer,Reformer,24,No,Condesa,8832
2023-03-30,Luis González,Fitpass,Reformer,Reformer,0,Sí,Polanco,216
2023-03-31,Fernanda López,Clase Individual,Cadillac,Cadillac,0,No,Roma,486
2023-03-31,Carlos Sánchez,Clase Individual,Reformer,Reformer,0,No,Condesa,429
2023-03-31,Lucía Rodríguez,Clase Individual,Reformer,Reformer,0,No,Roma,424
2023-03-31,Paula Martínez,Clase Individual,Reformer,Reformer,0,No,Roma,460
2023-03-31,Santiago Rodríguez,Fitpass,Reformer,Reformer,0,Sí,Roma,213
2023-03-31,Rodrigo Morales,Paquete,Mat Pilates,Ninguno,8,No,Polanco,3064
2023-03-31,Carlos López,Paquete,Reformer,Reformer,8,No,Roma,3184
2023-03-31,Alejandro Flores,Fitpass,Chair,Chair,0,Sí,Roma,218
2023-04-01,Miguel González,Paquete,Cadillac,Cadillac,8,No,Condesa,3232
2023-04-01,Carolina Díaz,Fitpass,Mat Pilates,Ninguno,0,Sí,Polanco,228
2023-04-01,Miguel Rodríguez,Fitpass,Reformer,Reformer,0,Sí,Roma,237
2023-04-01,Carolina Martínez,Paquete,Reformer,Reformer,12,No,Roma,4239
2023-04-01,Valeria Gutiérrez,Paquete,Chair,Chair,8,No,Roma,3021
2023-04-01,Ximena Flores,Paquete,Reformer,Reformer,8,No,Roma,3199
2023-04-01,Paula López,Clase Individual,Reformer,Reformer,0,No,Polanco,464
2023-04-01,Andrea Reyes,Paquete,Reformer,Reformer,8,No,Roma,3044
2023-04-02,Ximena Gómez,Clase Individual,Chair,Chair,0,No,Condesa,421
2023-04-02,Javier Flores,Paquete,Mat Pilates,Ninguno,8,No,Roma,3078
2023-04-02,Sofía Mendoza,Paquete,Reformer,Reformer,8,No,Condesa,3241
2023-04-02,Ximena González,Fitpass,Reformer,Reformer,0,Sí,Roma,228
2023-04-02,Lucía Ramírez,Clase Individual,Reformer,Reformer,0,No,Condesa,469
2023-04-02,Victoria Jiménez,Clase Individual,Chair,Chair,0,No,Condesa,452
2023-04-02,Claudia Morales,Paquete,Reformer,Reformer,12,No,Polanco,4586
2023-04-02,María Pérez,Paquete,Chair,Chair,8,No,Condesa,2904
2023-04-02,Mateo Rodríguez,Paquete,Reformer,Reformer,12,No,Roma,4587
2023-04-03,Sofía Reyes,Paquete,Reformer,Reformer,8,No,Polanco,2968
2023-04-03,Mariana Díaz,Fitpass,Reformer,Reformer,0,Sí,Condesa,221
2023-04-03,Mariana Rodríguez,Paquete,Reformer,Reformer,8,No,Roma,3239
2023-04-03,Ximena Jiménez,Fitpass,Reformer,Reformer,0,Sí,Condesa,189
2023-04-03,Diego García,Paquete,Cadillac,Cadillac,24,No,Roma,8349
2023-04-03,Javier Vázquez,Fitpass,Chair,Chair,0,Sí,Condesa,230
2023-04-03,Claudia Pérez,Paquete,Chair,Chair,12,No,Roma,4499
2023-04-03,Daniela Torres,Paquete,Reformer,Reformer,12,No,Condesa,4496
2023-04-03,Santiago Gómez,Paquete,Reformer,Reformer,12,No,Condesa,4394
2023-04-03,Carlos Martínez,Fitpass,Mat Pilates,Ninguno,0,Sí,Roma,215
2023-04-03,Camila Mendoza,Fitpass,Reformer,Reformer,0,Sí,Condesa,203
2023-04-04,Rodrigo Mendoza,Fitpass,Reformer,Reformer,0,Sí,Roma,230
2023-04-04,Lucía Ramírez,Fitpass,Mat Pilates,Ninguno,0,Sí,Polanco,236
2023-04-04,Victoria Torres,Fitpass,Mat Pilates,Ninguno,0,Sí,Condesa,208
2023-04-04,Camila Rodríguez,Clase Individual,Mat Pilates,Ninguno,0,No,Condesa,417
2023-04-04,Gabriela Gómez,Paquete,Cadillac,Cadillac,12,No,Condesa,4524
2023-04-04,Valeria Mendoza,Fitpass,Mat Pilates,Ninguno,0,Sí,Condesa,203
2023-04-04,Javier Torres,Paquete,Reformer,Reformer,8,No,Condesa,2904
2023-04-04,María Hernández,Paquete,Mat Pilates,Ninguno,8,No,Polanco,3083
2023-04-04,Ana Morales,Paquete,Cadillac,Cadillac,24,No,Condesa,8232
2023-04-05,Santiago Rodríguez,Paquete,Reformer,Reformer,8,No,Polanco,2976
2023-04-05,Mateo Díaz,Paquete,Cadillac,Cadillac,12,No,Roma,4187
2023-04-05,Rodrigo Torres,Clase Individual,Reformer,Reformer,0,No,Condesa,497
2023-04-05,Miguel Flores,Fitpass,Reformer,Reformer,0,Sí,Roma,236
2023-04-05,Ximena Ramírez,Clase Individual,Mat Pilates,Ninguno,0,No,Roma,471
2023-04-05,Santiago Ramírez,Fitpass,Reformer,Reformer,0,Sí,Roma,206
2023-04-05,Mateo Gómez,Clase Individual,Reformer,Reformer,0,No,Roma,461
2023-04-05,Javier González,Clase Individual,Reformer,Reformer,0,No,Condesa,413
2023-04-05,Mateo Gómez,Fitpass,Reformer,Reformer,0,Sí,Condesa,196
2023-04-05,Mariana Pérez,Fitpass,Cadillac,Cadillac,0,Sí,Roma,208
2023-04-05,Carolina Ramírez,Clase Individual,Cadillac,Cadillac,0,No,Roma,466
2023-04-06,Victoria Díaz,Paquete,Reformer,Reformer,12,No,Roma,4373
2023-04-06,Javier González,Paquete,Mat Pilates,Ninguno,12,No,Condesa,4659
2023-04-06,Lucía Torres,Clase Individual,Reformer,Reformer,0,No,Roma,407
2023-04-06,Sofía González,Paquete,Cadillac,Cadillac,8,No,Condesa,3281
2023-04-06,Gabriela Sánchez,Paquete,Reformer,Reformer,8,No,Roma,3212
2023-04-06,Camila Torres,Fitpass,Reformer,Reformer,0,Sí,Roma,226
2023-04-06,Ximena Gómez,Clase Individual,Cadillac,Cadillac,0,No,Roma,396
2023-04-06,Luis González,Paquete,Reformer,Reformer,24,No,Polanco,8546
2023-04-06,Gabriela Hernández,Paquete,Mat Pilates,Ninguno,24,No,Polanco,8353
2023-04-06,Carolina Sánchez,Clase Individual,Reformer,Reformer,0,No,Roma,473
2023-04-06,Miguel Sánchez,Paquete,Mat Pilates,Ninguno,12,No,Roma,4144
2023-04-07,Camila Reyes,Paquete,Mat Pilates,Ninguno,8,No,Condesa,3132
2023-04-07,Laura Jiménez,Fitpass,Chair,Chair,0,Sí,Roma,230
2023-04-07,Rodrigo Ramírez,Paquete,Reformer,Reformer,24,No,Condesa,7996
2023-04-07,Santiago Pérez,Paquete,Reformer,Reformer,24,No,Polanco,8177
2023-04-07,Valeria Flores,Fitpass,Reformer,Reformer,0,Sí,Polanco,230
2023-04-07,Luis López,Paquete,Reformer,Reformer,12,No,Condesa,4674
2023-04-07,María Díaz,Clase Individual,Reformer,Reformer,0,No,Condesa,439
2023-04-07,Carolina Rodríguez,Paquete,Reformer,Reformer,12,No,Condesa,4664
2023-04-07,Carolina Morales,Fitpass,Reformer,Reformer,0,Sí,Roma,229
2023-04-08,Fernando Morales,Clase Individual,Reformer,Reformer,0,No,Condesa,480
2023-04-08,Ana Martínez,Fitpass,Cadillac,Cadillac,0,Sí,Polanco,219
2023-04-08,Victoria Mendoza,Fitpass,Reformer,Reformer,0,Sí,Roma,223
2023-04-08,Diego Díaz,Paquete,Chair,Chair,8,No,Polanco,3083
2023-04-08,Mateo Martínez,Clase Individual,Mat Pilates,Ninguno,0,No,Roma,490
2023-04-08,Renata Cruz,Fitpass,Reformer,Reformer,0,Sí,Condesa,180
2023-04-08,Luis López,Fitpass,Reformer,Reformer,0,Sí,Condesa,183
2023-04-08,Victoria Flores,Clase Individual,Reformer,Reformer,0,No,Roma,506
2023-04-09,Mateo Pérez,Fitpass,Reformer,Reformer,0,Sí,Roma,214
2023-04-09,Fernando Pérez,Fitpass,Chair,Chair,0,Sí,Polanco,180
2023-04-09,Laura Pérez,Fitpass,Chair,Chair,0,Sí,Polanco,215
2023-04-09,Mateo Cruz,Paquete,Cadillac,Cadillac,8,No,Roma,2996
2023-04-09,Laura Pérez,Paquete,Cadillac,Cadillac,12,No,Condesa,4558
2023-04-09,Renata Jiménez,Paquete,Reformer,Reformer,12,No,Polanco,4108
2023-04-10,Valeria Gómez,Paquete,Mat Pilates,Ninguno,8,No,Roma,3129
2023-04-10,Regina Pérez,Fitpass,Chair,Chair,0,Sí,Polanco,194
2023-04-10,Daniela Hernández,Fitpass,Reformer,Reformer,0,Sí,Polanco,221
2023-04-10,Mariana Díaz,Paquete,Reformer,Reformer,12,No,Polanco,4681
2023-04-10,Laura García,Fitpass,Reformer,Reformer,0,Sí,Roma,198
2023-04-10,Carolina Rodríguez,Clase Individual,Mat Pilates,Ninguno,0,No,Condesa,518
2023-04-10,Ximena Morales,Clase Individual,Mat Pilates,Ninguno,0,No,Roma,455
2023-04-10,Daniela Flores,Paquete,Mat Pilates,Ninguno,12,No,Roma,4682
2023-04-11,Camila Pérez,Clase Individual,Reformer,Reformer,0,No,Polanco,516
2023-04-11,Valeria Sánchez,Fitpass,Reformer,Reformer,0,Sí,Roma,221
2023-04-11,María Hernández,Clase Individual,Reformer,Reformer,0,No,Polanco,465
2023-04-11,Fernanda López,Fitpass,Reformer,Reformer,0,Sí,Condesa,228
2023-04-11,Carlos Vázquez,Fitpass,Chair,Chair,0,Sí,Condesa,193
2023-04-11,Santiago Morales,Paquete,Cadillac,Cadillac,8,No,Polanco,3056
2023-04-11,Regina Díaz,Paquete,Chair,Chair,8,No,Roma,3268
2023-04-11,Javier Torres,Paquete,Cadillac,Cadillac,8,No,Roma,3215
2023-04-11,Luis Gutiérrez,Paquete,Cadillac,Cadillac,12,No,Polanco,4191
2023-04-12,Diego Pérez,Fitpass,Reformer,Reformer,0,Sí,Condesa,218
2023-04-12,Victoria Pérez,Paquete,Cadillac,Cadillac,8,No,Roma,3126
2023-04-12,Diego Rodríguez,Paquete,Reformer,Reformer,8,No,Condesa,3149
2023-04-12,Lucía Sánchez,Clase Individual,Mat Pilates,Ninguno,0,No,Roma,390
2023-04-12,Victoria Vázquez,Fitpass,Reformer,Reformer,0,Sí,Polanco,180
2023-04-13,Rodrigo Gutiérrez,Paquete,Cadillac,Cadillac,12,No,Roma,4391
2023-04-13,Ana Mendoza,Paquete,Cadillac,Cadillac,12,No,Roma,4430
2023-04-13,Mateo Pérez,Clase Individual,Reformer,Reformer,0,No,Roma,477
2023-04-13,Alejandro López,Clase Individual,Mat Pilates,Ninguno,0,No,Condesa,508
2023-04-13,Mateo Reyes,Fitpass,Cadillac,Cadillac,0,Sí,Roma,220
2023-04-13,Natalia López,Clase Individual,Reformer,Reformer,0,No,Roma,479
2023-04-13,Diego Díaz,Paquete,Chair,Chair,8,No,Roma,3160
2023-04-13,Sofía Gómez,Clase Individual,Mat Pilates,Ninguno,0,No,Roma,401
2023-04-13,María Hernández,Paquete,Chair,Chair,24,No,Roma,8662
2023-04-13,Alejandro Díaz,Clase Individual,Reformer,Reformer,0,No,Roma,468
2023-04-13,Ximena López,Paquete,Reformer,Reformer,24,No,Polanco,8699
2023-04-13,Carolina Sánchez,Fitpass,Reformer,Reformer,0,Sí,Condesa,232
2023-04-14,Valeria Gutiérrez,Paquete,Reformer,Reformer,8,No,Condesa,3032
2023-04-14,Carolina Jiménez,Fitpass,Cadillac,Cadillac,0,Sí,Polanco,215
2023-04-14,Regina García,Paquete,Chair,Chair,24,No,Roma,8199
2023-04-14,Carlos Martínez,Fitpass,Reformer,Reformer,0,Sí,Roma,229
2023-04-14,Ana García,Fitpass,Reformer,Reformer,0,Sí,Polanco,223
2023-04-14,Fernando Díaz,Clase Individual,Cadillac,Cadillac,0,No,Condesa,381
2023-04-14,Victoria Reyes,Clase Individual,Chair,Chair,0,No,Roma,382
2023-04-14,Paula Mendoza,Fitpass,Chair,Chair,0,Sí,Condesa,228
2023-04-14,Carolina Reyes,Paquete,Cadillac,Cadillac,8,No,Roma,3107
2023-04-14,Mateo González,Paquete,Chair,Chair,24,No,Condesa,8336
2023-04-14,Luis Rodríguez,Paquete,Mat Pilates,Ninguno,12,No,Condesa,4238
2023-04-15,Alejandro Díaz,Paquete,Cadillac,Cadillac,12,No,Roma,4380
2023-04-15,Lucía Gómez,Paquete,Reformer,Reformer,12,No,Polanco,4220
2023-04-15,Alejandro Jiménez,Paquete,Mat Pilates,Ninguno,12,No,Polanco,4134
2023-04-15,Victoria Flores,Paquete,Reformer,Reformer,12,No,Roma,4215
2023-04-15,Sofía Martínez,Clase Individual,Reformer,Reformer,0,No,Condesa,433
2023-04-15,Fernanda Reyes,Paquete,Reformer,Reformer,12,No,Condesa,4616
2023-04-15,Gabriela Díaz,Clase Individual,Chair,Chair,0,No,Roma,385
2023-04-15,Luis Díaz,Fitpass,Reformer,Reformer,0,Sí,Roma,197
2023-04-15,Renata García,Paquete,Cadillac,Cadillac,8,No,Polanco,3084
2023-04-15,Lucía Martínez,Paquete,Chair,Chair,24,No,Condesa,8850
2023-04-15,Claudia Sánchez,Paquete,Chair,Chair,8,No,Condesa,3206
2023-04-15,Paula Mendoza,Clase Individual,Chair,Chair,0,No,Polanco,514
2023-04-16,Mateo Vázquez,Clase Individual,Cadillac,Cadillac,0,No,Polanco,479
2023-04-16,Paula Gómez,Paquete,Cadillac,Cadillac,12,No,Polanco,4661
2023-04-16,Fernanda Vázquez,Fitpass,Mat Pilates,Ninguno,0,Sí,Polanco,231
2023-04-16,Carolina Mendoza,Clase Individual,Reformer,Reformer,0,No,Condesa,450
2023-04-16,Fernanda Martínez,Clase Individual,Cadillac,Cadillac,0,No,Roma,481
2023-04-16,Ana González,Clase Individual,Chair,Chair,0,No,Roma,487
2023-04-16,Paula Torres,Clase Individual,Reformer,Reformer,0,No,Roma,429
2023-04-16,Luis Morales,Fitpass,Cadillac,Cadillac,0,Sí,Polanco,198
2023-04-16,María Cruz,Fitpass,Cadillac,Cadillac,0,Sí,Roma,215
2023-04-16,Carolina Mendoza,Paquete,Reformer,Reformer,12,No,Polanco,4629
2023-04-16,Laura Vázquez,Clase Individual,Chair,Chair,0,No,Roma,490
2023-04-16,Alejandro Martínez,Clase Individual,Reformer,Reformer,0,No,Roma,444
2023-04-16,Victoria Torres,Fitpass,Reformer,Reformer,0,Sí,Condesa,203
2023-04-17,Miguel Pérez,Fitpass,Reformer,Reformer,0,Sí,Roma,210
2023-04-17,Gabriela Reyes,Paquete,Reformer,Reformer,8,No,Roma,3142
2023-04-17,Sofía Pérez,Paquete,Reformer,Reformer,12,No,Roma,4462
2023-04-17,María Gómez,Paquete,Reformer,Reformer,8,No,Condesa,3152
2023-04-17,Laura Ramírez,Paquete,Cadillac,Cadillac,8,No,Condesa,3264
2023-04-17,Santiago Reyes,Fitpass,Mat Pilates,Ninguno,0,Sí,Polanco,232
2023-04-17,Laura Mendoza,Fitpass,Chair,Chair,0,Sí,Condesa,227
2023-04-17,Claudia Reyes,Fitpass,Chair,Chair,0,Sí,Polanco,232
2023-04-17,Mateo López,Paquete,Chair,Chair,8,No,Roma,3192
2023-04-17,Sofía López,Paquete,Chair,Chair,12,No,Roma,4417
2023-04-18,Andrea Jiménez,Fitpass,Chair,Chair,0,Sí,Polanco,216
2023-04-18,Alejandro Reyes,Clase Individual,Reformer,Reformer,0,No,Polanco,518
2023-04-18,Luis Hernández,Paquete,Cadillac,Cadillac,8,No,Roma,3112
2023-04-18,Claudia Hernández,Fitpass,Reformer,Reformer,0,Sí,Roma,188
2023-04-18,Valeria Morales,Fitpass,Reformer,Reformer,0,Sí,Condesa,192
2023-04-18,Daniela Morales,Clase Individual,Mat Pilates,Ninguno,0,No,Roma,514
2023-04-18,Lucía Vázquez,Paquete,Reformer,Reformer,8,No,Roma,3282
2023-04-18,Fernando Gutiérrez,Clase Individual,Reformer,Reformer,0,No,Roma,491
2023-04-18,Gabriela Mendoza,Fitpass,Reformer,Reformer,0,Sí,Roma,222
2023-04-18,Regina Vázquez,Fitpass,Cadillac,Cadillac,0,Sí,Condesa,201
2023-04-18,Natalia Hernández,Fitpass,Reformer,Reformer,0,Sí,Condesa,211
2023-04-19,Luis Jiménez,Fitpass,Reformer,Reformer,0,Sí,Roma,224
2023-04-19,María Mendoza,Paquete,Reformer,Reformer,8,No,Roma,3184
2023-04-19,Mariana Hernández,Clase Individual,Reformer,Reformer,0,No,Roma,436
2023-04-19,Daniela Pérez,Paquete,Cadillac,Cadillac,8,No,Roma,3069
2023-04-19,Fernando Pérez,Paquete,Chair,Chair,12,No,Condesa,4307
2023-04-19,María Gómez,Paquete,Mat Pilates,Ninguno,8,No,Condesa,3170
2023-04-19,Natalia López,Fitpass,Reformer,Reformer,0,Sí,Roma,231
2023-04-20,Claudia Cruz,Clase Individual,Cadillac,Cadillac,0,No,Condesa,512
2023-04-20,Andrea Sánchez,Fitpass,Reformer,Reformer,0,Sí,Roma,226
2023-04-20,Lucía Jiménez,Paquete,Reformer,Reformer,8,No,Condesa,3232
2023-04-20,Renata Reyes,Paquete,Reformer,Reformer,8,No,Condesa,3016
2023-04-20,Natalia Vázquez,Clase Individual,Reformer,Reformer,0,No,Condesa,433
2023-04-20,Carlos Mendoza,Paquete,Reformer,Reformer,24,No,Condesa,8510
2023-04-20,Mateo González,Paquete,Reformer,Reformer,8,No,Polanco,3009
2023-04-20,Mariana Martínez,Fitpass,Reformer,Reformer,0,Sí,Condesa,236
2023-04-20,María Gómez,Paquete,Chair,Chair,24,No,Roma,8611
2023-04-20,Mariana Gómez,Fitpass,Chair,Chair,0,Sí,Roma,209
2023-04-20,Sofía Mendoza,Fitpass,Cadillac,Cadillac,0,Sí,Roma,239
2023-04-20,Lucía Gutiérrez,Paquete,Chair,Chair,8,No,Polanco,3288
2023-04-21,Andrea Martínez,Paquete,Cadillac,Cadillac,12,No,Polanco,4139
2023-04-21,Javier García,Clase Individual,Reformer,Reformer,0,No,Condesa,478
2023-04-21,Fernando Gutiérrez,Clase Individual,Reformer,Reformer,0,No,Polanco,479
2023-04-21,Miguel Ramírez,Clase Individual,Chair,Chair,0,No,Polanco,492
2023-04-21,Mariana Hernández,Paquete,Reformer,Reformer,8,No,Polanco,2915
2023-04-21,Fernanda Jiménez,Clase Individual,Mat Pilates,Ninguno,0,No,Roma,513
2023-04-21,Ximena González,Paquete,Reformer,Reformer,12,No,Condesa,4312
2023-04-21,Javier González,Paquete,Cadillac,Cadillac,8,No,Condesa,2927
2023-04-21,Laura Mendoza,Clase Individual,Reformer,Reformer,0,No,Condesa,452
2023-04-21,Paula Gómez,Clase Individual,Reformer,Reformer,0,No,Roma,514
2023-04-21,Rodrigo Mendoza,Paquete,Cadillac,Cadillac,12,No,Roma,4273
2023-04-21,Laura Hernández,Paquete,Mat Pilates,Ninguno,8,No,Roma,2940
2023-04-21,Camila Hernández,Paquete,Reformer,Reformer,8,No,Condesa,3065
2023-04-21,Paula García,Clase Individual,Reformer,Reformer,0,No,Condesa,419
2023-04-22,Rodrigo López,Fitpass,Reformer,Reformer,0,Sí,Polanco,199
2023-04-22,Miguel Reyes,Fitpass,Reformer,Reformer,0,Sí,Roma,224
2023-04-22,Mateo Morales,Fitpass,Chair,Chair,0,Sí,Polanco,227
2023-04-22,Ana Gutiérrez,Paquete,Reformer,Reformer,24,No,Roma,8486
2023-04-22,Regina Díaz,Clase Individual,Chair,Chair,0,No,Roma,413
2023-04-22,Valeria García,Paquete,Chair,Chair,8,No,Condesa,3118
2023-04-22,Natalia López,Paquete,Reformer,Reformer,12,No,Roma,4283
2023-04-23,Valeria Díaz,Fitpass,Reformer,Reformer,0,Sí,Roma,209
2023-04-23,Regina Rodríguez,Paquete,Reformer,Reformer,8,No,Roma,2964
2023-04-23,Santiago Mendoza,Paquete,Chair,Chair,12,No,Condesa,4101
2023-04-23,Lucía Rodríguez,Clase Individual,Chair,Chair,0,No,Condesa,402
2023-04-23,Javier Ramírez,Fitpass,Reformer,Reformer,0,Sí,Roma,228
2023-04-23,Victoria Gómez,Paquete,Reformer,Reformer,8,No,Roma,3148
2023-04-23,Diego Vázquez,Paquete,Reformer,Reformer,12,No,Condesa,4211
2023-04-23,Victoria González,Clase Individual,Cadillac,Cadillac,0,No,Polanco,400
2023-04-23,Santiago Torres,Clase Individual,Reformer,Reformer,0,No,Polanco,514
2023-04-24,Fernanda Cruz,Fitpass,Reformer,Reformer,0,Sí,Roma,223
2023-04-24,Gabriela Ramírez,Fitpass,Chair,Chair,0,Sí,Roma,182
2023-04-24,Mariana Reyes,Paquete,Mat Pilates,Ninguno,8,No,Condesa,3122
2023-04-24,Mateo Cruz,Paquete,Reformer,Reformer,12,No,Condesa,4315
2023-04-24,Javier Jiménez,Paquete,Reformer,Reformer,8,No,Roma,3053
2023-04-24,Camila Morales,Paquete,Reformer,Reformer,12,No,Roma,4179
2023-04-24,Javier Hernández,Fitpass,Chair,Chair,0,Sí,Condesa,240
2023-04-24,Laura Mendoza,Fitpass,Mat Pilates,Ninguno,0,Sí,Roma,214
2023-04-24,Victoria Gutiérrez,Clase Individual,Reformer,Reformer,0,No,Polanco,495
2023-04-24,Valeria Mendoza,Paquete,Reformer,Reformer,12,No,Roma,4309
2023-04-24,Mateo Vázquez,Clase Individual,Mat Pilates,Ninguno,0,No,Roma,476
2023-04-24,Victoria González,Paquete,Reformer,Reformer,8,No,Roma,3213
2023-04-24,Diego Sánchez,Paquete,Chair,Chair,8,No,Condesa,2905
2023-04-24,Paula Gómez,Paquete,Mat Pilates,Ninguno,8,No,Condesa,3168
2023-04-25,María Gutiérrez,Paquete,Reformer,Reformer,12,No,Polanco,4679
2023-04-25,Gabriela Gómez,Fitpass,Reformer,Reformer,0,Sí,Condesa,185
2023-04-25,Victoria Torres,Fitpass,Cadillac,Cadillac,0,Sí,Polanco,226
2023-04-25,Carlos Sánchez,Fitpass,Reformer,Reformer,0,Sí,Condesa,226
2023-04-25,Camila Gómez,Fitpass,Mat Pilates,Ninguno,0,Sí,Roma,229
2023-04-26,María Jiménez,Clase Individual,Reformer,Reformer,0,No,Roma,496
2023-04-26,Fernando Gómez,Paquete,Reformer,Reformer,12,No,Polanco,4574
2023-04-26,Miguel González,Paquete,Reformer,Reformer,12,No,Roma,4107
2023-04-26,Lucía Reyes,Fitpass,Cadillac,Cadillac,0,Sí,Condesa,203
2023-04-26,Valeria Gómez,Paquete,Reformer,Reformer,8,No,Condesa,3255
2023-04-26,Carlos Pérez,Fitpass,Cadillac,Cadillac,0,Sí,Condesa,229
2023-04-26,Alejandro Martínez,Paquete,Reformer,Reformer,8,No,Polanco,3019
2023-04-26,Victoria Torres,Fitpass,Reformer,Reformer,0,Sí,Condesa,220
2023-04-26,Ana Cruz,Paquete,Mat Pilates,Ninguno,12,No,Polanco,4549
2023-04-26,Santiago Gómez,Clase Individual,Reformer,Reformer,0,No,Polanco,404
2023-04-27,Sofía González,Clase Individual,Cadillac,Cadillac,0,No,Condesa,465
2023-04-27,Fernanda Cruz,Paquete,Reformer,Reformer,12,No,Condesa,4224
2023-04-27,María Cruz,Clase Individual,Reformer,Reformer,0,No,Polanco,475
2023-04-27,Lucía Gutiérrez,Paquete,Reformer,Reformer,24,No,Roma,8390
2023-04-27,Miguel Pérez,Paquete,Reformer,Reformer,8,No,Polanco,2928
2023-04-27,Victoria Pérez,Fitpass,Cadillac,Cadillac,0,Sí,Roma,182
2023-04-27,Fernanda Morales,Paquete,Chair,Chair,24,No,Polanco,7959
2023-04-27,Miguel Sánchez,Fitpass,Reformer,Reformer,0,Sí,Condesa,185
2023-04-27,Valeria Flores,Paquete,Cadillac,Cadillac,8,No,Roma,3183
2023-04-27,María Gutiérrez,Clase Individual,Reformer,Reformer,0,No,Condesa,471
2023-04-28,Javier García,Paquete,Mat Pilates,Ninguno,8,No,Polanco,3166
2023-04-28,Daniela Torres,Paquete,Reformer,Reformer,8,No,Roma,2983
2023-04-28,Sofía Mendoza,Clase Individual,Chair,Chair,0,No,Condesa,393
2023-04-28,Victoria Pérez,Fitpass,Reformer,Reformer,0,Sí,Roma,200
2023-04-28,Valeria García,Paquete,Reformer,Reformer,8,No,Roma,3118
2023-04-28,Paula López,Paquete,Cadillac,Cadillac,12,No,Roma,4114
2023-04-28,Fernanda Pérez,Clase Individual,Cadillac,Cadillac,0,No,Polanco,454
2023-04-28,Miguel Flores,Fitpass,Reformer,Reformer,0,Sí,Roma,225
2023-04-28,Lucía Rodríguez,Fitpass,Chair,Chair,0,Sí,Polanco,191
2023-04-28,Mariana Ramírez,Clase Individual,Reformer,Reformer,0,No,Roma,421
2023-04-28,Natalia García,Fitpass,Reformer,Reformer,0,Sí,Roma,210
2023-04-28,Camila Sánchez,Paquete,Cadillac,Cadillac,8,No,Condesa,2955
2023-04-28,Carlos Morales,Paquete,Chair,Chair,8,No,Polanco,3016
2023-04-29,Mariana Pérez,Paquete,Reformer,Reformer,8,No,Condesa,2944
2023-04-29,Andrea Hernández,Fitpass,Mat Pilates,Ninguno,0,Sí,Polanco,239
2023-04-29,Fernanda Torres,Paquete,Cadillac,Cadillac,12,No,Roma,4351
2023-04-29,Ximena Jiménez,Clase Individual,Cadillac,Cadillac,0,No,Condesa,426
2023-04-29,Mariana Torres,Fitpass,Chair,Chair,0,Sí,Condesa,221
2023-04-29,Gabriela Jiménez,Fitpass,Cadillac,Cadillac,0,Sí,Roma,201
2023-04-29,Fernanda Hernández,Paquete,Reformer,Reformer,24,No,Roma,8123
2023-04-29,Carolina Rodríguez,Paquete,Chair,Chair,8,No,Polanco,3120
2023-04-29,Gabriela Díaz,Paquete,Mat Pilates,Ninguno,12,No,Polanco,4410
2023-04-29,Andrea Gutiérrez,Paquete,Reformer,Reformer,8,No,Roma,3288
2023-04-29,Claudia Hernández,Paquete,Reformer,Reformer,24,No,Polanco,7903
2023-04-30,Diego González,Paquete,Cadillac,Cadillac,8,No,Polanco,2935
2023-04-30,Ximena Gutiérrez,Clase Individual,Cadillac,Cadillac,0,No,Condesa,443
2023-04-30,Claudia Ramírez,Clase Individual,Chair,Chair,0,No,Condesa,486
2023-04-30,Paula Torres,Paquete,Reformer,Reformer,24,No,Condesa,8561
2023-04-30,Carolina Díaz,Clase Individual,Chair,Chair,0,No,Condesa,420
2023-04-30,Regina López,Fitpass,Reformer,Reformer,0,Sí,Roma,211
2023-04-30,Victoria Martínez,Paquete,Reformer,Reformer,24,No,Roma,8408
2023-04-30,Valeria Morales,Fitpass,Reformer,Reformer,0,Sí,Condesa,181
2023-04-30,Carolina Vázquez,Paquete,Cadillac,Cadillac,12,No,Roma,4432
2023-04-30,Ximena López,Paquete,Chair,Chair,12,No,Condesa,4327
2023-04-30,Andrea Gómez,Fitpass,Reformer,Reformer,0,Sí,Roma,194
2023-04-30,Natalia Torres,Fitpass,Mat Pilates,Ninguno,0,Sí,Condesa,183
2023-04-30,Daniela Cruz,Fitpass,Reformer,Reformer,0,Sí,Condesa,196
2023-04-30,Ximena Gutiérrez,Paquete,Reformer,Reformer,24,No,Condesa,8635
2023-04-30,Rodrigo López,Paquete,Reformer,Reformer,12,No,Condesa,4663
2023-05-01,Carlos Pérez,Paquete,Reformer,Reformer,12,No,Polanco,4314
2023-05-01,Renata López,Fitpass,Reformer,Reformer,0,Sí,Polanco,188
2023-05-01,Gabriela Flores,Clase Individual,Mat Pilates,Ninguno,0,No,Roma,424
2023-05-01,Carolina Gómez,Fitpass,Reformer,Reformer,0,Sí,Roma,223
2023-05-01,Gabriela Mendoza,Paquete,Cadillac,Cadillac,8,No,Roma,3012
2023-05-01,Fernando Morales,Fitpass,Chair,Chair,0,Sí,Condesa,220
2023-05-01,Carlos Morales,Paquete,Chair,Chair,8,No,Roma,3152
2023-05-01,Sofía Martínez,Paquete,Chair,Chair,8,No,Condesa,2925
2023-05-01,Fernanda González,Paquete,Chair,Chair,8,No,Condesa,3083
2023-05-02,Carlos Mendoza,Fitpass,Reformer,Reformer,0,Sí,Roma,203
2023-05-02,Mateo Vázquez,Clase Individual,Mat Pilates,Ninguno,0,No,Condesa,441
2023-05-02,Lucía Gutiérrez,Clase Individual,Mat Pilates,Ninguno,0,No,Condesa,390
2023-05-02,Carolina Mendoza,Clase Individual,Reformer,Reformer,0,No,Condesa,476
2023-05-02,Rodrigo Mendoza,Paquete,Reformer,Reformer,12,No,Polanco,4158
2023-05-02,Andrea Sánchez,Fitpass,Cadillac,Cadillac,0,Sí,Roma,232
2023-05-02,Claudia Gutiérrez,Paquete,Reformer,Reformer,8,No,Polanco,3158
2023-05-02,Ana Cruz,Fitpass,Reformer,Reformer,0,Sí,Polanco,193
2023-05-02,Mariana Jiménez,Paquete,Reformer,Reformer,12,No,Roma,4406
2023-05-02,Renata Mendoza,Paquete,Reformer,Reformer,8,No,Roma,2927
2023-05-02,Regina Gutiérrez,Fitpass,Reformer,Reformer,0,Sí,Polanco,208
2023-05-02,Sofía González,Fitpass,Mat Pilates,Ninguno,0,Sí,Polanco,190
2023-05-02,Santiago Morales,Paquete,Reformer,Reformer,8,No,Roma,3283
2023-05-02,Fernando González,Fitpass,Reformer,Reformer,0,Sí,Polanco,210
2023-05-03,Mariana Torres,Paquete,Reformer,Reformer,12,No,Roma,4639
2023-05-03,Laura González,Fitpass,Chair,Chair,0,Sí,Roma,227
2023-05-03,Fernando Martínez,Fitpass,Mat Pilates,Ninguno,0,Sí,Roma,229
2023-05-03,Renata Gutiérrez,Fitpass,Reformer,Reformer,0,Sí,Polanco,201
2023-05-03,Sofía Mendoza,Paquete,Chair,Chair,8,No,Condesa,2978
2023-05-03,Javier Ramírez,Paquete,Cadillac,Cadillac,12,No,Roma,4576
2023-05-03,Sofía López,Fitpass,Reformer,Reformer,0,Sí,Roma,197
2023-05-03,Victoria Hernández,Clase Individual,Chair,Chair,0,No,Polanco,502
2023-05-03,Carolina Vázquez,Paquete,Cadillac,Cadillac,8,No,Condesa,3197
2023-05-03,Paula Gómez,Paquete,Reformer,Reformer,8,No,Roma,3297
2023-05-03,Laura Hernández,Paquete,Reformer,Reformer,12,No,Roma,4305
2023-05-03,Luis Jiménez,Fitpass,Chair,Chair,0,Sí,Roma,181
2023-05-03,Carlos Sánchez,Paquete,Cadillac,Cadillac,8,No,Roma,3276
2023-05-03,Victoria Sánchez,Paquete,Reformer,Reformer,12,No,Condesa,4695
2023-05-03,Regina Pérez,Fitpass,Mat Pilates,Ninguno,0,Sí,Condesa,238
2023-05-03,Ana Gómez,Fitpass,Reformer,Reformer,0,Sí,Roma,191
2023-05-03,Regina Pérez,Clase Individual,Mat Pilates,Ninguno,0,No,Roma,402
2023-05-03,Carlos Morales,Fitpass,Reformer,Reformer,0,Sí,Polanco,228
2023-05-03,Regina Hernández,Clase Individual,Mat Pilates,Ninguno,0,No,Roma,510
2023-05-03,Santiago Martínez,Fitpass,Chair,Chair,0,Sí,Polanco,201
2023-05-04,Natalia Martínez,Fitpass,Reformer,Reformer,0,Sí,Roma,221
2023-05-04,Diego González,Fitpass,Mat Pilates,Ninguno,0,Sí,Polanco,181
2023-05-04,Santiago Sánchez,Paquete,Chair,Chair,8,No,Roma,3066
2023-05-04,Gabriela Jiménez,Paquete,Chair,Chair,12,No,Roma,4415
2023-05-04,Claudia Morales,Fitpass,Reformer,Reformer,0,Sí,Condesa,224
2023-05-04,Mateo Morales,Clase Individual,Chair,Chair,0,No,Roma,450
2023-05-04,Andrea Jiménez,Clase Individual,Reformer,Reformer,0,No,Roma,418
2023-05-04,Regina Reyes,Paquete,Cadillac,Cadillac,12,No,Polanco,4673
2023-05-04,Paula Reyes,Paquete,Mat Pilates,Ninguno,12,No,Condesa,4325
2023-05-04,Camila Morales,Paquete,Reformer,Reformer,12,No,Condesa,4555
2023-05-04,Miguel Morales,Fitpass,Reformer,Reformer,0,Sí,Condesa,182
2023-05-04,Fernanda Hernández,Clase Individual,Mat Pilates,Ninguno,0,No,Roma,482
2023-05-04,Daniela Jiménez,Fitpass,Reformer,Reformer,0,Sí,Roma,228
2023-05-04,Renata Ramírez,Fitpass,Reformer,Reformer,0,Sí,Polanco,202
2023-05-04,Regina Mendoza,Fitpass,Reformer,Reformer,0,Sí,Polanco,207
2023-05-04,Mariana Jiménez,Clase Individual,Mat Pilates,Ninguno,0,No,Roma,489
2023-05-05,Renata Torres,Paquete,Mat Pilates,Ninguno,24,No,Roma,8215
2023-05-05,Fernanda Díaz,Paquete,Cadillac,Cadillac,24,No,Roma,8573
2023-05-05,Regina López,Paquete,Cadillac,Cadillac,12,No,Roma,4112
2023-05-05,Carolina Mendoza,Clase Individual,Reformer,Reformer,0,No,Roma,384
2023-05-05,Lucía Gómez,Paquete,Cadillac,Cadillac,8,No,Polanco,3243
2023-05-05,Fernanda Jiménez,Paquete,Reformer,Reformer,12,No,Polanco,4318
2023-05-05,Rodrigo López,Fitpass,Reformer,Reformer,0,Sí,Condesa,190
2023-05-05,Mateo Rodríguez,Paquete,Reformer,Reformer,8,No,Roma,3132
2023-05-06,Claudia González,Clase Individual,Cadillac,Cadillac,0,No,Condesa,461
2023-05-06,Regina Gómez,Fitpass,Chair,Chair,0,Sí,Roma,217
2023-05-06,Victoria Hernández,Clase Individual,Reformer,Reformer,0,No,Polanco,478
2023-05-06,Camila González,Clase Individual,Mat Pilates,Ninguno,0,No,Condesa,511
2023-05-06,Mariana Rodríguez,Fitpass,Chair,Chair,0,Sí,Condesa,209
2023-05-06,Ana González,Paquete,Reformer,Reformer,24,No,Condesa,8819
2023-05-06,Santiago Pérez,Fitpass,Reformer,Reformer,0,Sí,Roma,210
2023-05-06,Camila Morales,Fitpass,Reformer,Reformer,0,Sí,Roma,237
2023-05-06,Rodrigo González,Paquete,Chair,Chair,8,No,Condesa,2917
2023-05-06,Carolina Reyes,Clase Individual,Reformer,Reformer,0,No,Condesa,458
2023-05-07,Diego Torres,Clase Individual,Chair,Chair,0,No,Roma,494
2023-05-07,Javier Mendoza,Clase Individual,Reformer,Reformer,0,No,Roma,395
2023-05-07,Natalia Ramírez,Paquete,Chair,Chair,12,No,Polanco,4636
2023-05-07,Mateo Reyes,Paquete,Cadillac,Cadillac,8,No,Roma,3126
2023-05-07,Sofía Díaz,Fitpass,Chair,Chair,0,Sí,Condesa,235
2023-05-07,Regina Gutiérrez,Clase Individual,Reformer,Reformer,0,No,Roma,439
2023-05-07,Andrea Reyes,Paquete,Chair,Chair,8,No,Roma,3048
2023-05-07,Luis González,Fitpass,Chair,Chair,0,Sí,Condesa,209
2023-05-07,Camila Gómez,Paquete,Mat Pilates,Ninguno,8,No,Roma,3173
2023-05-07,Diego López,Paquete,Reformer,Reformer,12,No,Polanco,4585
2023-05-07,Carolina Rodríguez,Fitpass,Reformer,Reformer,0,Sí,Condesa,187
2023-05-08,Fernando Vázquez,Paquete,Mat Pilates,Ninguno,8,No,Condesa,3101
2023-05-08,Luis Pérez,Paquete,Cadillac,Cadillac,12,No,Polanco,4384
2023-05-08,Paula Díaz,Paquete,Chair,Chair,8,No,Condesa,2907
2023-05-08,Andrea Torres,Fitpass,Chair,Chair,0,Sí,Polanco,190
2023-05-08,Carlos Sánchez,Fitpass,Reformer,Reformer,0,Sí,Condesa,190
2023-05-08,Mateo Vázquez,Clase Individual,Reformer,Reformer,0,No,Roma,515
2023-05-08,Ximena Torres,Paquete,Cadillac,Cadillac,8,No,Polanco,2908
2023-05-08,Gabriela Gómez,Fitpass,Reformer,Reformer,0,Sí,Condesa,192
2023-05-08,Fernando Reyes,Fitpass,Mat Pilates,Ninguno,0,Sí,Condesa,224
2023-05-08,María Mendoza,Fitpass,Chair,Chair,0,Sí,Condesa,192
2023-05-08,Mateo García,Paquete,Reformer,Reformer,12,No,Roma,4138
2023-05-08,Natalia Pérez,Fitpass,Reformer,Reformer,0,Sí,Condesa,194
2023-05-09,Sofía Rodríguez,Paquete,Reformer,Reformer,12,No,Roma,4383
2023-05-09,Regina Reyes,Paquete,Chair,Chair,12,No,Condesa,4352
2023-05-09,Ana Ramírez,Fitpass,Cadillac,Cadillac,0,Sí,Roma,208
2023-05-09,Gabriela Díaz,Clase Individual,Chair,Chair,0,No,Polanco,440
2023-05-09,Luis Reyes,Clase Individual,Mat Pilates,Ninguno,0,No,Roma,498
2023-05-09,Carolina Gómez,Fitpass,Reformer,Reformer,0,Sí,Polanco,239
2023-05-09,Renata García,Clase Individual,Cadillac,Cadillac,0,No,Condesa,480
2023-05-09,Daniela López,Paquete,Chair,Chair,8,No,Roma,3177
2023-05-09,Carolina Cruz,Clase Individual,Reformer,Reformer,0,No,Polanco,499
2023-05-10,Ximena Torres,Fitpass,Reformer,Reformer,0,Sí,Roma,215
2023-05-10,Mateo Pérez,Fitpass,Reformer,Reformer,0,Sí,Roma,229
2023-05-10,Andrea Díaz,Fitpass,Reformer,Reformer,0,Sí,Polanco,223
2023-05-10,Paula Sánchez,Paquete,Reformer,Reformer,8,No,Roma,3262
2023-05-10,Mateo Flores,Clase Individual,Cadillac,Cadillac,0,No,Polanco,450
2023-05-10,Mariana López,Fitpass,Cadillac,Cadillac,0,Sí,Roma,215
2023-05-10,Miguel Cruz,Clase Individual,Chair,Chair,0,No,Roma,407
2023-05-10,Mateo Gómez,Paquete,Chair,Chair,12,No,Condesa,4366
2023-05-11,Camila Vázquez,Fitpass,Mat Pilates,Ninguno,0,Sí,Polanco,180
2023-05-11,Regina López,Paquete,Reformer,Reformer,8,No,Condesa,2921
2023-05-11,Regina Martínez,Fitpass,Reformer,Reformer,0,Sí,Polanco,188
2023-05-11,Camila Ramírez,Clase Individual,Mat Pilates,Ninguno,0,No,Roma,382
2023-05-11,Rodrigo Gómez,Fitpass,Reformer,Reformer,0,Sí,Roma,221
2023-05-11,Daniela Rodríguez,Paquete,Cadillac,Cadillac,8,No,Condesa,2984
2023-05-11,Laura Vázquez,Paquete,Reformer,Reformer,12,No,Polanco,4411
2023-05-11,Lucía Morales,Clase Individual,Reformer,Reformer,0,No,Roma,450
2023-05-11,Paula Flores,Paquete,Cadillac,Cadillac,12,No,Polanco,4205
2023-05-11,Mateo López,Paquete,Mat Pilates,Ninguno,12,No,Condesa,4409
2023-05-11,Santiago Rodríguez,Paquete,Reformer,Reformer,12,No,Condesa,4462
2023-05-11,Alejandro Rodríguez,Paquete,Chair,Chair,8,No,Roma,2931
2023-05-12,Diego Gómez,Fitpass,Mat Pilates,Ninguno,0,Sí,Roma,190
2023-05-12,Mateo Hernández,Fitpass,Reformer,Reformer,0,Sí,Roma,208
2023-05-12,Santiago Rodríguez,Paquete,Mat Pilates,Ninguno,8,No,Condesa,3254
2023-05-12,Lucía Martínez,Clase Individual,Mat Pilates,Ninguno,0,No,Roma,431
2023-05-12,Renata Gutiérrez,Clase Individual,Reformer,Reformer,0,No,Roma,397
2023-05-12,Lucía Gómez,Paquete,Reformer,Reformer,12,No,Roma,4148
2023-05-12,Lucía Pérez,Paquete,Chair,Chair,12,No,Roma,4409
2023-05-12,Daniela Morales,Fitpass,Reformer,Reformer,0,Sí,Condesa,198
2023-05-13,Daniela Sánchez,Fitpass,Cadillac,Cadillac,0,Sí,Roma,222
2023-05-13,Laura Ramírez,Clase Individual,Chair,Chair,0,No,Condesa,455
2023-05-13,Mariana Rodríguez,Fitpass,Cadillac,Cadillac,0,Sí,Roma,183
2023-05-13,Claudia Vázquez,Paquete,Reformer,Reformer,12,No,Condesa,4679
2023-05-13,Renata Gutiérrez,Fitpass,Chair,Chair,0,Sí,Condesa,182
2023-05-13,Andrea Hernández,Paquete,Mat Pilates,Ninguno,12,No,Condesa,4209
2023-05-13,Diego Rodríguez,Clase Individual,Reformer,Reformer,0,No,Roma,519
2023-05-13,Javier Jiménez,Paquete,Cadillac,Cadillac,8,No,Roma,3231
2023-05-13,Sofía Gómez,Paquete,Chair,Chair,8,No,Condesa,3118
2023-05-13,Fernando García,Fitpass,Reformer,Reformer,0,Sí,Condesa,218
2023-05-13,Miguel Rodríguez,Paquete,Mat Pilates,Ninguno,8,No,Polanco,3203
2023-05-13,Diego Gutiérrez,Fitpass,Mat Pilates,Ninguno,0,Sí,Polanco,221
2023-05-13,Fernando Gómez,Paquete,Mat Pilates,Ninguno,12,No,Condesa,4569
2023-05-13,Fernando Mendoza,Fitpass,Cadillac,Cadillac,0,Sí,Polanco,210
2023-05-13,Alejandro Pérez,Fitpass,Mat Pilates,Ninguno,0,Sí,Roma,207
2023-05-14,Santiago Morales,Paquete,Reformer,Reformer,8,No,Polanco,3295
2023-05-14,Natalia Sánchez,Paquete,Cadillac,Cadillac,12,No,Roma,4666
2023-05-14,Carolina Morales,Fitpass,Mat Pilates,Ninguno,0,Sí,Polanco,235
2023-05-14,Mariana Díaz,Fitpass,Chair,Chair,0,Sí,Polanco,231
2023-05-14,Carolina Cruz,Clase Individual,Mat Pilates,Ninguno,0,No,Polanco,486
2023-05-14,Ana López,Paquete,Reformer,Reformer,8,No,Roma,2917
2023-05-14,Carlos Mendoza,Paquete,Mat Pilates,Ninguno,8,No,Condesa,3178
2023-05-14,María Gómez,Paquete,Reformer,Reformer,8,No,Condesa,2971
2023-05-15,Javier Díaz,Clase Individual,Mat Pilates,Ninguno,0,No,Roma,394
2023-05-15,Mariana Rodríguez,Paquete,Mat Pilates,Ninguno,8,No,Roma,3167
2023-05-15,Mateo Sánchez,Clase Individual,Reformer,Reformer,0,No,Condesa,467
2023-05-15,Renata Mendoza,Paquete,Reformer,Reformer,8,No,Polanco,3033
2023-05-15,Alejandro Rodríguez,Fitpass,Chair,Chair,0,Sí,Roma,215
2023-05-15,Laura Ramírez,Clase Individual,Reformer,Reformer,0,No,Polanco,469
2023-05-15,Santiago Vázquez,Paquete,Reformer,Reformer,24,No,Polanco,8497
2023-05-15,Rodrigo Díaz,Paquete,Reformer,Reformer,8,No,Roma,3023
2023-05-15,Camila Cruz,Fitpass,Cadillac,Cadillac,0,Sí,Polanco,236
2023-05-15,Gabriela Gómez,Paquete,Cadillac,Cadillac,8,No,Roma,3049
2023-05-15,Camila Pérez,Paquete,Mat Pilates,Ninguno,12,No,Polanco,4252
2023-05-16,Renata López,Fitpass,Reformer,Reformer,0,Sí,Roma,210
2023-05-16,Andrea González,Clase Individual,Reformer,Reformer,0,No,Roma,399
2023-05-16,Valeria Díaz,Fitpass,Chair,Chair,0,Sí,Roma,240
2023-05-16,Daniela Hernández,Fitpass,Mat Pilates,Ninguno,0,Sí,Roma,232
2023-05-16,Fernanda Flores,Fitpass,Mat Pilates,Ninguno,0,Sí,Roma,226
2023-05-16,Mariana Jiménez,Clase Individual,Chair,Chair,0,No,Roma,433
2023-05-16,Mariana Ramírez,Paquete,Reformer,Reformer,12,No,Condesa,4146
2023-05-16,Ana Gutiérrez,Clase Individual,Reformer,Reformer,0,No,Roma,416
2023-05-16,Mariana Ramírez,Paquete,Reformer,Reformer,8,No,Polanco,3025
2023-05-16,Sofía Cruz,Fitpass,Chair,Chair,0,Sí,Polanco,240
2023-05-16,Santiago Torres,Fitpass,Chair,Chair,0,Sí,Roma,225
2023-05-16,Natalia Gutiérrez,Fitpass,Reformer,Reformer,0,Sí,Condesa,196
2023-05-16,Luis López,Fitpass,Chair,Chair,0,Sí,Roma,187
2023-05-16,Santiago Sánchez,Paquete,Reformer,Reformer,12,No,Polanco,4642
2023-05-16,Diego García,Clase Individual,Reformer,Reformer,0,No,Condesa,391
2023-05-16,Sofía Torres,Clase Individual,Cadillac,Cadillac,0,No,Polanco,518
2023-05-16,Gabriela Gómez,Paquete,Reformer,Reformer,24,No,Polanco,8494
2023-05-17,Renata Cruz,Fitpass,Chair,Chair,0,Sí,Roma,228
2023-05-17,María Hernández,Paquete,Reformer,Reformer,12,No,Roma,4419
2023-05-17,Fernando González,Paquete,Reformer,Reformer,8,No,Roma,3130
2023-05-17,Javier Mendoza,Clase Individual,Reformer,Reformer,0,No,Roma,476
2023-05-17,Miguel López,Fitpass,Reformer,Reformer,0,Sí,Roma,202
2023-05-17,Paula Morales,Fitpass,Reformer,Reformer,0,Sí,Roma,219
2023-05-17,Fernando Ramírez,Paquete,Reformer,Reformer,8,No,Roma,2992
2023-05-17,Rodrigo García,Paquete,Reformer,Reformer,12,No,Polanco,4602
2023-05-17,Ximena Jiménez,Paquete,Reformer,Reformer,8,No,Polanco,3079
2023-05-17,Carolina Torres,Paquete,Reformer,Reformer,8,No,Condesa,3051
2023-05-18,Claudia Hernández,Fitpass,Mat Pilates,Ninguno,0,Sí,Roma,206
2023-05-18,Carolina López,Fitpass,Reformer,Reformer,0,Sí,Roma,199
2023-05-18,Laura Gómez,Fitpass,Cadillac,Cadillac,0,Sí,Condesa,229
2023-05-18,Camila Pérez,Fitpass,Cadillac,Cadillac,0,Sí,Condesa,223
2023-05-18,Andrea Morales,Paquete,Mat Pilates,Ninguno,8,No,Condesa,2990
2023-05-18,Laura Hernández,Clase Individual,Mat Pilates,Ninguno,0,No,Roma,457
2023-05-18,Sofía Cruz,Clase Individual,Cadillac,Cadillac,0,No,Polanco,386
2023-05-18,Daniela Hernández,Paquete,Mat Pilates,Ninguno,12,No,Roma,4241
2023-05-18,Miguel González,Fitpass,Chair,Chair,0,Sí,Condesa,216
2023-05-18,Ximena Morales,Fitpass,Reformer,Reformer,0,Sí,Polanco,206
2023-05-18,Mariana Flores,Paquete,Chair,Chair,8,No,Condesa,3243
2023-05-18,Santiago Díaz,Fitpass,Reformer,Reformer,0,Sí,Condesa,219
2023-05-18,Mariana Flores,Fitpass,Reformer,Reformer,0,Sí,Condesa,240
2023-05-19,Laura Jiménez,Paquete,Chair,Chair,8,No,Condesa,3067
2023-05-19,Lucía Díaz,Paquete,Mat Pilates,Ninguno,8,No,Polanco,2944
2023-05-19,Gabriela Ramírez,Fitpass,Reformer,Reformer,0,Sí,Condesa,192
2023-05-19,Regina Cruz,Fitpass,Chair,Chair,0,Sí,Polanco,218
2023-05-19,Claudia Hernández,Paquete,Chair,Chair,8,No,Roma,3056
2023-05-19,Mariana Martínez,Paquete,Mat Pilates,Ninguno,12,No,Roma,4266
2023-05-19,Fernando Torres,Clase Individual,Reformer,Reformer,0,No,Condesa,491
2023-05-19,Renata Jiménez,Fitpass,Reformer,Reformer,0,Sí,Roma,203
2023-05-19,Ximena Hernández,Fitpass,Reformer,Reformer,0,Sí,Condesa,223
2023-05-19,María Cruz,Paquete,Reformer,Reformer,8,No,Roma,2918
2023-05-19,Claudia Hernández,Clase Individual,Mat Pilates,Ninguno,0,No,Polanco,499
2023-05-19,Lucía Hernández,Fitpass,Reformer,Reformer,0,Sí,Roma,202
2023-05-19,Fernanda Hernández,Paquete,Cadillac,Cadillac,12,No,Roma,4398
2023-05-20,Regina Vázquez,Fitpass,Cadillac,Cadillac,0,Sí,Condesa,196
2023-05-20,Javier Díaz,Fitpass,Chair,Chair,0,Sí,Roma,232
2023-05-20,Fernando González,Paquete,Reformer,Reformer,8,No,Roma,3132
2023-05-20,Regina Pérez,Paquete,Reformer,Reformer,24,No,Polanco,8767
2023-05-20,Mariana Pérez,Clase Individual,Chair,Chair,0,No,Condesa,505
2023-05-20,Carlos García,Paquete,Reformer,Reformer,12,No,Roma,4469
2023-05-20,Andrea Sánchez,Clase Individual,Reformer,Reformer,0,No,Roma,514
2023-05-20,Sofía Pérez,Clase Individual,Chair,Chair,0,No,Polanco,406
2023-05-20,Alejandro Martínez,Paquete,Cadillac,Cadillac,8,No,Condesa,3213
2023-05-20,Natalia González,Clase Individual,Mat Pilates,Ninguno,0,No,Polanco,517
2023-05-21,Camila Martínez,Fitpass,Chair,Chair,0,Sí,Condesa,224
2023-05-21,Ximena López,Fitpass,Reformer,Reformer,0,Sí,Condesa,206
2023-05-21,Santiago Vázquez,Fitpass,Cadillac,Cadillac,0,Sí,Polanco,197
2023-05-21,Sofía López,Clase Individual,Chair,Chair,0,No,Roma,389
2023-05-21,Claudia Díaz,Paquete,Cadillac,Cadillac,8,No,Polanco,3107
2023-05-21,Daniela Torres,Fitpass,Reformer,Reformer,0,Sí,Roma,183
2023-05-21,Regina González,Paquete,Cadillac,Cadillac,12,No,Polanco,4556
2023-05-21,Regina Gómez,Paquete,Cadillac,Cadillac,12,No,Condesa,4243
2023-05-21,Carlos Martínez,Fitpass,Reformer,Reformer,0,Sí,Roma,233
2023-05-22,Santiago Torres,Clase Individual,Reformer,Reformer,0,No,Polanco,518
2023-05-22,Luis Morales,Fitpass,Reformer,Reformer,0,Sí,Polanco,196
2023-05-22,Sofía Torres,Fitpass,Reformer,Reformer,0,Sí,Condesa,224
2023-05-22,Valeria Mendoza,Paquete,Chair,Chair,12,No,Condesa,4624
2023-05-22,Claudia Díaz,Paquete,Mat Pilates,Ninguno,8,No,Roma,2975
2023-05-22,Regina Ramírez,Paquete,Reformer,Reformer,8,No,Roma,2956
2023-05-22,Claudia Hernández,Fitpass,Reformer,Reformer,0,Sí,Roma,182
2023-05-22,Carolina Martínez,Fitpass,Chair,Chair,0,Sí,Roma,223
2023-05-22,Alejandro Gómez,Paquete,Reformer,Reformer,12,No,Roma,4189
2023-05-22,Andrea Vázquez,Fitpass,Chair,Chair,0,Sí,Condesa,191
2023-05-22,Ana Ramírez,Paquete,Chair,Chair,12,No,Condesa,4488
2023-05-23,Laura Gutiérrez,Paquete,Reformer,Reformer,24,No,Polanco,8190
2023-05-23,Santiago Vázquez,Fitpass,Cadillac,Cadillac,0,Sí,Polanco,182
2023-05-23,María Hernández,Fitpass,Reformer,Reformer,0,Sí,Condesa,194
2023-05-23,Diego López,Paquete,Cadillac,Cadillac,8,No,Polanco,2920
2023-05-23,Camila Vázquez,Paquete,Cadillac,Cadillac,12,No,Roma,4257
2023-05-23,Ana Morales,Clase Individual,Chair,Chair,0,No,Polanco,399
2023-05-23,Sofía Torres,Paquete,Chair,Chair,8,No,Polanco,3222
2023-05-23,Carolina López,Fitpass,Reformer,Reformer,0,Sí,Roma,236
2023-05-23,Santiago Martínez,Fitpass,Reformer,Reformer,0,Sí,Condesa,195
2023-05-23,Carlos Mendoza,Paquete,Chair,Chair,12,No,Condesa,4240
2023-05-23,Carlos Gómez,Clase Individual,Cadillac,Cadillac,0,No,Condesa,398
2023-05-24,Fernando García,Paquete,Reformer,Reformer,8,No,Condesa,3038
2023-05-24,Luis Cruz,Fitpass,Reformer,Reformer,0,Sí,Condesa,230
2023-05-24,Claudia Rodríguez,Paquete,Chair,Chair,24,No,Condesa,8135
2023-05-24,Victoria Torres,Clase Individual,Reformer,Reformer,0,No,Roma,468
2023-05-24,Mariana Ramírez,Paquete,Chair,Chair,12,No,Condesa,4446
2023-05-24,Victoria Cruz,Paquete,Mat Pilates,Ninguno,8,No,Roma,2999
2023-05-24,Luis Reyes,Paquete,Reformer,Reformer,12,No,Roma,4395
2023-05-24,Fernanda Hernández,Paquete,Reformer,Reformer,8,No,Condesa,2990
2023-05-24,Ximena Gutiérrez,Paquete,Chair,Chair,12,No,Polanco,4598
2023-05-24,Claudia González,Paquete,Reformer,Reformer,12,No,Roma,4375
2023-05-24,Mariana Torres,Fitpass,Reformer,Reformer,0,Sí,Polanco,181
2023-05-25,Carolina Díaz,Fitpass,Chair,Chair,0,Sí,Roma,190
2023-05-25,Mariana Jiménez,Fitpass,Reformer,Reformer,0,Sí,Condesa,208
2023-05-25,Javier Ramírez,Fitpass,Reformer,Reformer,0,Sí,Roma,204
2023-05-25,Miguel Mendoza,Fitpass,Reformer,Reformer,0,Sí,Roma,186
2023-05-25,Renata Flores,Paquete,Cadillac,Cadillac,12,No,Roma,4653
2023-05-25,Regina Jiménez,Fitpass,Reformer,Reformer,0,Sí,Roma,183
2023-05-25,Victoria Mendoza,Clase Individual,Chair,Chair,0,No,Roma,504
2023-05-25,Carolina Jiménez,Paquete,Reformer,Reformer,8,No,Condesa,3071
2023-05-25,Paula Ramírez,Paquete,Mat Pilates,Ninguno,8,No,Polanco,3189
2023-05-25,Carlos Díaz,Paquete,Reformer,Reformer,8,No,Roma,3108
2023-05-25,Diego Reyes,Fitpass,Reformer,Reformer,0,Sí,Condesa,237
2023-05-25,Sofía Gómez,Paquete,Cadillac,Cadillac,8,No,Roma,3131
2023-05-25,Laura Sánchez,Paquete,Cadillac,Cadillac,8,No,Roma,3241
2023-05-26,Mateo Cruz,Fitpass,Reformer,Reformer,0,Sí,Polanco,191
2023-05-26,Valeria Reyes,Paquete,Reformer,Reformer,12,No,Condesa,4451
2023-05-26,Andrea Díaz,Paquete,Chair,Chair,8,No,Polanco,2950
2023-05-26,Ximena Hernández,Paquete,Cadillac,Cadillac,12,No,Roma,4274
2023-05-26,Camila Flores,Paquete,Reformer,Reformer,24,No,Condesa,8594
2023-05-26,Lucía Ramírez,Paquete,Reformer,Reformer,12,No,Roma,4288
2023-05-26,Santiago Gómez,Paquete,Chair,Chair,12,No,Polanco,4257
2023-05-26,Gabriela Gómez,Paquete,Reformer,Reformer,24,No,Polanco,8193
2023-05-26,Gabriela Ramírez,Fitpass,Chair,Chair,0,Sí,Condesa,183
2023-05-26,Camila Gutiérrez,Paquete,Reformer,Reformer,12,No,Roma,4116
2023-05-26,Carolina Sánchez,Clase Individual,Chair,Chair,0,No,Roma,497
2023-05-27,Santiago Morales,Paquete,Reformer,Reformer,24,No,Polanco,8703
2023-05-27,Daniela Ramírez,Paquete,Chair,Chair,8,No,Roma,2973
2023-05-27,Carlos Morales,Fitpass,Reformer,Reformer,0,Sí,Roma,226
2023-05-27,Gabriela García,Fitpass,Reformer,Reformer,0,Sí,Condesa,215
2023-05-27,Mariana Reyes,Fitpass,Cadillac,Cadillac,0,Sí,Polanco,221
2023-05-27,Natalia González,Fitpass,Chair,Chair,0,Sí,Polanco,206
2023-05-27,Regina Díaz,Clase Individual,Reformer,Reformer,0,No,Condesa,405
2023-05-27,Alejandro Rodríguez,Paquete,Reformer,Reformer,12,No,Roma,4522
2023-05-27,Ximena Hernández,Clase Individual,Chair,Chair,0,No,Roma,423
2023-05-27,Camila Ramírez,Fitpass,Reformer,Reformer,0,Sí,Roma,199
2023-05-27,María Morales,Paquete,Reformer,Reformer,8,No,Condesa,3110
2023-05-27,Luis González,Clase Individual,Reformer,Reformer,0,No,Polanco,407
2023-05-27,Javier Morales,Fitpass,Reformer,Reformer,0,Sí,Roma,216
2023-05-28,Miguel Pérez,Paquete,Reformer,Reformer,24,No,Roma,8376
2023-05-28,Victoria Gómez,Paquete,Reformer,Reformer,8,No,Condesa,3164
2023-05-28,Fernando Hernández,Fitpass,Mat Pilates,Ninguno,0,Sí,Polanco,220
2023-05-28,Diego Ramírez,Clase Individual,Mat Pilates,Ninguno,0,No,Roma,465
2023-05-28,María Jiménez,Clase Individual,Cadillac,Cadillac,0,No,Condesa,493
2023-05-28,Lucía Torres,Fitpass,Reformer,Reformer,0,Sí,Roma,227
2023-05-28,Renata Mendoza,Paquete,Chair,Chair,12,No,Condesa,4101
2023-05-28,Fernanda González,Fitpass,Reformer,Reformer,0,Sí,Polanco,230
2023-05-28,Lucía Martínez,Fitpass,Reformer,Reformer,0,Sí,Condesa,188
2023-05-28,Natalia Martínez,Paquete,Reformer,Reformer,8,No,Roma,3256
2023-05-28,Paula Díaz,Fitpass,Reformer,Reformer,0,Sí,Roma,227
2023-05-29,Luis González,Paquete,Reformer,Reformer,12,No,Condesa,4687
2023-05-29,Ximena Sánchez,Fitpass,Reformer,Reformer,0,Sí,Condesa,186
2023-05-29,Miguel Morales,Fitpass,Chair,Chair,0,Sí,Polanco,182
2023-05-29,Laura Jiménez,Fitpass,Chair,Chair,0,Sí,Roma,180
2023-05-29,Diego Rodríguez,Fitpass,Reformer,Reformer,0,Sí,Roma,181
2023-05-29,Natalia Cruz,Paquete,Cadillac,Cadillac,12,No,Condesa,4100
2023-05-30,Javier Jiménez,Fitpass,Reformer,Reformer,0,Sí,Polanco,238
2023-05-30,Daniela Flores,Fitpass,Mat Pilates,Ninguno,0,Sí,Condesa,181
2023-05-30,Regina Ramírez,Fitpass,Chair,Chair,0,Sí,Polanco,224
2023-05-30,Daniela Sánchez,Paquete,Chair,Chair,8,No,Condesa,3076
2023-05-30,Luis González,Paquete,Reformer,Reformer,8,No,Condesa,3237
2023-05-30,Gabriela Reyes,Fitpass,Chair,Chair,0,Sí,Roma,235
2023-05-30,Mariana Flores,Clase Individual,Reformer,Reformer,0,No,Roma,519
2023-05-31,Lucía Reyes,Paquete,Reformer,Reformer,8,No,Polanco,3300
2023-05-31,Carolina Vázquez,Clase Individual,Mat Pilates,Ninguno,0,No,Roma,455
2023-05-31,Renata González,Clase Individual,Reformer,Reformer,0,No,Roma,446
2023-05-31,Carlos Morales,Clase Individual,Mat Pilates,Ninguno,0,No,Condesa,413
2023-05-31,Victoria Sánchez,Paquete,Chair,Chair,8,No,Roma,3262
2023-05-31,Carlos Ramírez,Paquete,Reformer,Reformer,8,No,Polanco,3011
2023-05-31,Andrea Díaz,Fitpass,Cadillac,Cadillac,0,Sí,Roma,190
2023-05-31,Fernanda López,Fitpass,Reformer,Reformer,0,Sí,Roma,238
2023-06-01,Javier Ramírez,Paquete,Reformer,Reformer,24,No,Condesa,8526
2023-06-01,Claudia Gutiérrez,Clase Individual,Reformer,Reformer,0,No,Condesa,462
2023-06-01,Santiago Mendoza,Paquete,Reformer,Reformer,24,No,Polanco,8141
2023-06-01,Miguel Morales,Fitpass,Reformer,Reformer,0,Sí,Polanco,180
2023-06-01,Gabriela Mendoza,Fitpass,Reformer,Reformer,0,Sí,Polanco,199
2023-06-01,Ana Cruz,Paquete,Mat Pilates,Ninguno,12,No,Roma,4135
2023-06-01,Laura González,Paquete,Cadillac,Cadillac,12,No,Condesa,4417
2023-06-01,Claudia Torres,Fitpass,Mat Pilates,Ninguno,0,Sí,Roma,204
2023-06-02,Carolina Hernández,Clase Individual,Cadillac,Cadillac,0,No,Polanco,438
2023-06-02,Mateo Morales,Fitpass,Reformer,Reformer,0,Sí,Polanco,220
2023-06-02,Gabriela Mendoza,Paquete,Chair,Chair,8,No,Roma,3207
2023-06-02,Laura Hernández,Fitpass,Reformer,Reformer,0,Sí,Roma,224
2023-06-03,Sofía Cruz,Paquete,Reformer,Reformer,12,No,Condesa,4198
2023-06-03,Sofía García,Paquete,Chair,Chair,8,No,Roma,3056
2023-06-03,Regina Ramírez,Paquete,Chair,Chair,12,No,Roma,4446
2023-06-03,Camila Pérez,Paquete,Chair,Chair,8,No,Roma,3287
2023-06-03,Rodrigo López,Fitpass,Reformer,Reformer,0,Sí,Roma,226
2023-06-03,Ximena Ramírez,Paquete,Mat Pilates,Ninguno,8,No,Polanco,2926
2023-06-03,Mariana Ramírez,Paquete,Reformer,Reformer,8,No,Roma,3053
2023-06-03,Natalia Vázquez,Paquete,Reformer,Reformer,8,No,Polanco,2948
2023-06-03,Camila Mendoza,Fitpass,Reformer,Reformer,0,Sí,Polanco,187
2023-06-04,Victoria Sánchez,Paquete,Reformer,Reformer,12,No,Condesa,4656
2023-06-04,Laura Ramírez,Paquete,Reformer,Reformer,24,No,Roma,8051
2023-06-04,Mariana López,Clase Individual,Reformer,Reformer,0,No,Polanco,452
2023-06-04,María Cruz,Paquete,Reformer,Reformer,12,No,Polanco,4611
2023-06-04,Luis Cruz,Paquete,Reformer,Reformer,8,No,Condesa,3191
2023-06-04,Daniela Morales,Fitpass,Reformer,Reformer,0,Sí,Roma,218
2023-06-04,Claudia Díaz,Fitpass,Chair,Chair,0,Sí,Condesa,210
2023-06-04,Gabriela Hernández,Paquete,Chair,Chair,24,No,Condesa,8778
2023-06-04,Regina Morales,Fitpass,Mat Pilates,Ninguno,0,Sí,Roma,207
2023-06-04,Paula Martínez,Fitpass,Reformer,Reformer,0,Sí,Condesa,202
2023-06-04,Fernando Ramírez,Clase Individual,Reformer,Reformer,0,No,Condesa,517
2023-06-04,Gabriela González,Paquete,Reformer,Reformer,24,No,Condesa,8026
2023-06-05,Paula Torres,Fitpass,Reformer,Reformer,0,Sí,Roma,187
2023-06-05,Regina Reyes,Clase Individual,Reformer,Reformer,0,No,Condesa,384
2023-06-05,Sofía Díaz,Paquete,Reformer,Reformer,24,No,Polanco,7998
2023-06-05,María Reyes,Clase Individual,Chair,Chair,0,No,Condesa,393
2023-06-05,Carolina García,Clase Individual,Cadillac,Cadillac,0,No,Polanco,450
2023-06-05,María Díaz,Fitpass,Reformer,Reformer,0,Sí,Polanco,229
2023-06-05,Luis Mendoza,Paquete,Reformer,Reformer,8,No,Roma,3149
2023-06-05,Luis Vázquez,Paquete,Reformer,Reformer,12,No,Roma,4407
2023-06-05,Diego Vázquez,Clase Individual,Cadillac,Cadillac,0,No,Condesa,400
2023-06-06,Mateo Morales,Clase Individual,Chair,Chair,0,No,Condesa,446
2023-06-06,Miguel López,Fitpass,Chair,Chair,0,Sí,Polanco,212
2023-06-06,Carlos Mendoza,Clase Individual,Reformer,Reformer,0,No,Condesa,514
2023-06-06,Andrea Pérez,Clase Individual,Reformer,Reformer,0,No,Roma,493
2023-06-06,Fernanda Cruz,Paquete,Reformer,Reformer,24,No,Roma,8234
2023-06-06,Camila Flores,Clase Individual,Reformer,Reformer,0,No,Roma,510
2023-06-06,Paula Rodríguez,Paquete,Reformer,Reformer,8,No,Condesa,3269
2023-06-06,Claudia Pérez,Fitpass,Reformer,Reformer,0,Sí,Polanco,224
2023-06-06,Gabriela Gutiérrez,Paquete,Reformer,Reformer,8,No,Roma,2902
2023-06-06,Mariana Rodríguez,Paquete,Reformer,Reformer,8,No,Condesa,3045
2023-06-06,Regina García,Fitpass,Reformer,Reformer,0,Sí,Polanco,185
2023-06-06,Mateo Reyes,Fitpass,Reformer,Reformer,0,Sí,Polanco,207
2023-06-06,Diego Jiménez,Fitpass,Reformer,Reformer,0,Sí,Roma,190
2023-06-06,Camila Flores,Fitpass,Mat Pilates,Ninguno,0,Sí,Condesa,204
2023-06-06,Daniela Hernández,Fitpass,Cadillac,Cadillac,0,Sí,Condesa,227
2023-06-06,Paula Morales,Paquete,Reformer,Reformer,12,No,Polanco,4365
2023-06-07,Alejandro Flores,Fitpass,Chair,Chair,0,Sí,Polanco,191
2023-06-07,Alejandro López,Paquete,Chair,Chair,8,No,Condesa,2986
2023-06-07,Diego González,Paquete,Reformer,Reformer,8,No,Roma,3124
2023-06-07,Laura Ramírez,Fitpass,Reformer,Reformer,0,Sí,Polanco,232
2023-06-07,María Hernández,Paquete,Mat Pilates,Ninguno,24,No,Condesa,8683
2023-06-07,Claudia Ramírez,Fitpass,Reformer,Reformer,0,Sí,Condesa,209
2023-06-07,Paula Reyes,Paquete,Reformer,Reformer,8,No,Roma,2938
2023-06-07,Carlos Ramírez,Paquete,Reformer,Reformer,12,No,Polanco,4513
2023-06-08,Ximena Torres,Paquete,Chair,Chair,8,No,Polanco,2979
2023-06-08,Diego López,Paquete,Chair,Chair,8,No,Condesa,3156
2023-06-08,Gabriela Vázquez,Paquete,Reformer,Reformer,8,No,Roma,3293
2023-06-08,Claudia García,Clase Individual,Reformer,Reformer,0,No,Polanco,514
2023-06-08,Ana Morales,Paquete,Reformer,Reformer,8,No,Roma,3203
2023-06-08,Javier Gutiérrez,Paquete,Reformer,Reformer,24,No,Polanco,8683
2023-06-09,Mariana Gómez,Paquete,Reformer,Reformer,24,No,Condesa,8495
2023-06-09,Natalia Morales,Fitpass,Reformer,Reformer,0,Sí,Roma,216
2023-06-09,Luis Jiménez,Clase Individual,Reformer,Reformer,0,No,Condesa,474
2023-06-09,Fernando Pérez,Fitpass,Mat Pilates,Ninguno,0,Sí,Polanco,235
2023-06-09,Mariana Mendoza,Paquete,Chair,Chair,12,No,Roma,4122
2023-06-09,Fernando Cruz,Fitpass,Mat Pilates,Ninguno,0,Sí,Condesa,220
2023-06-09,Miguel Rodríguez,Fitpass,Mat Pilates,Ninguno,0,Sí,Condesa,229
2023-06-09,Rodrigo Reyes,Fitpass,Reformer,Reformer,0,Sí,Roma,222
2023-06-09,Natalia Sánchez,Fitpass,Reformer,Reformer,0,Sí,Polanco,239
2023-06-09,Paula Vázquez,Fitpass,Reformer,Reformer,0,Sí,Roma,188
2023-06-10,Fernanda López,Fitpass,Cadillac,Cadillac,0,Sí,Polanco,200
2023-06-10,Ana Cruz,Clase Individual,Reformer,Reformer,0,No,Polanco,440
2023-06-10,Ximena García,Fitpass,Reformer,Reformer,0,Sí,Condesa,212
2023-06-10,Ana Mendoza,Paquete,Reformer,Reformer,12,No,Condesa,4224
2023-06-10,Javier Torres,Paquete,Cadillac,Cadillac,12,No,Roma,4235
2023-06-10,Valeria Cruz,Fitpass,Mat Pilates,Ninguno,0,Sí,Roma,188
2023-06-10,Daniela Jiménez,Paquete,Mat Pilates,Ninguno,12,No,Polanco,4469
2023-06-11,Fernanda García,Fitpass,Reformer,Reformer,0,Sí,Polanco,235
2023-06-11,Andrea Díaz,Clase Individual,Reformer,Reformer,0,No,Condesa,398
2023-06-11,Andrea Cruz,Paquete,Reformer,Reformer,24,No,Condesa,8873
2023-06-11,Daniela Hernández,Fitpass,Cadillac,Cadillac,0,Sí,Condesa,189
2023-06-11,Natalia Torres,Fitpass,Cadillac,Cadillac,0,Sí,Roma,185
2023-06-11,Sofía Pérez,Clase Individual,Mat Pilates,Ninguno,0,No,Roma,420
2023-06-11,Renata Reyes,Fitpass,Reformer,Reformer,0,Sí,Condesa,234
2023-06-11,Javier Sánchez,Fitpass,Mat Pilates,Ninguno,0,Sí,Polanco,184
2023-06-11,Miguel Sánchez,Paquete,Mat Pilates,Ninguno,12,No,Polanco,4430
2023-06-11,Ana Morales,Fitpass,Chair,Chair,0,Sí,Roma,202
2023-06-12,Lucía García,Clase Individual,Reformer,Reformer,0,No,Condesa,457
2023-06-12,Victoria Hernández,Paquete,Cadillac,Cadillac,8,No,Condesa,3057
2023-06-12,Valeria Morales,Paquete,Chair,Chair,8,No,Roma,2913
2023-06-12,Regina Sánchez,Clase Individual,Cadillac,Cadillac,0,No,Polanco,451
2023-06-13,Santiago Martínez,Fitpass,Reformer,Reformer,0,Sí,Roma,188
2023-06-13,Fernando Gutiérrez,Paquete,Reformer,Reformer,12,No,Condesa,4208
2023-06-13,Rodrigo Gómez,Clase Individual,Reformer,Reformer,0,No,Condesa,429
2023-06-13,Carolina Ramírez,Paquete,Mat Pilates,Ninguno,12,No,Condesa,4598
2023-06-13,Andrea Martínez,Fitpass,Reformer,Reformer,0,Sí,Polanco,233
2023-06-13,Santiago Martínez,Fitpass,Chair,Chair,0,Sí,Polanco,227
2023-06-13,Fernando Torres,Fitpass,Mat Pilates,Ninguno,0,Sí,Roma,189
2023-06-13,Gabriela Mendoza,Paquete,Reformer,Reformer,8,No,Roma,2952
2023-06-13,Javier Díaz,Fitpass,Chair,Chair,0,Sí,Condesa,218
2023-06-14,Mariana Morales,Paquete,Reformer,Reformer,12,No,Roma,4492
2023-06-14,Carlos Mendoza,Fitpass,Reformer,Reformer,0,Sí,Condesa,206
2023-06-14,Carolina Morales,Fitpass,Reformer,Reformer,0,Sí,Roma,193
2023-06-14,Andrea Martínez,Paquete,Reformer,Reformer,8,No,Roma,3060
2023-06-14,Fernanda Torres,Clase Individual,Reformer,Reformer,0,No,Condesa,388
2023-06-14,Regina García,Paquete,Reformer,Reformer,12,No,Condesa,4651
2023-06-14,Alejandro Martínez,Fitpass,Reformer,Reformer,0,Sí,Roma,189
2023-06-14,Fernanda Rodríguez,Fitpass,Reformer,Reformer,0,Sí,Roma,206
2023-06-14,Ximena Torres,Paquete,Chair,Chair,8,No,Roma,3003
2023-06-14,Rodrigo Díaz,Paquete,Mat Pilates,Ninguno,12,No,Roma,4564
2023-06-14,Renata Flores,Fitpass,Reformer,Reformer,0,Sí,Polanco,191
2023-06-14,Valeria Flores,Paquete,Mat Pilates,Ninguno,8,No,Roma,2957
2023-06-14,Sofía González,Fitpass,Reformer,Reformer,0,Sí,Polanco,182
2023-06-14,Mateo Hernández,Clase Individual,Reformer,Reformer,0,No,Condesa,442
2023-06-15,Rodrigo Reyes,Paquete,Reformer,Reformer,12,No,Roma,4449
2023-06-15,Diego Jiménez,Clase Individual,Reformer,Reformer,0,No,Roma,457
2023-06-15,Santiago López,Paquete,Chair,Chair,8,No,Roma,3126
2023-06-15,Diego Reyes,Paquete,Reformer,Reformer,12,No,Roma,4397
2023-06-15,Miguel Mendoza,Fitpass,Reformer,Reformer,0,Sí,Roma,211
2023-06-15,Mariana Rodríguez,Clase Individual,Reformer,Reformer,0,No,Polanco,480
2023-06-15,Ximena Vázquez,Fitpass,Reformer,Reformer,0,Sí,Condesa,217
2023-06-15,Diego Rodríguez,Paquete,Reformer,Reformer,8,No,Polanco,3275
2023-06-15,Andrea Torres,Fitpass,Chair,Chair,0,Sí,Condesa,197
2023-06-15,Claudia García,Paquete,Reformer,Reformer,8,No,Condesa,3145
2023-06-15,Fernando Torres,Paquete,Chair,Chair,8,No,Polanco,3123
2023-06-15,Diego Ramírez,Paquete,Reformer,Reformer,12,No,Polanco,4105
2023-06-16,Renata Reyes,Paquete,Reformer,Reformer,12,No,Polanco,4387
2023-06-16,Sofía Martínez,Clase Individual,Mat Pilates,Ninguno,0,No,Polanco,495
2023-06-16,Paula Reyes,Fitpass,Reformer,Reformer,0,Sí,Polanco,240
2023-06-16,Diego Gutiérrez,Paquete,Reformer,Reformer,12,No,Condesa,4144
2023-06-16,Luis García,Clase Individual,Cadillac,Cadillac,0,No,Condesa,441
2023-06-16,Carolina Sánchez,Clase Individual,Cadillac,Cadillac,0,No,Roma,411
2023-06-16,Luis Pérez,Clase Individual,Mat Pilates,Ninguno,0,No,Roma,401
2023-06-16,Claudia Martínez,Fitpass,Mat Pilates,Ninguno,0,Sí,Condesa,238
2023-06-16,Victoria Hernández,Paquete,Chair,Chair,12,No,Condesa,4260
2023-06-17,Renata Flores,Paquete,Mat Pilates,Ninguno,8,No,Condesa,3073
2023-06-17,María Hernández,Paquete,Chair,Chair,24,No,Condesa,8326
2023-06-17,Lucía Morales,Fitpass,Reformer,Reformer,0,Sí,Roma,189
2023-06-17,Javier Jiménez,Fitpass,Chair,Chair,0,Sí,Polanco,211
2023-06-17,Natalia Ramírez,Paquete,Mat Pilates,Ninguno,8,No,Polanco,3246
2023-06-17,Javier Morales,Paquete,Reformer,Reformer,12,No,Roma,4347
2023-06-17,Sofía López,Paquete,Reformer,Reformer,8,No,Roma,3163
2023-06-17,Gabriela López,Clase Individual,Cadillac,Cadillac,0,No,Roma,383
2023-06-17,Carolina Vázquez,Paquete,Mat Pilates,Ninguno,8,No,Condesa,3044
2023-06-17,Claudia Reyes,Fitpass,Reformer,Reformer,0,Sí,Roma,206
2023-06-17,Santiago Martínez,Fitpass,Reformer,Reformer,0,Sí,Condesa,222
2023-06-17,Andrea González,Fitpass,Cadillac,Cadillac,0,Sí,Roma,207
2023-06-18,Javier Sánchez,Fitpass,Reformer,Reformer,0,Sí,Roma,205
2023-06-18,Javier Hernández,Fitpass,Reformer,Reformer,0,Sí,Roma,205
2023-06-18,Valeria Morales,Paquete,Chair,Chair,12,No,Polanco,4544
2023-06-18,Ana López,Clase Individual,Mat Pilates,Ninguno,0,No,Roma,388
2023-06-19,Gabriela Gutiérrez,Fitpass,Chair,Chair,0,Sí,Roma,222
2023-06-19,Luis Gutiérrez,Paquete,Mat Pilates,Ninguno,12,No,Roma,4187
2023-06-19,Diego Cruz,Fitpass,Reformer,Reformer,0,Sí,Condesa,198
2023-06-19,Mateo Morales,Paquete,Reformer,Reformer,8,No,Roma,3229
2023-06-19,Fernando Ramírez,Fitpass,Reformer,Reformer,0,Sí,Condesa,216
2023-06-19,Claudia Jiménez,Paquete,Chair,Chair,8,No,Roma,2902
2023-06-19,Laura Reyes,Clase Individual,Reformer,Reformer,0,No,Condesa,498
2023-06-19,Fernando Gómez,Fitpass,Reformer,Reformer,0,Sí,Roma,232
2023-06-19,Victoria Gómez,Paquete,Reformer,Reformer,8,No,Roma,2951
2023-06-19,Carolina Jiménez,Clase Individual,Chair,Chair,0,No,Condesa,473
2023-06-19,Miguel Sánchez,Paquete,Chair,Chair,24,No,Condesa,8261
2023-06-19,Lucía González,Fitpass,Mat Pilates,Ninguno,0,Sí,Condesa,228
2023-06-19,Rodrigo López,Paquete,Reformer,Reformer,8,No,Roma,2906
2023-06-19,Luis Rodríguez,Paquete,Chair,Chair,12,No,Condesa,4357
2023-06-19,Gabriela Gómez,Fitpass,Chair,Chair,0,Sí,Polanco,227
2023-06-19,Mariana López,Fitpass,Cadillac,Cadillac,0,Sí,Condesa,234
2023-06-19,Lucía Sánchez,Fitpass,Cadillac,Cadillac,0,Sí,Roma,222
2023-06-19,Lucía Ramírez,Fitpass,Reformer,Reformer,0,Sí,Polanco,186
2023-06-19,Natalia Morales,Paquete,Reformer,Reformer,8,No,Roma,2923
2023-06-20,Camila Gutiérrez,Paquete,Cadillac,Cadillac,24,No,Polanco,8278
2023-06-20,Claudia Hernández,Fitpass,Reformer,Reformer,0,Sí,Roma,186
2023-06-20,Valeria Mendoza,Paquete,Mat Pilates,Ninguno,12,No,Polanco,4146
2023-06-21,Claudia Díaz,Paquete,Reformer,Reformer,12,No,Condesa,4516
2023-06-21,Laura García,Paquete,Cadillac,Cadillac,12,No,Roma,4573
2023-06-21,Fernanda González,Fitpass,Reformer,Reformer,0,Sí,Condesa,191
2023-06-21,Alejandro Reyes,Paquete,Reformer,Reformer,12,No,Polanco,4239
2023-06-21,Fernanda Reyes,Paquete,Reformer,Reformer,12,No,Condesa,4257
2023-06-22,Claudia Rodríguez,Clase Individual,Reformer,Reformer,0,No,Condesa,416
2023-06-22,Santiago Rodríguez,Fitpass,Reformer,Reformer,0,Sí,Condesa,223
2023-06-22,Ximena Ramírez,Paquete,Reformer,Reformer,8,No,Polanco,2913
2023-06-22,Lucía Díaz,Paquete,Cadillac,Cadillac,8,No,Condesa,3192
2023-06-22,Ximena Jiménez,Fitpass,Chair,Chair,0,Sí,Condesa,213
2023-06-22,Fernanda Morales,Clase Individual,Reformer,Reformer,0,No,Polanco,505
2023-06-22,Alejandro Jiménez,Paquete,Reformer,Reformer,8,No,Condesa,2974
2023-06-22,Andrea Torres,Clase Individual,Reformer,Reformer,0,No,Condesa,415
2023-06-23,María Jiménez,Fitpass,Reformer,Reformer,0,Sí,Condesa,211
2023-06-23,Mariana Torres,Paquete,Reformer,Reformer,8,No,Roma,3057
2023-06-23,Ximena Gómez,Paquete,Chair,Chair,12,No,Condesa,4492
2023-06-23,Fernando Hernández,Clase Individual,Cadillac,Cadillac,0,No,Polanco,448
2023-06-23,Regina Sánchez,Paquete,Mat Pilates,Ninguno,12,No,Condesa,4288
2023-06-23,Lucía López,Paquete,Chair,Chair,8,No,Polanco,2951
2023-06-23,Paula Flores,Fitpass,Reformer,Reformer,0,Sí,Polanco,237
2023-06-23,Javier García,Paquete,Mat Pilates,Ninguno,8,No,Roma,3250
2023-06-23,Renata Ramírez,Paquete,Reformer,Reformer,12,No,Condesa,4345
2023-06-23,Javier García,Clase Individual,Cadillac,Cadillac,0,No,Condesa,493
2023-06-23,Sofía Reyes,Fitpass,Reformer,Reformer,0,Sí,Roma,214
2023-06-23,Victoria Cruz,Paquete,Reformer,Reformer,8,No,Roma,3245
2023-06-23,Carolina Hernández,Paquete,Reformer,Reformer,8,No,Condesa,3007
2023-06-23,Camila Díaz,Fitpass,Chair,Chair,0,Sí,Roma,211
2023-06-23,Lucía López,Paquete,Cadillac,Cadillac,8,No,Roma,3031
2023-06-24,Ana González,Paquete,Reformer,Reformer,8,No,Roma,3250
2023-06-24,Victoria Gómez,Paquete,Reformer,Reformer,12,No,Polanco,4616
2023-06-24,Ximena García,Fitpass,Reformer,Reformer,0,Sí,Roma,230
2023-06-24,Ana Morales,Paquete,Chair,Chair,12,No,Roma,4323
2023-06-24,Gabriela Díaz,Paquete,Reformer,Reformer,8,No,Roma,3070
2023-06-24,Carolina Mendoza,Fitpass,Reformer,Reformer,0,Sí,Polanco,223
2023-06-24,Laura Pérez,Paquete,Chair,Chair,12,No,Condesa,4389
2023-06-24,Natalia González,Paquete,Reformer,Reformer,12,No,Roma,4272
2023-06-24,Paula Flores,Fitpass,Reformer,Reformer,0,Sí,Roma,220
2023-06-24,Rodrigo Morales,Clase Individual,Reformer,Reformer,0,No,Polanco,506
2023-06-24,Luis Mendoza,Paquete,Reformer,Reformer,24,No,Roma,8761
2023-06-25,Renata López,Clase Individual,Chair,Chair,0,No,Polanco,444
2023-06-25,Santiago Hernández,Paquete,Mat Pilates,Ninguno,12,No,Condesa,4306
2023-06-25,Miguel Mendoza,Paquete,Cadillac,Cadillac,12,No,Roma,4602
2023-06-25,Renata García,Clase Individual,Reformer,Reformer,0,No,Condesa,497
2023-06-25,Daniela Mendoza,Fitpass,Reformer,Reformer,0,Sí,Roma,233
2023-06-25,Javier Gutiérrez,Paquete,Reformer,Reformer,12,No,Condesa,4550
2023-06-25,Valeria Vázquez,Fitpass,Reformer,Reformer,0,Sí,Condesa,181
2023-06-25,Sofía Morales,Fitpass,Cadillac,Cadillac,0,Sí,Polanco,207
2023-06-25,Laura Pérez,Paquete,Chair,Chair,8,No,Condesa,3185
2023-06-25,Camila Ramírez,Clase Individual,Chair,Chair,0,No,Polanco,384
2023-06-25,Fernando Mendoza,Paquete,Reformer,Reformer,12,No,Polanco,4489
2023-06-25,Mateo Flores,Paquete,Reformer,Reformer,8,No,Condesa,3166
2023-06-26,Santiago Martínez,Fitpass,Reformer,Reformer,0,Sí,Polanco,215
2023-06-26,Daniela Torres,Fitpass,Reformer,Reformer,0,Sí,Roma,183
2023-06-26,Alejandro Mendoza,Fitpass,Reformer,Reformer,0,Sí,Condesa,185
2023-06-26,Mariana Flores,Fitpass,Cadillac,Cadillac,0,Sí,Roma,235
2023-06-26,Regina López,Fitpass,Chair,Chair,0,Sí,Roma,193
2023-06-26,Victoria Gutiérrez,Paquete,Reformer,Reformer,12,No,Condesa,4310
2023-06-27,Claudia Torres,Fitpass,Mat Pilates,Ninguno,0,Sí,Roma,217
2023-06-27,Camila Rodríguez,Paquete,Reformer,Reformer,8,No,Roma,2927
2023-06-27,Diego Gutiérrez,Fitpass,Reformer,Reformer,0,Sí,Condesa,234
2023-06-27,Gabriela Sánchez,Paquete,Mat Pilates,Ninguno,12,No,Condesa,4618
2023-06-27,Javier Morales,Paquete,Chair,Chair,8,No,Roma,3141
2023-06-27,Renata Vázquez,Fitpass,Chair,Chair,0,Sí,Roma,198
2023-06-27,Natalia López,Fitpass,Reformer,Reformer,0,Sí,Polanco,198
2023-06-27,Fernanda Morales,Fitpass,Reformer,Reformer,0,Sí,Polanco,211
2023-06-27,Camila Ramírez,Paquete,Chair,Chair,8,No,Polanco,3132
2023-06-27,Gabriela Martínez,Clase Individual,Chair,Chair,0,No,Polanco,400
2023-06-27,Claudia Mendoza,Paquete,Reformer,Reformer,8,No,Roma,2996
2023-06-27,Victoria Cruz,Fitpass,Cadillac,Cadillac,0,Sí,Roma,194
2023-06-27,Mateo Morales,Paquete,Reformer,Reformer,24,No,Condesa,8579
2023-06-27,Regina Díaz,Fitpass,Cadillac,Cadillac,0,Sí,Polanco,181
2023-06-27,Luis García,Paquete,Chair,Chair,12,No,Polanco,4520
2023-06-28,Paula Martínez,Clase Individual,Reformer,Reformer,0,No,Condesa,397
2023-06-28,Javier Rodríguez,Paquete,Chair,Chair,8,No,Roma,3259
2023-06-28,Victoria Cruz,Clase Individual,Reformer,Reformer,0,No,Polanco,516
2023-06-28,Natalia Morales,Paquete,Cadillac,Cadillac,24,No,Roma,8189
2023-06-28,Fernando Jiménez,Clase Individual,Reformer,Reformer,0,No,Condesa,433
2023-06-28,Claudia García,Paquete,Reformer,Reformer,8,No,Roma,3224
2023-06-28,Rodrigo García,Fitpass,Reformer,Reformer,0,Sí,Condesa,224
2023-06-29,Fernando Martínez,Paquete,Chair,Chair,24,No,Polanco,8861
2023-06-29,Fernanda Martínez,Clase Individual,Reformer,Reformer,0,No,Condesa,425
2023-06-29,Paula Gómez,Fitpass,Cadillac,Cadillac,0,Sí,Polanco,240
2023-06-29,Ana Flores,Paquete,Reformer,Reformer,8,No,Polanco,3243
2023-06-29,Ana Gutiérrez,Clase Individual,Cadillac,Cadillac,0,No,Condesa,421
2023-06-29,Andrea Martínez,Fitpass,Cadillac,Cadillac,0,Sí,Condesa,233
2023-06-29,Lucía Rodríguez,Fitpass,Mat Pilates,Ninguno,0,Sí,Polanco,201
2023-06-29,Fernando Flores,Fitpass,Cadillac,Cadillac,0,Sí,Roma,211
2023-06-29,Luis Morales,Clase Individual,Mat Pilates,Ninguno,0,No,Condesa,490
2023-06-30,Natalia Gutiérrez,Paquete,Reformer,Reformer,24,No,Condesa,7961
2023-06-30,Javier Díaz,Clase Individual,Cadillac,Cadillac,0,No,Roma,454
2023-06-30,Alejandro Rodríguez,Clase Individual,Chair,Chair,0,No,Polanco,471
2023-06-30,Carlos Morales,Fitpass,Reformer,Reformer,0,Sí,Condesa,233
2023-06-30,Renata Reyes,Paquete,Reformer,Reformer,24,No,Roma,8116
2023-06-30,Mateo Flores,Clase Individual,Chair,Chair,0,No,Roma,413
2023-06-30,Alejandro Rodríguez,Fitpass,Mat Pilates,Ninguno,0,Sí,Polanco,221
2023-06-30,Mariana Martínez,Fitpass,Chair,Chair,0,Sí,Roma,199
2023-06-30,Andrea Díaz,Paquete,Reformer,Reformer,8,No,Roma,3008
2023-06-30,Renata Ramírez,Fitpass,Mat Pilates,Ninguno,0,Sí,Condesa,185
2023-06-30,Miguel Gutiérrez,Paquete,Reformer,Reformer,8,No,Condesa,3052
2023-06-30,Mateo Flores,Fitpass,Reformer,Reformer,0,Sí,Condesa,211
2023-07-01,Natalia Vázquez,Paquete,Cadillac,Cadillac,12,No,Polanco,4171
2023-07-01,Camila Cruz,Paquete,Reformer,Reformer,8,No,Condesa,3226
2023-07-01,Gabriela Gutiérrez,Clase Individual,Reformer,Reformer,0,No,Roma,424
2023-07-01,Ana Flores,Paquete,Chair,Chair,8,No,Polanco,2909
2023-07-01,Miguel López,Paquete,Cadillac,Cadillac,8,No,Polanco,3265
2023-07-01,Ana García,Fitpass,Reformer,Reformer,0,Sí,Roma,184
2023-07-01,Paula García,Paquete,Cadillac,Cadillac,8,No,Polanco,3146
2023-07-01,Carlos Morales,Paquete,Reformer,Reformer,8,No,Condesa,3172
2023-07-01,Carolina López,Paquete,Mat Pilates,Ninguno,8,No,Polanco,3082
2023-07-02,Carolina Reyes,Paquete,Cadillac,Cadillac,12,No,Roma,4632
2023-07-02,Daniela Mendoza,Clase Individual,Mat Pilates,Ninguno,0,No,Condesa,490
2023-07-02,Laura Gómez,Clase Individual,Mat Pilates,Ninguno,0,No,Roma,410
2023-07-02,Fernanda Vázquez,Paquete,Chair,Chair,8,No,Polanco,3121
2023-07-02,Andrea Vázquez,Fitpass,Reformer,Reformer,0,Sí,Condesa,198
2023-07-02,Renata Morales,Paquete,Reformer,Reformer,12,No,Polanco,4645
2023-07-02,Claudia Cruz,Paquete,Mat Pilates,Ninguno,8,No,Condesa,2928
2023-07-02,Victoria Rodríguez,Fitpass,Reformer,Reformer,0,Sí,Roma,212
2023-07-02,Renata Ramírez,Clase Individual,Mat Pilates,Ninguno,0,No,Condesa,460
2023-07-03,Daniela Flores,Clase Individual,Reformer,Reformer,0,No,Roma,413
2023-07-03,Santiago Rodríguez,Paquete,Mat Pilates,Ninguno,12,No,Roma,4519
2023-07-03,Carlos Rodríguez,Fitpass,Reformer,Reformer,0,Sí,Roma,191
2023-07-03,Diego Jiménez,Fitpass,Cadillac,Cadillac,0,Sí,Roma,204
2023-07-03,Lucía Gutiérrez,Fitpass,Reformer,Reformer,0,Sí,Roma,229
2023-07-03,Alejandro Vázquez,Paquete,Reformer,Reformer,8,No,Condesa,3177
2023-07-04,Natalia Pérez,Fitpass,Chair,Chair,0,Sí,Condesa,192
2023-07-04,Ximena Morales,Fitpass,Mat Pilates,Ninguno,0,Sí,Condesa,192
2023-07-04,Javier Sánchez,Paquete,Reformer,Reformer,8,No,Condesa,2956
2023-07-04,Alejandro Jiménez,Paquete,Cadillac,Cadillac,24,No,Roma,8567
2023-07-04,Carolina García,Paquete,Reformer,Reformer,8,No,Polanco,3212
2023-07-04,Alejandro Rodríguez,Paquete,Reformer,Reformer,8,No,Roma,3230
2023-07-04,Renata Mendoza,Paquete,Reformer,Reformer,8,No,Condesa,2920
2023-07-04,Daniela Jiménez,Fitpass,Chair,Chair,0,Sí,Condesa,215
2023-07-04,Claudia Rodríguez,Clase Individual,Chair,Chair,0,No,Roma,393
2023-07-04,Paula Torres,Fitpass,Mat Pilates,Ninguno,0,Sí,Condesa,201
2023-07-05,Carolina Sánchez,Fitpass,Mat Pilates,Ninguno,0,Sí,Roma,225
2023-07-05,Ximena Gutiérrez,Fitpass,Cadillac,Cadillac,0,Sí,Roma,206
2023-07-05,Ximena Torres,Fitpass,Cadillac,Cadillac,0,Sí,Condesa,232
2023-07-05,Ana García,Paquete,Reformer,Reformer,12,No,Polanco,4549
2023-07-06,Lucía Gómez,Paquete,Reformer,Reformer,12,No,Condesa,4580
2023-07-06,Diego Mendoza,Fitpass,Reformer,Reformer,0,Sí,Roma,220
2023-07-06,Victoria Díaz,Paquete,Reformer,Reformer,8,No,Polanco,3052
2023-07-06,Victoria Vázquez,Clase Individual,Mat Pilates,Ninguno,0,No,Roma,445
2023-07-06,Daniela Sánchez,Clase Individual,Reformer,Reformer,0,No,Roma,389
2023-07-06,Camila Rodríguez,Fitpass,Chair,Chair,0,Sí,Roma,184
2023-07-06,Fernanda Martínez,Fitpass,Chair,Chair,0,Sí,Polanco,240
2023-07-06,Camila Pérez,Fitpass,Reformer,Reformer,0,Sí,Polanco,193
2023-07-07,Miguel Pérez,Fitpass,Chair,Chair,0,Sí,Polanco,237
2023-07-07,Victoria Mendoza,Paquete,Reformer,Reformer,8,No,Roma,2951
2023-07-07,Luis Pérez,Paquete,Cadillac,Cadillac,12,No,Roma,4482
2023-07-07,Paula Sánchez,Paquete,Cadillac,Cadillac,8,No,Roma,3150
2023-07-07,Natalia Martínez,Fitpass,Reformer,Reformer,0,Sí,Condesa,227
2023-07-07,Alejandro Gómez,Paquete,Cadillac,Cadillac,8,No,Roma,3254
2023-07-08,Victoria Rodríguez,Fitpass,Reformer,Reformer,0,Sí,Roma,201
2023-07-08,Ximena Martínez,Paquete,Chair,Chair,8,No,Condesa,3196
2023-07-08,Fernanda Reyes,Paquete,Reformer,Reformer,8,No,Roma,3021
2023-07-08,Paula López,Paquete,Chair,Chair,24,No,Condesa,8643
2023-07-09,Laura González,Paquete,Chair,Chair,12,No,Roma,4429
2023-07-09,Lucía Díaz,Paquete,Cadillac,Cadillac,8,No,Polanco,3245
2023-07-09,Victoria Sánchez,Fitpass,Mat Pilates,Ninguno,0,Sí,Condesa,223
2023-07-10,Sofía Jiménez,Paquete,Chair,Chair,8,No,Polanco,2933
2023-07-10,Mateo Sánchez,Fitpass,Reformer,Reformer,0,Sí,Condesa,223
2023-07-10,Ana Morales,Fitpass,Reformer,Reformer,0,Sí,Roma,183
2023-07-10,Natalia Gutiérrez,Fitpass,Reformer,Reformer,0,Sí,Roma,201
2023-07-10,Lucía Reyes,Fitpass,Cadillac,Cadillac,0,Sí,Condesa,187
2023-07-11,Mariana Martínez,Paquete,Reformer,Reformer,12,No,Condesa,4236
2023-07-11,Diego Vázquez,Fitpass,Cadillac,Cadillac,0,Sí,Condesa,218
2023-07-11,Ana Gómez,Paquete,Reformer,Reformer,12,No,Roma,4125
2023-07-11,Fernanda Flores,Clase Individual,Mat Pilates,Ninguno,0,No,Condesa,386
2023-07-12,María Reyes,Fitpass,Reformer,Reformer,0,Sí,Condesa,229
2023-07-12,Laura Vázquez,Fitpass,Cadillac,Cadillac,0,Sí,Polanco,230
2023-07-12,Regina Gómez,Fitpass,Reformer,Reformer,0,Sí,Polanco,194
2023-07-12,Victoria Gutiérrez,Clase Individual,Reformer,Reformer,0,No,Condesa,411
2023-07-12,Mateo Vázquez,Clase Individual,Reformer,Reformer,0,No,Condesa,457
2023-07-12,Diego Gómez,Paquete,Chair,Chair,8,No,Roma,2910
2023-07-12,Sofía Díaz,Fitpass,Chair,Chair,0,Sí,Roma,181
2023-07-13,Mateo Hernández,Paquete,Reformer,Reformer,24,No,Roma,8117
2023-07-13,Camila Reyes,Clase Individual,Cadillac,Cadillac,0,No,Condesa,385
2023-07-13,Natalia Reyes,Paquete,Reformer,Reformer,12,No,Roma,4468
2023-07-13,Miguel Mendoza,Paquete,Reformer,Reformer,24,No,Roma,8482
2023-07-13,Victoria Gómez,Fitpass,Reformer,Reformer,0,Sí,Condesa,206
2023-07-13,María Cruz,Paquete,Chair,Chair,24,No,Polanco,8247
2023-07-14,Fernanda Gómez,Clase Individual,Mat Pilates,Ninguno,0,No,Condesa,395
2023-07-14,Andrea Sánchez,Paquete,Cadillac,Cadillac,8,No,Polanco,3232
2023-07-14,Camila Mendoza,Paquete,Chair,Chair,8,No,Roma,3025
2023-07-14,Luis Reyes,Paquete,Reformer,Reformer,24,No,Roma,8654
2023-07-14,Javier Gómez,Fitpass,Cadillac,Cadillac,0,Sí,Roma,231
2023-07-14,Gabriela Díaz,Paquete,Mat Pilates,Ninguno,8,No,Condesa,3134
2023-07-14,Mateo López,Paquete,Chair,Chair,8,No,Polanco,3260
2023-07-15,Santiago López,Clase Individual,Mat Pilates,Ninguno,0,No,Roma,429
2023-07-15,Lucía Gutiérrez,Paquete,Chair,Chair,12,No,Roma,4695
2023-07-15,Fernanda Torres,Clase Individual,Reformer,Reformer,0,No,Roma,498
2023-07-15,Victoria Cruz,Clase Individual,Chair,Chair,0,No,Polanco,476
2023-07-15,Ana Vázquez,Fitpass,Cadillac,Cadillac,0,Sí,Roma,181
2023-07-15,Alejandro Flores,Paquete,Reformer,Reformer,12,No,Polanco,4428
2023-07-15,Andrea González,Paquete,Reformer,Reformer,24,No,Roma,8412
2023-07-15,Lucía Díaz,Fitpass,Cadillac,Cadillac,0,Sí,Condesa,210
2023-07-15,Regina Morales,Paquete,Reformer,Reformer,12,No,Roma,4105
2023-07-16,María Rodríguez,Paquete,Chair,Chair,8,No,Polanco,3097
2023-07-16,Ximena Gutiérrez,Fitpass,Reformer,Reformer,0,Sí,Polanco,225
2023-07-16,Daniela Gómez,Fitpass,Cadillac,Cadillac,0,Sí,Polanco,185
2023-07-16,Fernanda Rodríguez,Fitpass,Chair,Chair,0,Sí,Condesa,203
2023-07-17,Carolina González,Fitpass,Cadillac,Cadillac,0,Sí,Condesa,224
2023-07-17,Regina Martínez,Fitpass,Cadillac,Cadillac,0,Sí,Roma,185
2023-07-17,Fernando Cruz,Fitpass,Chair,Chair,0,Sí,Condesa,201
2023-07-17,Santiago Hernández,Clase Individual,Reformer,Reformer,0,No,Polanco,429
2023-07-17,María Gutiérrez,Clase Individual,Chair,Chair,0,No,Roma,475
2023-07-17,Mariana Reyes,Fitpass,Reformer,Reformer,0,Sí,Roma,208
2023-07-17,Javier González,Fitpass,Reformer,Reformer,0,Sí,Condesa,196
2023-07-17,María Pérez,Fitpass,Mat Pilates,Ninguno,0,Sí,Polanco,213
2023-07-17,Fernando Gómez,Paquete,Mat Pilates,Ninguno,12,No,Roma,4201
2023-07-17,Fernando Morales,Clase Individual,Reformer,Reformer,0,No,Polanco,458
2023-07-18,Carolina Sánchez,Fitpass,Reformer,Reformer,0,Sí,Condesa,240
2023-07-18,María Reyes,Paquete,Reformer,Reformer,8,No,Condesa,3243
2023-07-18,Carolina Jiménez,Paquete,Chair,Chair,8,No,Condesa,3126
2023-07-18,Natalia Sánchez,Paquete,Cadillac,Cadillac,8,No,Polanco,3175
2023-07-19,María Mendoza,Paquete,Mat Pilates,Ninguno,24,No,Polanco,8594
2023-07-19,Santiago López,Paquete,Reformer,Reformer,8,No,Condesa,3037
2023-07-19,Mateo Díaz,Clase Individual,Reformer,Reformer,0,No,Roma,513
2023-07-19,Fernando Martínez,Fitpass,Cadillac,Cadillac,0,Sí,Roma,182
2023-07-19,Fernando Gómez,Paquete,Chair,Chair,24,No,Polanco,8350
2023-07-19,Lucía Rodríguez,Paquete,Chair,Chair,8,No,Polanco,3048
2023-07-19,Camila Gómez,Paquete,Reformer,Reformer,8,No,Condesa,3221
2023-07-19,Valeria Gómez,Paquete,Reformer,Reformer,12,No,Condesa,4579
2023-07-19,Mateo Martínez,Fitpass,Reformer,Reformer,0,Sí,Roma,216
2023-07-20,Sofía Sánchez,Fitpass,Reformer,Reformer,0,Sí,Condesa,227
2023-07-20,Carlos Sánchez,Fitpass,Reformer,Reformer,0,Sí,Condesa,186
2023-07-20,Natalia Gutiérrez,Clase Individual,Mat Pilates,Ninguno,0,No,Condesa,412
2023-07-21,Javier Ramírez,Clase Individual,Chair,Chair,0,No,Condesa,501
2023-07-21,Miguel Cruz,Paquete,Mat Pilates,Ninguno,8,No,Polanco,3054
2023-07-21,Miguel Díaz,Paquete,Chair,Chair,8,No,Roma,2943
2023-07-21,Fernanda Martínez,Clase Individual,Chair,Chair,0,No,Condesa,518
2023-07-21,Andrea Morales,Clase Individual,Reformer,Reformer,0,No,Condesa,490
2023-07-21,Fernando Díaz,Paquete,Reformer,Reformer,8,No,Condesa,3300
2023-07-22,Camila Rodríguez,Paquete,Reformer,Reformer,24,No,Roma,8598
2023-07-22,Javier Rodríguez,Paquete,Chair,Chair,8,No,Roma,3248
2023-07-22,Carlos Vázquez,Fitpass,Reformer,Reformer,0,Sí,Condesa,215
2023-07-22,Carlos Reyes,Clase Individual,Cadillac,Cadillac,0,No,Roma,508
2023-07-22,Javier Ramírez,Paquete,Mat Pilates,Ninguno,8,No,Roma,3194
2023-07-22,Natalia Sánchez,Clase Individual,Reformer,Reformer,0,No,Roma,463
2023-07-22,Laura González,Clase Individual,Reformer,Reformer,0,No,Condesa,515
2023-07-22,Gabriela Hernández,Paquete,Cadillac,Cadillac,24,No,Condesa,8139
2023-07-22,Diego Gómez,Clase Individual,Reformer,Reformer,0,No,Roma,463
2023-07-23,Miguel Reyes,Paquete,Reformer,Reformer,12,No,Roma,4526
2023-07-23,Miguel Sánchez,Fitpass,Chair,Chair,0,Sí,Condesa,195
2023-07-23,Natalia Cruz,Fitpass,Cadillac,Cadillac,0,Sí,Roma,220
2023-07-23,Lucía Díaz,Paquete,Cadillac,Cadillac,12,No,Condesa,4421
2023-07-23,Rodrigo Mendoza,Paquete,Mat Pilates,Ninguno,8,No,Roma,3295
2023-07-23,Renata Sánchez,Paquete,Mat Pilates,Ninguno,8,No,Roma,2963
2023-07-23,Sofía Flores,Fitpass,Reformer,Reformer,0,Sí,Roma,207
2023-07-23,María García,Fitpass,Mat Pilates,Ninguno,0,Sí,Roma,193
2023-07-23,Miguel Ramírez,Paquete,Reformer,Reformer,8,No,Polanco,3124
2023-07-24,Natalia Hernández,Paquete,Reformer,Reformer,8,No,Polanco,2964
2023-07-24,Miguel González,Paquete,Cadillac,Cadillac,8,No,Roma,3290
2023-07-24,Renata Gómez,Clase Individual,Reformer,Reformer,0,No,Roma,438
2023-07-24,Diego Reyes,Paquete,Mat Pilates,Ninguno,8,No,Roma,3116
2023-07-24,Renata Morales,Paquete,Cadillac,Cadillac,8,No,Condesa,2984
2023-07-25,Regina Vázquez,Paquete,Mat Pilates,Ninguno,8,No,Condesa,3263
2023-07-25,Lucía Reyes,Clase Individual,Chair,Chair,0,No,Polanco,484
2023-07-25,Andrea Cruz,Paquete,Mat Pilates,Ninguno,12,No,Roma,4329
2023-07-25,Mariana Reyes,Clase Individual,Reformer,Reformer,0,No,Roma,387
2023-07-26,Natalia Vázquez,Fitpass,Mat Pilates,Ninguno,0,Sí,Condesa,211
2023-07-26,Renata Jiménez,Fitpass,Chair,Chair,0,Sí,Polanco,206
2023-07-26,Sofía Martínez,Paquete,Reformer,Reformer,8,No,Condesa,2982
2023-07-26,Claudia González,Paquete,Mat Pilates,Ninguno,8,No,Roma,3297
2023-07-26,Andrea Martínez,Paquete,Mat Pilates,Ninguno,12,No,Condesa,4179
2023-07-26,Miguel Sánchez,Fitpass,Reformer,Reformer,0,Sí,Roma,226
2023-07-26,Valeria García,Paquete,Cadillac,Cadillac,8,No,Condesa,3286
2023-07-26,Luis Reyes,Paquete,Reformer,Reformer,8,No,Polanco,3152
2023-07-26,Regina Mendoza,Clase Individual,Reformer,Reformer,0,No,Polanco,487
2023-07-26,Rodrigo Mendoza,Paquete,Reformer,Reformer,8,No,Roma,3220
2023-07-26,Alejandro Pérez,Paquete,Reformer,Reformer,8,No,Polanco,3294
2023-07-26,Santiago Vázquez,Paquete,Reformer,Reformer,8,No,Polanco,3187
2023-07-27,Valeria Morales,Fitpass,Cadillac,Cadillac,0,Sí,Condesa,198
2023-07-27,Rodrigo Pérez,Paquete,Mat Pilates,Ninguno,12,No,Roma,4632
2023-07-27,Paula López,Fitpass,Reformer,Reformer,0,Sí,Roma,201
2023-07-27,Santiago Díaz,Clase Individual,Mat Pilates,Ninguno,0,No,Roma,431
2023-07-27,Daniela Gutiérrez,Paquete,Reformer,Reformer,8,No,Roma,3043
2023-07-27,Regina Cruz,Clase Individual,Chair,Chair,0,No,Condesa,415
2023-07-27,Camila Mendoza,Paquete,Chair,Chair,8,No,Condesa,2904
2023-07-27,Lucía González,Fitpass,Mat Pilates,Ninguno,0,Sí,Roma,191
2023-07-27,Laura Díaz,Fitpass,Mat Pilates,Ninguno,0,Sí,Condesa,212
2023-07-27,Valeria González,Clase Individual,Reformer,Reformer,0,No,Condesa,412
2023-07-27,Fernanda Mendoza,Paquete,Chair,Chair,8,No,Condesa,2971
2023-07-27,Javier González,Fitpass,Chair,Chair,0,Sí,Roma,186
2023-07-28,Andrea Cruz,Fitpass,Cadillac,Cadillac,0,Sí,Condesa,216
2023-07-28,Valeria Flores,Paquete,Chair,Chair,12,No,Polanco,4206
2023-07-28,Rodrigo González,Paquete,Cadillac,Cadillac,12,No,Condesa,4260
2023-07-28,Ana Flores,Fitpass,Reformer,Reformer,0,Sí,Condesa,223
2023-07-28,Valeria Reyes,Fitpass,Mat Pilates,Ninguno,0,Sí,Condesa,196
2023-07-29,Fernando Vázquez,Fitpass,Reformer,Reformer,0,Sí,Condesa,212
2023-07-29,Ximena Torres,Fitpass,Cadillac,Cadillac,0,Sí,Condesa,210
2023-07-29,Ximena González,Fitpass,Reformer,Reformer,0,Sí,Polanco,189
2023-07-29,Andrea Hernández,Paquete,Reformer,Reformer,12,No,Condesa,4337
2023-07-29,Carolina Martínez,Paquete,Reformer,Reformer,8,No,Condesa,3040
2023-07-29,Camila Torres,Paquete,Cadillac,Cadillac,8,No,Roma,3216
2023-07-29,Fernanda González,Paquete,Cadillac,Cadillac,8,No,Roma,3007
2023-07-29,Valeria Reyes,Paquete,Chair,Chair,8,No,Condesa,2975
2023-07-29,Gabriela Martínez,Fitpass,Reformer,Reformer,0,Sí,Roma,240
2023-07-29,Lucía García,Fitpass,Reformer,Reformer,0,Sí,Roma,196
2023-07-29,Alejandro Gómez,Paquete,Chair,Chair,12,No,Roma,4230
2023-07-30,Valeria Martínez,Clase Individual,Mat Pilates,Ninguno,0,No,Polanco,451
2023-07-30,Javier Mendoza,Paquete,Reformer,Reformer,24,No,Polanco,8153
2023-07-31,Diego Martínez,Paquete,Reformer,Reformer,12,No,Roma,4301
2023-07-31,Ximena Martínez,Paquete,Cadillac,Cadillac,12,No,Polanco,4271
2023-07-31,Lucía López,Paquete,Reformer,Reformer,8,No,Condesa,3184
2023-07-31,Renata García,Fitpass,Reformer,Reformer,0,Sí,Roma,223
2023-07-31,Laura Jiménez,Paquete,Mat Pilates,Ninguno,12,No,Roma,4563
2023-07-31,Alejandro Vázquez,Fitpass,Reformer,Reformer,0,Sí,Roma,200
2023-07-31,Natalia Díaz,Fitpass,Mat Pilates,Ninguno,0,Sí,Condesa,223
2023-07-31,Javier García,Clase Individual,Reformer,Reformer,0,No,Roma,506
2023-08-01,Daniela Gómez,Fitpass,Reformer,Reformer,0,Sí,Condesa,234
2023-08-01,Carolina González,Fitpass,Chair,Chair,0,Sí,Polanco,226
2023-08-01,Carolina Díaz,Fitpass,Reformer,Reformer,0,Sí,Condesa,232
2023-08-01,Fernando Gutiérrez,Clase Individual,Reformer,Reformer,0,No,Condesa,412
2023-08-01,Andrea Reyes,Clase Individual,Reformer,Reformer,0,No,Condesa,478
2023-08-01,Valeria Gutiérrez,Paquete,Reformer,Reformer,8,No,Condesa,3129
2023-08-01,Regina Jiménez,Fitpass,Reformer,Reformer,0,Sí,Roma,215
2023-08-01,Regina Mendoza,Fitpass,Chair,Chair,0,Sí,Roma,232
2023-08-01,Rodrigo Sánchez,Clase Individual,Chair,Chair,0,No,Condesa,383
2023-08-02,Diego Cruz,Paquete,Reformer,Reformer,24,No,Polanco,8400
2023-08-02,María Reyes,Clase Individual,Reformer,Reformer,0,No,Roma,452
2023-08-02,Luis Vázquez,Fitpass,Reformer,Reformer,0,Sí,Condesa,207
2023-08-02,María Pérez,Fitpass,Reformer,Reformer,0,Sí,Condesa,201
2023-08-02,Regina Díaz,Paquete,Mat Pilates,Ninguno,12,No,Roma,4520
2023-08-02,Mariana Ramírez,Paquete,Cadillac,Cadillac,8,No,Polanco,3027
2023-08-02,Alejandro Torres,Paquete,Reformer,Reformer,12,No,Condesa,4309
2023-08-03,Ximena Sánchez,Paquete,Reformer,Reformer,8,No,Condesa,3053
2023-08-03,Daniela Reyes,Clase Individual,Chair,Chair,0,No,Roma,500
2023-08-03,Sofía López,Paquete,Reformer,Reformer,8,No,Condesa,3283
2023-08-03,Laura Pérez,Fitpass,Mat Pilates,Ninguno,0,Sí,Polanco,190
2023-08-03,Carolina Mendoza,Paquete,Reformer,Reformer,12,No,Condesa,4402
2023-08-03,Ximena Vázquez,Paquete,Mat Pilates,Ninguno,12,No,Condesa,4227
2023-08-03,Lucía Gómez,Paquete,Chair,Chair,8,No,Roma,3133
2023-08-03,María Gutiérrez,Clase Individual,Reformer,Reformer,0,No,Roma,425
2023-08-04,Diego Gutiérrez,Clase Individual,Mat Pilates,Ninguno,0,No,Condesa,389
2023-08-04,Renata Sánchez,Fitpass,Cadillac,Cadillac,0,Sí,Condesa,207
2023-08-04,Claudia Gómez,Fitpass,Reformer,Reformer,0,Sí,Polanco,215
2023-08-04,Regina Mendoza,Paquete,Cadillac,Cadillac,12,No,Roma,4233
2023-08-04,Javier Díaz,Fitpass,Cadillac,Cadillac,0,Sí,Roma,180
2023-08-04,Mariana Torres,Fitpass,Chair,Chair,0,Sí,Roma,192
2023-08-04,Renata López,Paquete,Chair,Chair,12,No,Condesa,4143
2023-08-04,Carlos Díaz,Paquete,Reformer,Reformer,8,No,Condesa,2934
2023-08-05,Daniela Rodríguez,Fitpass,Reformer,Reformer,0,Sí,Roma,182
2023-08-05,Alejandro Hernández,Fitpass,Reformer,Reformer,0,Sí,Condesa,193
2023-08-05,Fernando Gutiérrez,Fitpass,Reformer,Reformer,0,Sí,Roma,192
2023-08-05,Claudia Gutiérrez,Fitpass,Mat Pilates,Ninguno,0,Sí,Polanco,201
2023-08-05,Victoria Torres,Fitpass,Chair,Chair,0,Sí,Polanco,202
2023-08-05,Victoria Flores,Clase Individual,Chair,Chair,0,No,Polanco,520
2023-08-06,Ximena Pérez,Paquete,Mat Pilates,Ninguno,8,No,Roma,3085
2023-08-06,Mariana Díaz,Paquete,Chair,Chair,24,No,Roma,8514
2023-08-06,Mateo Martínez,Clase Individual,Chair,Chair,0,No,Polanco,391
2023-08-06,María Rodríguez,Fitpass,Chair,Chair,0,Sí,Condesa,236
2023-08-06,Fernando Díaz,Paquete,Reformer,Reformer,8,No,Condesa,2933
2023-08-06,Santiago Jiménez,Paquete,Reformer,Reformer,12,No,Condesa,4278
2023-08-06,Carlos Díaz,Clase Individual,Chair,Chair,0,No,Condesa,403
2023-08-06,Mariana Reyes,Paquete,Reformer,Reformer,12,No,Roma,4425
2023-08-07,Regina Gómez,Fitpass,Cadillac,Cadillac,0,Sí,Polanco,215
2023-08-07,Sofía López,Paquete,Reformer,Reformer,8,No,Roma,2935
2023-08-07,Valeria García,Fitpass,Reformer,Reformer,0,Sí,Polanco,222
2023-08-07,Santiago Reyes,Paquete,Reformer,Reformer,8,No,Polanco,2902
2023-08-07,Diego Torres,Clase Individual,Cadillac,Cadillac,0,No,Polanco,447
2023-08-07,Laura Gómez,Clase Individual,Reformer,Reformer,0,No,Polanco,386
2023-08-07,Fernando Díaz,Paquete,Reformer,Reformer,8,No,Roma,3225
2023-08-07,Mateo Morales,Paquete,Mat Pilates,Ninguno,8,No,Condesa,3146
2023-08-07,Santiago Jiménez,Paquete,Reformer,Reformer,12,No,Polanco,4562
2023-08-08,Lucía Sánchez,Paquete,Mat Pilates,Ninguno,24,No,Polanco,8385
2023-08-08,Mariana Mendoza,Paquete,Mat Pilates,Ninguno,24,No,Condesa,8818
2023-08-08,Andrea Torres,Paquete,Chair,Chair,8,No,Polanco,3040
2023-08-08,Ana Martínez,Clase Individual,Mat Pilates,Ninguno,0,No,Condesa,422
2023-08-08,Javier Ramírez,Paquete,Reformer,Reformer,8,No,Polanco,3127
2023-08-08,Gabriela Vázquez,Paquete,Chair,Chair,12,No,Roma,4665
2023-08-08,Rodrigo Torres,Paquete,Reformer,Reformer,12,No,Roma,4439
2023-08-08,Laura Gómez,Paquete,Reformer,Reformer,12,No,Condesa,4672
2023-08-09,Andrea Gutiérrez,Fitpass,Reformer,Reformer,0,Sí,Condesa,209
2023-08-09,Alejandro Vázquez,Paquete,Mat Pilates,Ninguno,8,No,Condesa,2969
2023-08-09,Ana Cruz,Clase Individual,Reformer,Reformer,0,No,Roma,401
2023-08-10,Regina García,Fitpass,Mat Pilates,Ninguno,0,Sí,Roma,214
2023-08-10,Renata Vázquez,Fitpass,Chair,Chair,0,Sí,Condesa,186
2023-08-10,Gabriela Gómez,Clase Individual,Reformer,Reformer,0,No,Condesa,470
2023-08-10,Diego Rodríguez,Paquete,Reformer,Reformer,8,No,Polanco,3190
2023-08-10,Daniela Rodríguez,Paquete,Reformer,Reformer,12,No,Polanco,4592
2023-08-10,Carlos Pérez,Fitpass,Reformer,Reformer,0,Sí,Condesa,220
2023-08-10,María Hernández,Paquete,Mat Pilates,Ninguno,8,No,Polanco,2952
2023-08-10,Natalia Mendoza,Paquete,Cadillac,Cadillac,8,No,Roma,2989
2023-08-10,Fernanda Morales,Paquete,Mat Pilates,Ninguno,8,No,Roma,3165
2023-08-10,Fernando Flores,Paquete,Reformer,Reformer,8,No,Roma,3025
2023-08-10,Rodrigo González,Fitpass,Mat Pilates,Ninguno,0,Sí,Roma,222
2023-08-11,Alejandro Jiménez,Clase Individual,Mat Pilates,Ninguno,0,No,Condesa,451
2023-08-11,Victoria González,Clase Individual,Mat Pilates,Ninguno,0,No,Polanco,428
2023-08-11,Diego Vázquez,Fitpass,Mat Pilates,Ninguno,0,Sí,Polanco,195
2023-08-11,Laura Ramírez,Paquete,Mat Pilates,Ninguno,8,No,Roma,2991
2023-08-11,Sofía García,Paquete,Cadillac,Cadillac,12,No,Condesa,4602
2023-08-11,Luis Sánchez,Clase Individual,Reformer,Reformer,0,No,Roma,396
2023-08-11,Carolina Reyes,Paquete,Cadillac,Cadillac,8,No,Condesa,3247
2023-08-11,Carolina Hernández,Paquete,Reformer,Reformer,8,No,Roma,3255
2023-08-11,Ximena Vázquez,Fitpass,Chair,Chair,0,Sí,Polanco,196
2023-08-11,Mariana Díaz,Fitpass,Reformer,Reformer,0,Sí,Roma,232
2023-08-11,Paula Rodríguez,Paquete,Reformer,Reformer,8,No,Condesa,2920
2023-08-11,Valeria Mendoza,Paquete,Reformer,Reformer,8,No,Roma,3148
2023-08-11,Gabriela López,Paquete,Cadillac,Cadillac,12,No,Roma,4411
2023-08-11,Laura Jiménez,Fitpass,Chair,Chair,0,Sí,Roma,214
2023-08-11,Diego Reyes,Fitpass,Chair,Chair,0,Sí,Polanco,223
2023-08-12,Valeria Morales,Fitpass,Reformer,Reformer,0,Sí,Polanco,190
2023-08-12,Andrea Jiménez,Clase Individual,Mat Pilates,Ninguno,0,No,Roma,478
2023-08-12,Luis Pérez,Paquete,Chair,Chair,8,No,Condesa,3107
2023-08-12,Laura Hernández,Fitpass,Reformer,Reformer,0,Sí,Condesa,206
2023-08-12,Valeria Gómez,Fitpass,Chair,Chair,0,Sí,Condesa,185
2023-08-12,Santiago Martínez,Fitpass,Reformer,Reformer,0,Sí,Condesa,197
2023-08-12,Mateo Cruz,Paquete,Chair,Chair,24,No,Polanco,8711
2023-08-13,Victoria Mendoza,Paquete,Chair,Chair,8,No,Condesa,2966
2023-08-13,Andrea Pérez,Paquete,Reformer,Reformer,8,No,Condesa,2966
2023-08-13,Sofía Gutiérrez,Paquete,Cadillac,Cadillac,8,No,Roma,3169
2023-08-13,Natalia Gutiérrez,Clase Individual,Reformer,Reformer,0,No,Polanco,491
2023-08-13,Paula Martínez,Clase Individual,Chair,Chair,0,No,Polanco,434
2023-08-13,Diego Sánchez,Fitpass,Cadillac,Cadillac,0,Sí,Roma,204
2023-08-13,Claudia Pérez,Paquete,Chair,Chair,8,No,Roma,2956
2023-08-13,Rodrigo Mendoza,Clase Individual,Cadillac,Cadillac,0,No,Condesa,439
2023-08-13,Miguel Reyes,Fitpass,Reformer,Reformer,0,Sí,Polanco,217
2023-08-13,Fernando Hernández,Paquete,Mat Pilates,Ninguno,24,No,Condesa,7965
2023-08-13,Carlos García,Paquete,Cadillac,Cadillac,8,No,Polanco,3019
2023-08-14,Natalia López,Clase Individual,Chair,Chair,0,No,Condesa,490
2023-08-14,Laura Flores,Fitpass,Reformer,Reformer,0,Sí,Polanco,190
2023-08-14,Diego García,Paquete,Reformer,Reformer,8,No,Polanco,3055
2023-08-14,Camila Gutiérrez,Fitpass,Reformer,Reformer,0,Sí,Condesa,206
2023-08-14,Carolina Díaz,Paquete,Reformer,Reformer,8,No,Condesa,3113
2023-08-14,Rodrigo Torres,Paquete,Chair,Chair,8,No,Polanco,3127
2023-08-15,Mariana Jiménez,Fitpass,Reformer,Reformer,0,Sí,Roma,207
2023-08-15,Fernanda Cruz,Fitpass,Chair,Chair,0,Sí,Condesa,205
2023-08-15,Regina Díaz,Clase Individual,Reformer,Reformer,0,No,Condesa,442
2023-08-15,Ximena Morales,Paquete,Reformer,Reformer,8,No,Condesa,3277
2023-08-15,Fernanda Hernández,Paquete,Mat Pilates,Ninguno,8,No,Roma,2924
2023-08-15,María Díaz,Fitpass,Reformer,Reformer,0,Sí,Condesa,217
2023-08-15,Mariana Jiménez,Paquete,Cadillac,Cadillac,12,No,Polanco,4287
2023-08-16,Diego Sánchez,Fitpass,Mat Pilates,Ninguno,0,Sí,Roma,228
2023-08-16,Alejandro Hernández,Fitpass,Cadillac,Cadillac,0,Sí,Condesa,219
2023-08-16,Alejandro Mendoza,Paquete,Reformer,Reformer,12,No,Condesa,4470
2023-08-16,Paula Cruz,Paquete,Reformer,Reformer,8,No,Condesa,3226
2023-08-16,Santiago Jiménez,Paquete,Reformer,Reformer,12,No,Roma,4328
2023-08-17,Victoria González,Paquete,Reformer,Reformer,12,No,Polanco,4395
2023-08-17,Carlos López,Clase Individual,Cadillac,Cadillac,0,No,Roma,485
2023-08-17,Luis Cruz,Clase Individual,Reformer,Reformer,0,No,Roma,475
2023-08-17,Laura Gutiérrez,Paquete,Reformer,Reformer,8,No,Roma,3059
2023-08-17,Paula Morales,Fitpass,Reformer,Reformer,0,Sí,Condesa,209
2023-08-17,Daniela Hernández,Fitpass,Reformer,Reformer,0,Sí,Roma,224
2023-08-17,Daniela Ramírez,Paquete,Reformer,Reformer,8,No,Polanco,2906
2023-08-17,Valeria Gómez,Clase Individual,Reformer,Reformer,0,No,Polanco,488
2023-08-17,Diego Mendoza,Paquete,Reformer,Reformer,8,No,Polanco,2955
2023-08-17,Fernanda Pérez,Fitpass,Cadillac,Cadillac,0,Sí,Polanco,203
2023-08-17,Santiago Morales,Fitpass,Reformer,Reformer,0,Sí,Roma,211
2023-08-18,Gabriela Flores,Fitpass,Mat Pilates,Ninguno,0,Sí,Roma,184
2023-08-18,Daniela Morales,Clase Individual,Reformer,Reformer,0,No,Condesa,407
2023-08-18,Mateo Sánchez,Fitpass,Cadillac,Cadillac,0,Sí,Roma,184
2023-08-18,Lucía Morales,Fitpass,Chair,Chair,0,Sí,Polanco,223
2023-08-18,Ana García,Paquete,Mat Pilates,Ninguno,8,No,Roma,2939
2023-08-19,Renata Sánchez,Paquete,Chair,Chair,8,No,Roma,3157
2023-08-19,Santiago Pérez,Paquete,Reformer,Reformer,12,No,Condesa,4686
2023-08-19,Andrea Torres,Fitpass,Reformer,Reformer,0,Sí,Polanco,189
2023-08-19,Claudia Vázquez,Paquete,Reformer,Reformer,8,No,Polanco,2929
2023-08-20,Renata Reyes,Fitpass,Reformer,Reformer,0,Sí,Roma,200
2023-08-20,Carlos Torres,Clase Individual,Mat Pilates,Ninguno,0,No,Condesa,411
2023-08-20,Laura Mendoza,Clase Individual,Reformer,Reformer,0,No,Condesa,424
2023-08-20,Fernanda Reyes,Fitpass,Chair,Chair,0,Sí,Polanco,235
2023-08-20,Gabriela Ramírez,Paquete,Cadillac,Cadillac,24,No,Condesa,8761
2023-08-20,Javier Gómez,Paquete,Reformer,Reformer,12,No,Roma,4110
2023-08-20,Laura Vázquez,Fitpass,Reformer,Reformer,0,Sí,Polanco,190
2023-08-21,Gabriela García,Paquete,Reformer,Reformer,8,No,Condesa,3084
2023-08-21,Ximena Gutiérrez,Paquete,Chair,Chair,24,No,Roma,8307
2023-08-21,Laura González,Paquete,Mat Pilates,Ninguno,12,No,Condesa,4293
2023-08-21,Diego Pérez,Paquete,Mat Pilates,Ninguno,12,No,Condesa,4654
2023-08-21,Miguel Pérez,Fitpass,Reformer,Reformer,0,Sí,Condesa,211
2023-08-21,Camila Díaz,Paquete,Reformer,Reformer,12,No,Polanco,4564
2023-08-21,Luis Morales,Paquete,Chair,Chair,8,No,Roma,3257
2023-08-21,Paula Morales,Paquete,Reformer,Reformer,8,No,Condesa,3016
2023-08-22,Daniela Gómez,Clase Individual,Mat Pilates,Ninguno,0,No,Condesa,449
2023-08-22,Ana Cruz,Clase Individual,Cadillac,Cadillac,0,No,Condesa,496
2023-08-22,Valeria Pérez,Clase Individual,Reformer,Reformer,0,No,Condesa,458
2023-08-23,Alejandro Mendoza,Paquete,Reformer,Reformer,8,No,Roma,3172
2023-08-23,Gabriela López,Clase Individual,Cadillac,Cadillac,0,No,Roma,391
2023-08-23,Luis Gutiérrez,Fitpass,Reformer,Reformer,0,Sí,Polanco,192
2023-08-23,Paula Flores,Paquete,Mat Pilates,Ninguno,8,No,Roma,3069
2023-08-23,Fernando Gutiérrez,Fitpass,Reformer,Reformer,0,Sí,Roma,207
2023-08-23,Laura García,Fitpass,Cadillac,Cadillac,0,Sí,Condesa,193
2023-08-23,Gabriela Reyes,Fitpass,Cadillac,Cadillac,0,Sí,Condesa,218
2023-08-23,Sofía Gutiérrez,Paquete,Mat Pilates,Ninguno,8,No,Roma,3285
2023-08-23,Regina Rodríguez,Paquete,Reformer,Reformer,8,No,Condesa,3191
2023-08-23,Camila Rodríguez,Fitpass,Cadillac,Cadillac,0,Sí,Condesa,196
2023-08-23,Daniela Ramírez,Paquete,Reformer,Reformer,12,No,Roma,4182
2023-08-23,Regina Gómez,Clase Individual,Reformer,Reformer,0,No,Polanco,451
2023-08-24,Natalia Torres,Fitpass,Mat Pilates,Ninguno,0,Sí,Roma,197
2023-08-24,Ximena Flores,Clase Individual,Cadillac,Cadillac,0,No,Condesa,511
2023-08-24,Fernando Vázquez,Paquete,Reformer,Reformer,8,No,Roma,3146
2023-08-25,María Flores,Paquete,Reformer,Reformer,8,No,Roma,2997
2023-08-25,Miguel Sánchez,Paquete,Chair,Chair,8,No,Polanco,3027
2023-08-25,Rodrigo Mendoza,Fitpass,Reformer,Reformer,0,Sí,Roma,226
2023-08-25,Paula Flores,Paquete,Chair,Chair,8,No,Condesa,3136
2023-08-25,María García,Paquete,Reformer,Reformer,12,No,Roma,4650
2023-08-25,Mateo Martínez,Paquete,Mat Pilates,Ninguno,24,No,Roma,7961
2023-08-25,Ximena Jiménez,Fitpass,Reformer,Reformer,0,Sí,Roma,229
2023-08-26,Diego Pérez,Clase Individual,Cadillac,Cadillac,0,No,Roma,476
2023-08-26,Camila Rodríguez,Fitpass,Reformer,Reformer,0,Sí,Polanco,205
2023-08-26,Claudia Gutiérrez,Paquete,Mat Pilates,Ninguno,12,No,Roma,4166
2023-08-26,Camila Martínez,Paquete,Cadillac,Cadillac,12,No,Condesa,4327
2023-08-26,Carolina Martínez,Paquete,Reformer,Reformer,8,No,Polanco,3266
2023-08-26,Renata Cruz,Paquete,Chair,Chair,12,No,Roma,4257
2023-08-27,Lucía García,Paquete,Chair,Chair,8,No,Polanco,3020
2023-08-27,Gabriela Sánchez,Clase Individual,Reformer,Reformer,0,No,Polanco,384
2023-08-27,Renata Morales,Paquete,Reformer,Reformer,8,No,Condesa,3088
2023-08-27,Gabriela Ramírez,Paquete,Reformer,Reformer,24,No,Roma,7912
2023-08-28,Gabriela Ramírez,Paquete,Chair,Chair,8,No,Condesa,3071
2023-08-28,Rodrigo Pérez,Fitpass,Reformer,Reformer,0,Sí,Condesa,192
2023-08-28,Fernando García,Fitpass,Reformer,Reformer,0,Sí,Polanco,180
2023-08-28,Renata Jiménez,Paquete,Chair,Chair,12,No,Roma,4698
2023-08-28,Ana Morales,Fitpass,Cadillac,Cadillac,0,Sí,Polanco,199
2023-08-28,Rodrigo González,Fitpass,Reformer,Reformer,0,Sí,Roma,232
2023-08-28,Regina Rodríguez,Fitpass,Chair,Chair,0,Sí,Roma,189
2023-08-28,Laura Hernández,Clase Individual,Mat Pilates,Ninguno,0,No,Condesa,429
2023-08-28,Carlos Rodríguez,Fitpass,Reformer,Reformer,0,Sí,Condesa,201
2023-08-29,Daniela Sánchez,Paquete,Reformer,Reformer,8,No,Condesa,2933
2023-08-29,Diego Ramírez,Fitpass,Mat Pilates,Ninguno,0,Sí,Roma,222
2023-08-29,Miguel Reyes,Fitpass,Reformer,Reformer,0,Sí,Roma,185
2023-08-29,Carlos Sánchez,Paquete,Reformer,Reformer,12,No,Condesa,4447
2023-08-30,Fernando González,Paquete,Chair,Chair,24,No,Roma,8148
2023-08-30,Carolina Díaz,Paquete,Chair,Chair,8,No,Roma,3070
2023-08-30,Regina Díaz,Paquete,Reformer,Reformer,12,No,Roma,4322
2023-08-30,Santiago Hernández,Fitpass,Reformer,Reformer,0,Sí,Condesa,228
2023-08-30,Santiago Pérez,Paquete,Mat Pilates,Ninguno,8,No,Condesa,2918
2023-08-30,Carlos Torres,Clase Individual,Reformer,Reformer,0,No,Roma,415
2023-08-30,Regina García,Fitpass,Cadillac,Cadillac,0,Sí,Condesa,215
2023-08-30,Valeria Gutiérrez,Paquete,Reformer,Reformer,12,No,Roma,4500
2023-08-31,Carlos Vázquez,Paquete,Reformer,Reformer,8,No,Condesa,3219
2023-08-31,Victoria Jiménez,Paquete,Reformer,Reformer,12,No,Condesa,4456
2023-08-31,Javier Torres,Paquete,Reformer,Reformer,12,No,Roma,4482
2023-08-31,Luis Jiménez,Paquete,Cadillac,Cadillac,12,No,Roma,4333
2023-08-31,Carolina Torres,Paquete,Reformer,Reformer,8,No,Condesa,3208
2023-08-31,Ana Mendoza,Clase Individual,Reformer,Reformer,0,No,Roma,443
2023-09-01,Javier Sánchez,Clase Individual,Chair,Chair,0,No,Polanco,515
2023-09-01,Victoria Pérez,Clase Individual,Chair,Chair,0,No,Polanco,381
2023-09-01,Luis García,Fitpass,Reformer,Reformer,0,Sí,Condesa,218
2023-09-01,Camila Ramírez,Fitpass,Reformer,Reformer,0,Sí,Roma,207
2023-09-01,Fernanda Hernández,Paquete,Reformer,Reformer,24,No,Roma,8229
2023-09-01,Mateo López,Fitpass,Reformer,Reformer,0,Sí,Roma,200
2023-09-01,Natalia López,Fitpass,Chair,Chair,0,Sí,Condesa,240
2023-09-01,Victoria Pérez,Clase Individual,Reformer,Reformer,0,No,Condesa,393
2023-09-01,Natalia Martínez,Paquete,Reformer,Reformer,12,No,Condesa,4511
2023-09-01,Santiago Reyes,Paquete,Reformer,Reformer,24,No,Condesa,8156
2023-09-01,Natalia Sánchez,Paquete,Mat Pilates,Ninguno,8,No,Roma,2900
2023-09-02,Javier Díaz,Paquete,Chair,Chair,8,No,Condesa,2951
2023-09-02,Lucía López,Fitpass,Mat Pilates,Ninguno,0,Sí,Polanco,190
2023-09-02,Claudia Cruz,Paquete,Reformer,Reformer,8,No,Condesa,3089
2023-09-02,Victoria Sánchez,Fitpass,Reformer,Reformer,0,Sí,Condesa,212
2023-09-02,Andrea López,Paquete,Reformer,Reformer,24,No,Roma,7907
2023-09-02,Valeria Morales,Fitpass,Reformer,Reformer,0,Sí,Roma,232
2023-09-02,Ximena Hernández,Paquete,Reformer,Reformer,8,No,Roma,2997
2023-09-02,Luis Vázquez,Clase Individual,Chair,Chair,0,No,Polanco,520
2023-09-02,Daniela Ramírez,Paquete,Reformer,Reformer,8,No,Polanco,3235
2023-09-02,Javier Díaz,Clase Individual,Reformer,Reformer,0,No,Roma,497
2023-09-02,Sofía Díaz,Clase Individual,Reformer,Reformer,0,No,Polanco,473
2023-09-02,Carolina Hernández,Clase Individual,Reformer,Reformer,0,No,Condesa,435
2023-09-02,Luis Cruz,Paquete,Mat Pilates,Ninguno,12,No,Polanco,4599
2023-09-03,Ximena López,Clase Individual,Chair,Chair,0,No,Polanco,408
2023-09-03,Paula Rodríguez,Fitpass,Reformer,Reformer,0,Sí,Polanco,238
2023-09-03,Lucía García,Paquete,Reformer,Reformer,12,No,Roma,4329
2023-09-03,Laura Sánchez,Fitpass,Chair,Chair,0,Sí,Condesa,238
2023-09-03,Victoria Jiménez,Paquete,Mat Pilates,Ninguno,8,No,Polanco,3255
2023-09-03,Daniela Cruz,Fitpass,Cadillac,Cadillac,0,Sí,Condesa,204
2023-09-03,Fernando Flores,Paquete,Reformer,Reformer,12,No,Condesa,4186
2023-09-03,Miguel Sánchez,Clase Individual,Reformer,Reformer,0,No,Polanco,396
2023-09-04,Santiago Torres,Clase Individual,Reformer,Reformer,0,No,Condesa,413
2023-09-04,Mateo González,Fitpass,Chair,Chair,0,Sí,Condesa,199
2023-09-04,Diego Cruz,Clase Individual,Chair,Chair,0,No,Polanco,391
2023-09-04,Paula Ramírez,Fitpass,Cadillac,Cadillac,0,Sí,Condesa,234
2023-09-04,Fernanda Pérez,Paquete,Reformer,Reformer,8,No,Polanco,3113
2023-09-04,Mariana Reyes,Paquete,Chair,Chair,12,No,Roma,4452
2023-09-04,Claudia Mendoza,Fitpass,Chair,Chair,0,Sí,Polanco,219
2023-09-04,Miguel Reyes,Paquete,Mat Pilates,Ninguno,12,No,Condesa,4621
2023-09-04,Camila Gutiérrez,Paquete,Reformer,Reformer,12,No,Roma,4317
2023-09-04,Daniela González,Paquete,Reformer,Reformer,12,No,Polanco,4342
2023-09-04,Camila Torres,Fitpass,Reformer,Reformer,0,Sí,Roma,212
2023-09-04,Rodrigo Morales,Clase Individual,Reformer,Reformer,0,No,Condesa,432
2023-09-04,Claudia Jiménez,Fitpass,Reformer,Reformer,0,Sí,Condesa,180
2023-09-04,Sofía García,Fitpass,Reformer,Reformer,0,Sí,Condesa,210
2023-09-04,Daniela Sánchez,Paquete,Mat Pilates,Ninguno,12,No,Polanco,4129
2023-09-05,Claudia Martínez,Clase Individual,Reformer,Reformer,0,No,Roma,504
2023-09-05,Valeria Cruz,Paquete,Mat Pilates,Ninguno,8,No,Polanco,3259
2023-09-05,Sofía González,Paquete,Cadillac,Cadillac,12,No,Roma,4223
2023-09-05,Regina Rodríguez,Fitpass,Chair,Chair,0,Sí,Polanco,220
2023-09-05,Paula Sánchez,Paquete,Reformer,Reformer,8,No,Polanco,3080
2023-09-05,Javier Sánchez,Paquete,Reformer,Reformer,8,No,Roma,3202
2023-09-05,Victoria Gómez,Fitpass,Mat Pilates,Ninguno,0,Sí,Roma,225
2023-09-05,Lucía Jiménez,Fitpass,Chair,Chair,0,Sí,Polanco,212
2023-09-05,Santiago Reyes,Fitpass,Mat Pilates,Ninguno,0,Sí,Condesa,180
2023-09-05,Miguel Mendoza,Paquete,Chair,Chair,8,No,Condesa,2910
2023-09-05,Renata García,Paquete,Reformer,Reformer,8,No,Condesa,3025
2023-09-05,Gabriela Gutiérrez,Fitpass,Reformer,Reformer,0,Sí,Condesa,211
2023-09-05,Carolina Sánchez,Fitpass,Mat Pilates,Ninguno,0,Sí,Condesa,188
2023-09-05,Diego Ramírez,Paquete,Mat Pilates,Ninguno,8,No,Polanco,2904
2023-09-05,Mateo Gómez,Paquete,Chair,Chair,12,No,Roma,4112
2023-09-05,Paula Reyes,Paquete,Reformer,Reformer,24,No,Condesa,8208
2023-09-05,Mateo Martínez,Clase Individual,Reformer,Reformer,0,No,Roma,448
2023-09-05,Miguel Sánchez,Paquete,Chair,Chair,12,No,Roma,4373
2023-09-05,Natalia López,Paquete,Cadillac,Cadillac,8,No,Roma,3037
2023-09-05,Diego Hernández,Paquete,Mat Pilates,Ninguno,8,No,Polanco,3127
2023-09-06,Natalia Pérez,Paquete,Cadillac,Cadillac,8,No,Condesa,3292
2023-09-06,Andrea Torres,Clase Individual,Cadillac,Cadillac,0,No,Condesa,480
2023-09-06,Fernanda Hernández,Clase Individual,Reformer,Reformer,0,No,Roma,511
2023-09-06,Carlos Vázquez,Paquete,Mat Pilates,Ninguno,24,No,Roma,8213
2023-09-06,Valeria Díaz,Fitpass,Reformer,Reformer,0,Sí,Condesa,187
2023-09-06,Regina Gómez,Paquete,Reformer,Reformer,8,No,Condesa,3096
2023-09-06,Diego García,Fitpass,Reformer,Reformer,0,Sí,Roma,225
2023-09-06,Renata Torres,Fitpass,Reformer,Reformer,0,Sí,Condesa,237
2023-09-06,Carlos Rodríguez,Clase Individual,Cadillac,Cadillac,0,No,Condesa,502
2023-09-06,Paula Martínez,Fitpass,Reformer,Reformer,0,Sí,Polanco,218
2023-09-06,Ximena Torres,Fitpass,Reformer,Reformer,0,Sí,Condesa,199
2023-09-06,Lucía Morales,Clase Individual,Cadillac,Cadillac,0,No,Roma,426
2023-09-06,Claudia Díaz,Paquete,Reformer,Reformer,8,No,Condesa,3099
2023-09-06,Mariana Hernández,Paquete,Reformer,Reformer,12,No,Polanco,4650
2023-09-06,Natalia López,Fitpass,Reformer,Reformer,0,Sí,Condesa,187
2023-09-06,Ximena Martínez,Fitpass,Reformer,Reformer,0,Sí,Condesa,224
2023-09-06,Camila Díaz,Paquete,Mat Pilates,Ninguno,24,No,Roma,8682
2023-09-06,Valeria Martínez,Paquete,Reformer,Reformer,12,No,Condesa,4644
2023-09-06,Lucía López,Paquete,Cadillac,Cadillac,8,No,Roma,3236
2023-09-06,Carlos Pérez,Clase Individual,Reformer,Reformer,0,No,Condesa,503
2023-09-06,Rodrigo Ramírez,Clase Individual,Chair,Chair,0,No,Roma,425
2023-09-07,Victoria Vázquez,Fitpass,Reformer,Reformer,0,Sí,Roma,238
2023-09-07,Valeria Vázquez,Clase Individual,Mat Pilates,Ninguno,0,No,Roma,481
2023-09-07,María Gutiérrez,Paquete,Cadillac,Cadillac,12,No,Roma,4191
2023-09-07,Alejandro Flores,Fitpass,Mat Pilates,Ninguno,0,Sí,Roma,237
2023-09-07,Gabriela López,Fitpass,Reformer,Reformer,0,Sí,Condesa,226
2023-09-07,Alejandro Rodríguez,Fitpass,Reformer,Reformer,0,Sí,Condesa,204
2023-09-07,Andrea Hernández,Fitpass,Reformer,Reformer,0,Sí,Roma,200
2023-09-08,Daniela Jiménez,Clase Individual,Chair,Chair,0,No,Roma,510
2023-09-08,Carlos Morales,Clase Individual,Cadillac,Cadillac,0,No,Polanco,389
2023-09-08,María Gómez,Paquete,Reformer,Reformer,8,No,Roma,3088
2023-09-08,Claudia Gutiérrez,Fitpass,Mat Pilates,Ninguno,0,Sí,Roma,199
2023-09-08,Javier Flores,Paquete,Reformer,Reformer,12,No,Roma,4493
2023-09-08,Mariana Jiménez,Clase Individual,Reformer,Reformer,0,No,Condesa,487
2023-09-08,Miguel Gutiérrez,Fitpass,Mat Pilates,Ninguno,0,Sí,Polanco,187
2023-09-08,Diego Torres,Paquete,Reformer,Reformer,8,No,Condesa,3193
2023-09-08,Claudia García,Fitpass,Reformer,Reformer,0,Sí,Roma,229
2023-09-09,Mateo Vázquez,Paquete,Reformer,Reformer,12,No,Polanco,4536
2023-09-09,Fernanda Díaz,Clase Individual,Reformer,Reformer,0,No,Condesa,455
2023-09-09,Fernando Hernández,Paquete,Reformer,Reformer,24,No,Condesa,8727
2023-09-09,Paula Martínez,Fitpass,Chair,Chair,0,Sí,Condesa,225
2023-09-09,Lucía Torres,Paquete,Chair,Chair,8,No,Roma,3228
2023-09-09,Rodrigo González,Clase Individual,Reformer,Reformer,0,No,Roma,420
2023-09-09,Fernando Torres,Fitpass,Reformer,Reformer,0,Sí,Roma,201
2023-09-09,Carlos López,Clase Individual,Reformer,Reformer,0,No,Polanco,436
2023-09-09,Mateo Cruz,Paquete,Chair,Chair,24,No,Roma,8154
2023-09-09,Santiago Jiménez,Paquete,Reformer,Reformer,8,No,Condesa,3240
2023-09-09,Mateo Hernández,Paquete,Chair,Chair,12,No,Condesa,4352
2023-09-10,Sofía Flores,Paquete,Reformer,Reformer,12,No,Condesa,4294
2023-09-10,Valeria Pérez,Clase Individual,Reformer,Reformer,0,No,Roma,435
2023-09-10,Sofía Morales,Fitpass,Cadillac,Cadillac,0,Sí,Condesa,227
2023-09-10,Luis López,Paquete,Chair,Chair,12,No,Condesa,4491
2023-09-10,Paula Rodríguez,Fitpass,Reformer,Reformer,0,Sí,Roma,237
2023-09-10,Andrea Jiménez,Paquete,Mat Pilates,Ninguno,8,No,Roma,3258
2023-09-10,Mariana López,Paquete,Cadillac,Cadillac,8,No,Condesa,3038
2023-09-10,Fernando Torres,Clase Individual,Mat Pilates,Ninguno,0,No,Roma,489
2023-09-10,Claudia Ramírez,Clase Individual,Mat Pilates,Ninguno,0,No,Condesa,467
2023-09-11,Alejandro Rodríguez,Fitpass,Cadillac,Cadillac,0,Sí,Condesa,224
2023-09-11,Regina Morales,Fitpass,Reformer,Reformer,0,Sí,Roma,180
2023-09-11,Natalia Díaz,Paquete,Chair,Chair,24,No,Polanco,8107
2023-09-11,Miguel Pérez,Paquete,Reformer,Reformer,8,No,Condesa,3104
2023-09-11,María Reyes,Paquete,Cadillac,Cadillac,12,No,Polanco,4589
2023-09-11,Laura Reyes,Paquete,Reformer,Reformer,12,No,Roma,4110
2023-09-11,Andrea Gutiérrez,Paquete,Reformer,Reformer,12,No,Roma,4101
2023-09-11,Laura Pérez,Paquete,Cadillac,Cadillac,12,No,Roma,4470
2023-09-11,Valeria Díaz,Clase Individual,Reformer,Reformer,0,No,Roma,390
2023-09-11,Fernanda Reyes,Paquete,Chair,Chair,8,No,Condesa,2927
2023-09-11,Diego Gutiérrez,Fitpass,Chair,Chair,0,Sí,Roma,239
2023-09-12,Paula Martínez,Paquete,Reformer,Reformer,8,No,Polanco,3143
2023-09-12,Lucía Torres,Clase Individual,Reformer,Reformer,0,No,Polanco,463
2023-09-12,Daniela Pérez,Clase Individual,Cadillac,Cadillac,0,No,Condesa,470
2023-09-12,Andrea Díaz,Fitpass,Reformer,Reformer,0,Sí,Roma,198
2023-09-12,Lucía Pérez,Paquete,Reformer,Reformer,12,No,Roma,4586
2023-09-12,Diego Rodríguez,Clase Individual,Reformer,Reformer,0,No,Condesa,520
2023-09-12,Laura González,Paquete,Chair,Chair,8,No,Condesa,3238
2023-09-12,Diego López,Fitpass,Chair,Chair,0,Sí,Condesa,223
2023-09-12,Laura Flores,Paquete,Mat Pilates,Ninguno,12,No,Polanco,4511
2023-09-12,Gabriela Reyes,Fitpass,Reformer,Reformer,0,Sí,Condesa,219
2023-09-12,Valeria Cruz,Fitpass,Reformer,Reformer,0,Sí,Polanco,202
2023-09-12,Carlos López,Clase Individual,Chair,Chair,0,No,Roma,401
2023-09-12,María Mendoza,Paquete,Cadillac,Cadillac,8,No,Condesa,2952
2023-09-12,Renata Morales,Clase Individual,Chair,Chair,0,No,Condesa,488
2023-09-12,Claudia González,Paquete,Cadillac,Cadillac,12,No,Roma,4315
2023-09-12,Ana Vázquez,Clase Individual,Mat Pilates,Ninguno,0,No,Roma,505
2023-09-12,Paula Martínez,Paquete,Reformer,Reformer,8,No,Roma,3174
2023-09-13,Miguel Díaz,Paquete,Reformer,Reformer,8,No,Roma,3144
2023-09-13,Ana Ramírez,Paquete,Reformer,Reformer,8,No,Roma,3101
2023-09-13,Sofía Gómez,Fitpass,Cadillac,Cadillac,0,Sí,Polanco,198
2023-09-13,Ana Flores,Fitpass,Reformer,Reformer,0,Sí,Condesa,224
2023-09-13,Camila Rodríguez,Paquete,Mat Pilates,Ninguno,8,No,Roma,2941
2023-09-13,Natalia Mendoza,Clase Individual,Reformer,Reformer,0,No,Polanco,452
2023-09-13,Javier Sánchez,Fitpass,Reformer,Reformer,0,Sí,Polanco,228
2023-09-13,Laura Sánchez,Paquete,Reformer,Reformer,8,No,Roma,2986
2023-09-13,Victoria Díaz,Paquete,Reformer,Reformer,12,No,Roma,4353
2023-09-13,Mateo Sánchez,Fitpass,Reformer,Reformer,0,Sí,Polanco,214
2023-09-13,Ximena Jiménez,Paquete,Mat Pilates,Ninguno,8,No,Roma,2963
2023-09-13,Claudia Sánchez,Paquete,Reformer,Reformer,8,No,Polanco,3127
2023-09-14,Carolina Rodríguez,Paquete,Reformer,Reformer,24,No,Polanco,8415
2023-09-14,Luis Hernández,Fitpass,Reformer,Reformer,0,Sí,Polanco,182
2023-09-14,Javier Sánchez,Paquete,Reformer,Reformer,8,No,Polanco,3070
2023-09-14,Luis Morales,Fitpass,Reformer,Reformer,0,Sí,Condesa,208
2023-09-14,Luis Sánchez,Clase Individual,Reformer,Reformer,0,No,Condesa,491
2023-09-14,Carolina Díaz,Fitpass,Reformer,Reformer,0,Sí,Condesa,185
2023-09-15,Paula Mendoza,Paquete,Cadillac,Cadillac,8,No,Polanco,2955
2023-09-16,Daniela González,Fitpass,Cadillac,Cadillac,0,Sí,Condesa,195
2023-09-16,Sofía Flores,Fitpass,Reformer,Reformer,0,Sí,Roma,221
2023-09-16,Paula Reyes,Fitpass,Mat Pilates,Ninguno,0,Sí,Condesa,223
2023-09-16,Regina Ramírez,Fitpass,Reformer,Reformer,0,Sí,Roma,187
2023-09-16,Natalia Sánchez,Paquete,Reformer,Reformer,8,No,Roma,3014
2023-09-16,Valeria Pérez,Paquete,Reformer,Reformer,12,No,Polanco,4239
2023-09-16,Santiago Sánchez,Clase Individual,Mat Pilates,Ninguno,0,No,Roma,382
2023-09-16,Victoria Cruz,Paquete,Mat Pilates,Ninguno,12,No,Roma,4109
2023-09-16,Claudia Sánchez,Paquete,Reformer,Reformer,8,No,Polanco,2948
2023-09-17,Mariana López,Paquete,Reformer,Reformer,12,No,Roma,4388
2023-09-17,Regina Morales,Fitpass,Chair,Chair,0,Sí,Polanco,214
2023-09-17,Carlos Pérez,Paquete,Mat Pilates,Ninguno,8,No,Roma,3283
2023-09-17,Natalia Reyes,Paquete,Cadillac,Cadillac,12,No,Roma,4541
2023-09-17,Gabriela Díaz,Paquete,Mat Pilates,Ninguno,12,No,Polanco,4103
2023-09-17,Camila Vázquez,Paquete,Mat Pilates,Ninguno,24,No,Polanco,8574
2023-09-17,María Mendoza,Paquete,Reformer,Reformer,8,No,Condesa,3099
2023-09-17,Andrea Pérez,Fitpass,Reformer,Reformer,0,Sí,Roma,184
2023-09-17,Miguel Reyes,Clase Individual,Cadillac,Cadillac,0,No,Polanco,517
2023-09-18,Andrea Hernández,Fitpass,Reformer,Reformer,0,Sí,Condesa,231
2023-09-18,Claudia González,Fitpass,Reformer,Reformer,0,Sí,Polanco,220
2023-09-18,Santiago Hernández,Fitpass,Reformer,Reformer,0,Sí,Polanco,232
2023-09-18,Alejandro Reyes,Clase Individual,Chair,Chair,0,No,Roma,505
2023-09-18,Diego Gutiérrez,Clase Individual,Reformer,Reformer,0,No,Roma,391
2023-09-18,Alejandro Rodríguez,Paquete,Chair,Chair,12,No,Condesa,4230
2023-09-18,Carlos Ramírez,Paquete,Reformer,Reformer,12,No,Condesa,4512
2023-09-18,Natalia Díaz,Fitpass,Reformer,Reformer,0,Sí,Polanco,189
2023-09-18,Luis Díaz,Fitpass,Cadillac,Cadillac,0,Sí,Roma,184
2023-09-18,Javier Morales,Fitpass,Mat Pilates,Ninguno,0,Sí,Polanco,218
2023-09-18,Ximena López,Paquete,Reformer,Reformer,12,No,Condesa,4149
2023-09-19,Luis Sánchez,Paquete,Cadillac,Cadillac,8,No,Roma,2948
2023-09-19,Mariana Jiménez,Clase Individual,Chair,Chair,0,No,Polanco,407
2023-09-19,Carlos Martínez,Paquete,Reformer,Reformer,24,No,Condesa,8670
2023-09-19,Carolina García,Paquete,Chair,Chair,12,No,Condesa,4491
2023-09-19,Javier Vázquez,Clase Individual,Reformer,Reformer,0,No,Condesa,382
2023-09-19,Carolina Vázquez,Paquete,Reformer,Reformer,12,No,Roma,4109
2023-09-20,Carlos Torres,Fitpass,Reformer,Reformer,0,Sí,Condesa,181
2023-09-20,Carlos Torres,Fitpass,Cadillac,Cadillac,0,Sí,Roma,196
2023-09-20,Laura Jiménez,Fitpass,Reformer,Reformer,0,Sí,Polanco,210
2023-09-20,Paula Martínez,Fitpass,Mat Pilates,Ninguno,0,Sí,Condesa,223
2023-09-20,Laura Mendoza,Fitpass,Reformer,Reformer,0,Sí,Condesa,224
2023-09-21,Lucía Gutiérrez,Paquete,Reformer,Reformer,12,No,Roma,4252
2023-09-21,María García,Clase Individual,Reformer,Reformer,0,No,Condesa,514
2023-09-21,Santiago Vázquez,Clase Individual,Reformer,Reformer,0,No,Roma,458
2023-09-21,Lucía Reyes,Fitpass,Chair,Chair,0,Sí,Roma,201
2023-09-21,Diego Díaz,Fitpass,Reformer,Reformer,0,Sí,Condesa,207
2023-09-21,Paula Díaz,Fitpass,Chair,Chair,0,Sí,Polanco,216
2023-09-21,Mateo Vázquez,Paquete,Mat Pilates,Ninguno,8,No,Condesa,3188
2023-09-21,Andrea Pérez,Clase Individual,Reformer,Reformer,0,No,Roma,496
2023-09-21,Gabriela López,Fitpass,Chair,Chair,0,Sí,Roma,239
2023-09-21,Fernanda Díaz,Fitpass,Chair,Chair,0,Sí,Polanco,182
2023-09-21,Andrea Sánchez,Paquete,Chair,Chair,8,No,Roma,3123
2023-09-21,Mariana Hernández,Paquete,Chair,Chair,12,No,Roma,4664
2023-09-21,Camila Torres,Clase Individual,Reformer,Reformer,0,No,Roma,391
2023-09-21,Ana Ramírez,Fitpass,Reformer,Reformer,0,Sí,Condesa,220
2023-09-21,Gabriela Sánchez,Clase Individual,Cadillac,Cadillac,0,No,Polanco,445
2023-09-21,Paula Morales,Clase Individual,Chair,Chair,0,No,Roma,441
2023-09-22,Camila González,Paquete,Reformer,Reformer,8,No,Roma,2975
2023-09-22,Camila Martínez,Fitpass,Reformer,Reformer,0,Sí,Roma,232
2023-09-22,Natalia Martínez,Clase Individual,Mat Pilates,Ninguno,0,No,Roma,452
2023-09-22,Valeria Gutiérrez,Clase Individual,Chair,Chair,0,No,Polanco,494
2023-09-22,Valeria Gutiérrez,Clase Individual,Cadillac,Cadillac,0,No,Roma,416
2023-09-22,Regina Hernández,Paquete,Chair,Chair,12,No,Roma,4142
2023-09-22,Carolina Ramírez,Paquete,Mat Pilates,Ninguno,8,No,Roma,3299
2023-09-22,Andrea López,Clase Individual,Mat Pilates,Ninguno,0,No,Polanco,505
2023-09-22,Santiago Gutiérrez,Paquete,Chair,Chair,12,No,Condesa,4229
2023-09-22,Lucía Reyes,Paquete,Cadillac,Cadillac,8,No,Polanco,3232
2023-09-22,Camila Ramírez,Fitpass,Cadillac,Cadillac,0,Sí,Polanco,201
2023-09-22,Ximena Torres,Paquete,Chair,Chair,12,No,Roma,4267
2023-09-22,Carolina Sánchez,Paquete,Cadillac,Cadillac,8,No,Roma,2957
2023-09-22,Daniela Pérez,Fitpass,Chair,Chair,0,Sí,Polanco,188
2023-09-22,María Rodríguez,Paquete,Reformer,Reformer,12,No,Roma,4239
2023-09-22,Luis Sánchez,Fitpass,Reformer,Reformer,0,Sí,Polanco,210
2023-09-22,Carolina Morales,Paquete,Reformer,Reformer,24,No,Roma,8002
2023-09-22,Alejandro Reyes,Fitpass,Chair,Chair,0,Sí,Condesa,211
2023-09-22,Paula Torres,Paquete,Chair,Chair,24,No,Condesa,8675
2023-09-23,Valeria Hernández,Clase Individual,Reformer,Reformer,0,No,Condesa,425
2023-09-23,Victoria Gutiérrez,Fitpass,Chair,Chair,0,Sí,Condesa,234
2023-09-23,Diego Vázquez,Paquete,Cadillac,Cadillac,12,No,Polanco,4330
2023-09-23,Victoria Martínez,Fitpass,Chair,Chair,0,Sí,Condesa,216
2023-09-23,Natalia Hernández,Fitpass,Reformer,Reformer,0,Sí,Condesa,199
2023-09-23,Paula Ramírez,Fitpass,Reformer,Reformer,0,Sí,Polanco,233
2023-09-23,Javier Hernández,Fitpass,Cadillac,Cadillac,0,Sí,Condesa,202
2023-09-23,Claudia Torres,Paquete,Reformer,Reformer,24,No,Polanco,8677
2023-09-23,Javier González,Fitpass,Mat Pilates,Ninguno,0,Sí,Roma,218
2023-09-23,Luis Hernández,Paquete,Reformer,Reformer,8,No,Roma,3095
2023-09-23,Lucía Rodríguez,Paquete,Reformer,Reformer,8,No,Roma,3234
2023-09-23,Regina Mendoza,Paquete,Cadillac,Cadillac,8,No,Condesa,3192
2023-09-23,Luis Pérez,Paquete,Chair,Chair,8,No,Polanco,3258
2023-09-23,Fernando González,Paquete,Reformer,Reformer,8,No,Roma,3283
2023-09-23,Mariana Cruz,Paquete,Reformer,Reformer,8,No,Roma,2963
2023-09-24,Santiago Sánchez,Paquete,Reformer,Reformer,8,No,Roma,3281
2023-09-24,Renata Morales,Clase Individual,Chair,Chair,0,No,Condesa,462
2023-09-24,Daniela Morales,Fitpass,Reformer,Reformer,0,Sí,Condesa,192
2023-09-24,Camila Flores,Paquete,Reformer,Reformer,12,No,Roma,4242
2023-09-24,Victoria Vázquez,Paquete,Mat Pilates,Ninguno,8,No,Roma,3152
2023-09-24,Sofía Rodríguez,Paquete,Cadillac,Cadillac,24,No,Roma,8093
2023-09-24,Daniela Rodríguez,Paquete,Reformer,Reformer,8,No,Condesa,3243
2023-09-24,Claudia Gómez,Fitpass,Chair,Chair,0,Sí,Condesa,223
2023-09-24,Javier González,Paquete,Chair,Chair,24,No,Polanco,8519
2023-09-24,Ana Vázquez,Fitpass,Reformer,Reformer,0,Sí,Polanco,198
2023-09-24,Paula Cruz,Paquete,Reformer,Reformer,8,No,Polanco,3256
2023-09-25,Fernanda Reyes,Fitpass,Cadillac,Cadillac,0,Sí,Roma,222
2023-09-25,Daniela Martínez,Fitpass,Reformer,Reformer,0,Sí,Polanco,189
2023-09-25,Luis Gutiérrez,Fitpass,Reformer,Reformer,0,Sí,Condesa,223
2023-09-25,Regina Ramírez,Paquete,Reformer,Reformer,24,No,Roma,8856
2023-09-25,Claudia Pérez,Clase Individual,Cadillac,Cadillac,0,No,Condesa,417
2023-09-25,Mateo Morales,Clase Individual,Reformer,Reformer,0,No,Polanco,437
2023-09-26,Renata Jiménez,Fitpass,Reformer,Reformer,0,Sí,Polanco,218
2023-09-26,Paula Cruz,Clase Individual,Mat Pilates,Ninguno,0,No,Roma,492
2023-09-26,Santiago Sánchez,Clase Individual,Reformer,Reformer,0,No,Condesa,503
2023-09-26,Ximena Sánchez,Clase Individual,Reformer,Reformer,0,No,Polanco,484
2023-09-26,Lucía Torres,Clase Individual,Cadillac,Cadillac,0,No,Condesa,488
2023-09-26,María Cruz,Fitpass,Reformer,Reformer,0,Sí,Condesa,187
2023-09-26,Diego Torres,Clase Individual,Reformer,Reformer,0,No,Condesa,450
2023-09-26,Mariana Ramírez,Paquete,Chair,Chair,12,No,Condesa,4178
2023-09-26,Lucía Vázquez,Clase Individual,Cadillac,Cadillac,0,No,Roma,382
2023-09-26,Carolina García,Fitpass,Reformer,Reformer,0,Sí,Roma,232
2023-09-26,Fernando Reyes,Paquete,Reformer,Reformer,12,No,Roma,4252
2023-09-26,Carolina Morales,Paquete,Reformer,Reformer,12,No,Roma,4132
2023-09-27,Laura Jiménez,Fitpass,Cadillac,Cadillac,0,Sí,Condesa,218
2023-09-27,Valeria González,Fitpass,Reformer,Reformer,0,Sí,Roma,210
2023-09-27,Regina Díaz,Clase Individual,Mat Pilates,Ninguno,0,No,Polanco,489
2023-09-27,Daniela Torres,Paquete,Reformer,Reformer,12,No,Polanco,4263
2023-09-27,Alejandro Sánchez,Paquete,Reformer,Reformer,8,No,Roma,3155
2023-09-27,Diego Pérez,Clase Individual,Cadillac,Cadillac,0,No,Roma,494
2023-09-27,Regina Mendoza,Fitpass,Reformer,Reformer,0,Sí,Roma,193
2023-09-27,Javier Díaz,Fitpass,Reformer,Reformer,0,Sí,Roma,197
2023-09-27,Victoria Cruz,Paquete,Reformer,Reformer,12,No,Polanco,4578
2023-09-28,Santiago Jiménez,Fitpass,Chair,Chair,0,Sí,Condesa,197
2023-09-28,Victoria Rodríguez,Paquete,Reformer,Reformer,8,No,Roma,3053
2023-09-28,Camila Ramírez,Fitpass,Reformer,Reformer,0,Sí,Polanco,188
2023-09-28,Mariana Reyes,Clase Individual,Mat Pilates,Ninguno,0,No,Condesa,455
2023-09-28,Diego Gutiérrez,Fitpass,Chair,Chair,0,Sí,Condesa,210
2023-09-28,Laura Ramírez,Paquete,Chair,Chair,8,No,Roma,3077
2023-09-28,Daniela Hernández,Fitpass,Chair,Chair,0,Sí,Polanco,221
2023-09-28,Fernanda Reyes,Clase Individual,Chair,Chair,0,No,Roma,411
2023-09-28,Mariana Rodríguez,Paquete,Cadillac,Cadillac,8,No,Condesa,3063
2023-09-28,Fernanda Reyes,Fitpass,Cadillac,Cadillac,0,Sí,Polanco,208
2023-09-28,Alejandro López,Paquete,Chair,Chair,8,No,Roma,3026
2023-09-28,Luis González,Paquete,Chair,Chair,12,No,Condesa,4252
2023-09-29,Laura Jiménez,Paquete,Reformer,Reformer,12,No,Condesa,4345
2023-09-29,Renata Gutiérrez,Fitpass,Reformer,Reformer,0,Sí,Polanco,225
2023-09-29,Regina González,Fitpass,Reformer,Reformer,0,Sí,Condesa,180
2023-09-29,Javier Ramírez,Paquete,Cadillac,Cadillac,8,No,Condesa,3056
2023-09-29,Javier Rodríguez,Paquete,Reformer,Reformer,12,No,Polanco,4515
2023-09-29,Diego Gutiérrez,Clase Individual,Reformer,Reformer,0,No,Condesa,426
2023-09-29,Natalia González,Paquete,Mat Pilates,Ninguno,8,No,Roma,2945
2023-09-29,Luis Díaz,Paquete,Reformer,Reformer,8,No,Roma,2956
2023-09-29,Santiago Pérez,Fitpass,Chair,Chair,0,Sí,Roma,212
2023-09-30,Lucía Vázquez,Fitpass,Reformer,Reformer,0,Sí,Roma,199
2023-09-30,Gabriela Hernández,Paquete,Chair,Chair,8,No,Roma,3151
2023-09-30,Alejandro Flores,Paquete,Reformer,Reformer,12,No,Condesa,4254
2023-09-30,Renata González,Clase Individual,Cadillac,Cadillac,0,No,Roma,489
2023-09-30,Sofía Pérez,Paquete,Reformer,Reformer,8,No,Roma,3207
2023-09-30,Victoria Gómez,Clase Individual,Reformer,Reformer,0,No,Roma,519
2023-09-30,Javier Jiménez,Clase Individual,Mat Pilates,Ninguno,0,No,Condesa,501
2023-09-30,Carolina González,Paquete,Reformer,Reformer,8,No,Roma,2994
2023-09-30,Fernando Gómez,Paquete,Cadillac,Cadillac,12,No,Roma,4371
2023-09-30,Miguel Gutiérrez,Paquete,Chair,Chair,8,No,Roma,3170
2023-10-01,Rodrigo Gómez,Fitpass,Reformer,Reformer,0,Sí,Polanco,214
2023-10-01,Natalia Pérez,Clase Individual,Mat Pilates,Ninguno,0,No,Roma,401
2023-10-01,Andrea Pérez,Clase Individual,Mat Pilates,Ninguno,0,No,Condesa,388
2023-10-01,Daniela Jiménez,Paquete,Chair,Chair,8,No,Roma,2940
2023-10-01,Sofía Cruz,Paquete,Reformer,Reformer,8,No,Polanco,3157
2023-10-01,Fernando Gutiérrez,Paquete,Mat Pilates,Ninguno,8,No,Roma,3159
2023-10-01,Valeria Vázquez,Clase Individual,Reformer,Reformer,0,No,Condesa,381
2023-10-01,Camila Gutiérrez,Paquete,Reformer,Reformer,8,No,Condesa,2964
2023-10-01,Javier Gutiérrez,Paquete,Chair,Chair,8,No,Roma,2975
2023-10-01,Diego Ramírez,Paquete,Chair,Chair,24,No,Roma,8056
2023-10-01,Javier Torres,Paquete,Chair,Chair,8,No,Roma,3248
2023-10-01,Mariana Flores,Paquete,Reformer,Reformer,24,No,Roma,8634
2023-10-01,Fernando Hernández,Paquete,Reformer,Reformer,24,No,Roma,7917
2023-10-01,Miguel Reyes,Paquete,Reformer,Reformer,8,No,Condesa,3141
2023-10-02,Fernando Mendoza,Paquete,Mat Pilates,Ninguno,12,No,Roma,4496
2023-10-02,Rodrigo Cruz,Paquete,Reformer,Reformer,8,No,Polanco,3147
2023-10-02,Regina Reyes,Clase Individual,Mat Pilates,Ninguno,0,No,Polanco,475
2023-10-02,Ana López,Clase Individual,Cadillac,Cadillac,0,No,Roma,500
2023-10-02,Lucía González,Paquete,Chair,Chair,24,No,Polanco,7963
2023-10-02,Natalia Morales,Fitpass,Reformer,Reformer,0,Sí,Condesa,240
2023-10-02,Regina Ramírez,Paquete,Reformer,Reformer,8,No,Roma,3105
2023-10-02,Ximena Pérez,Clase Individual,Reformer,Reformer,0,No,Condesa,406
2023-10-03,Fernando Morales,Paquete,Reformer,Reformer,24,No,Roma,8409
2023-10-03,Lucía Sánchez,Paquete,Reformer,Reformer,12,No,Condesa,4248
2023-10-03,Claudia Gutiérrez,Clase Individual,Reformer,Reformer,0,No,Polanco,486
2023-10-03,Regina Mendoza,Paquete,Chair,Chair,8,No,Condesa,3226
2023-10-03,Regina Vázquez,Paquete,Reformer,Reformer,8,No,Roma,3080
2023-10-03,Andrea Torres,Paquete,Mat Pilates,Ninguno,8,No,Roma,3267
2023-10-03,Claudia Sánchez,Fitpass,Reformer,Reformer,0,Sí,Condesa,199
2023-10-03,Alejandro Rodríguez,Paquete,Reformer,Reformer,24,No,Condesa,8834
2023-10-03,Camila Morales,Clase Individual,Reformer,Reformer,0,No,Condesa,497
2023-10-04,Laura Jiménez,Paquete,Reformer,Reformer,12,No,Condesa,4595
2023-10-04,Diego Jiménez,Fitpass,Reformer,Reformer,0,Sí,Roma,192
2023-10-04,Carolina Jiménez,Paquete,Chair,Chair,24,No,Roma,8480
2023-10-04,Alejandro Torres,Fitpass,Chair,Chair,0,Sí,Roma,217
2023-10-04,Carlos Torres,Fitpass,Chair,Chair,0,Sí,Roma,227
2023-10-04,Miguel Ramírez,Paquete,Chair,Chair,8,No,Condesa,3274
2023-10-04,Renata Gómez,Fitpass,Reformer,Reformer,0,Sí,Roma,180
2023-10-04,Natalia García,Clase Individual,Mat Pilates,Ninguno,0,No,Roma,473
2023-10-04,Victoria Gutiérrez,Fitpass,Reformer,Reformer,0,Sí,Condesa,218
2023-10-04,Santiago Jiménez,Paquete,Reformer,Reformer,8,No,Polanco,3254
2023-10-04,Santiago Reyes,Clase Individual,Reformer,Reformer,0,No,Condesa,388
2023-10-04,Ana González,Clase Individual,Reformer,Reformer,0,No,Roma,459
2023-10-04,Regina Torres,Fitpass,Cadillac,Cadillac,0,Sí,Polanco,219
2023-10-05,Paula Morales,Fitpass,Reformer,Reformer,0,Sí,Roma,180
2023-10-05,Ximena Gómez,Fitpass,Chair,Chair,0,Sí,Condesa,212
2023-10-05,Sofía López,Fitpass,Reformer,Reformer,0,Sí,Condesa,216
2023-10-05,Ximena Morales,Paquete,Reformer,Reformer,12,No,Roma,4212
2023-10-05,Carlos Díaz,Paquete,Reformer,Reformer,12,No,Condesa,4538
2023-10-05,Alejandro Hernández,Fitpass,Cadillac,Cadillac,0,Sí,Roma,234
2023-10-06,Sofía Rodríguez,Paquete,Chair,Chair,8,No,Roma,3218
2023-10-06,Mateo Morales,Paquete,Reformer,Reformer,8,No,Polanco,3167
2023-10-06,Andrea Reyes,Fitpass,Mat Pilates,Ninguno,0,Sí,Roma,209
2023-10-06,Lucía Jiménez,Paquete,Reformer,Reformer,8,No,Condesa,3267
2023-10-06,Rodrigo Pérez,Paquete,Reformer,Reformer,12,No,Polanco,4534
2023-10-06,Sofía Morales,Paquete,Reformer,Reformer,8,No,Condesa,3078
2023-10-06,Ximena Hernández,Fitpass,Cadillac,Cadillac,0,Sí,Roma,226
2023-10-06,Rodrigo Gómez,Paquete,Chair,Chair,24,No,Roma,8127
2023-10-06,Claudia García,Clase Individual,Chair,Chair,0,No,Polanco,489
2023-10-07,Regina Cruz,Clase Individual,Cadillac,Cadillac,0,No,Polanco,385
2023-10-07,Victoria Pérez,Paquete,Reformer,Reformer,8,No,Roma,2926
2023-10-07,Daniela Flores,Clase Individual,Reformer,Reformer,0,No,Roma,491
2023-10-07,Victoria Torres,Paquete,Chair,Chair,8,No,Condesa,3023
2023-10-07,Carlos Mendoza,Fitpass,Cadillac,Cadillac,0,Sí,Polanco,237
2023-10-07,Andrea Gómez,Paquete,Chair,Chair,24,No,Roma,8622
2023-10-07,Ximena López,Clase Individual,Reformer,Reformer,0,No,Roma,399
2023-10-07,Miguel López,Paquete,Chair,Chair,8,No,Condesa,3266
2023-10-07,Camila Cruz,Clase Individual,Mat Pilates,Ninguno,0,No,Polanco,506
2023-10-07,Paula Flores,Paquete,Reformer,Reformer,24,No,Roma,8092
2023-10-07,Javier Morales,Fitpass,Reformer,Reformer,0,Sí,Polanco,184
2023-10-07,Renata González,Paquete,Chair,Chair,8,No,Roma,3182
2023-10-07,Gabriela Mendoza,Fitpass,Reformer,Reformer,0,Sí,Roma,200
2023-10-08,Alejandro Vázquez,Clase Individual,Mat Pilates,Ninguno,0,No,Polanco,389
2023-10-08,María Gutiérrez,Clase Individual,Reformer,Reformer,0,No,Roma,474
2023-10-08,Daniela Flores,Fitpass,Reformer,Reformer,0,Sí,Condesa,198
2023-10-08,Mariana Martínez,Paquete,Mat Pilates,Ninguno,8,No,Condesa,2995
2023-10-08,Paula Díaz,Clase Individual,Reformer,Reformer,0,No,Polanco,472
2023-10-08,Carolina Sánchez,Fitpass,Cadillac,Cadillac,0,Sí,Polanco,223
2023-10-08,Sofía Sánchez,Paquete,Chair,Chair,8,No,Condesa,3210
2023-10-08,Diego Vázquez,Paquete,Mat Pilates,Ninguno,8,No,Condesa,2928
2023-10-09,Lucía López,Clase Individual,Reformer,Reformer,0,No,Condesa,458
2023-10-09,Rodrigo Torres,Clase Individual,Reformer,Reformer,0,No,Condesa,403
2023-10-09,Mariana Pérez,Clase Individual,Mat Pilates,Ninguno,0,No,Condesa,459
2023-10-09,Alejandro Flores,Paquete,Reformer,Reformer,24,No,Polanco,8478
2023-10-09,Mariana Reyes,Clase Individual,Reformer,Reformer,0,No,Polanco,416
2023-10-09,Alejandro Rodríguez,Fitpass,Chair,Chair,0,Sí,Condesa,230
2023-10-09,Daniela López,Clase Individual,Mat Pilates,Ninguno,0,No,Condesa,415
2023-10-09,Paula Torres,Paquete,Reformer,Reformer,24,No,Polanco,8681
2023-10-09,Fernanda Jiménez,Paquete,Cadillac,Cadillac,24,No,Roma,8394
2023-10-09,Regina Sánchez,Fitpass,Chair,Chair,0,Sí,Polanco,213
2023-10-10,Ana Vázquez,Paquete,Chair,Chair,8,No,Polanco,3284
2023-10-10,Daniela Rodríguez,Clase Individual,Reformer,Reformer,0,No,Condesa,482
2023-10-10,Ximena Gómez,Fitpass,Mat Pilates,Ninguno,0,Sí,Polanco,200
2023-10-10,Fernanda López,Paquete,Chair,Chair,12,No,Roma,4547
2023-10-10,Daniela Hernández,Fitpass,Chair,Chair,0,Sí,Condesa,213
2023-10-10,Alejandro López,Paquete,Reformer,Reformer,24,No,Condesa,7995
2023-10-10,Fernando García,Fitpass,Reformer,Reformer,0,Sí,Roma,195
2023-10-10,Gabriela Sánchez,Clase Individual,Chair,Chair,0,No,Condesa,498
2023-10-10,Laura Pérez,Paquete,Reformer,Reformer,8,No,Condesa,3120
2023-10-10,Daniela Hernández,Fitpass,Chair,Chair,0,Sí,Polanco,239
2023-10-10,Paula Cruz,Paquete,Reformer,Reformer,24,No,Condesa,8170
2023-10-10,Daniela Pérez,Paquete,Cadillac,Cadillac,8,No,Condesa,3112
2023-10-11,Rodrigo Pérez,Fitpass,Reformer,Reformer,0,Sí,Polanco,203
2023-10-11,Lucía Pérez,Fitpass,Reformer,Reformer,0,Sí,Polanco,202
2023-10-11,Gabriela González,Paquete,Chair,Chair,24,No,Roma,8625
2023-10-11,Natalia Sánchez,Paquete,Mat Pilates,Ninguno,24,No,Condesa,8065
2023-10-11,Mariana Mendoza,Clase Individual,Mat Pilates,Ninguno,0,No,Roma,447
2023-10-11,Diego Gómez,Paquete,Reformer,Reformer,24,No,Polanco,8247
2023-10-11,Fernanda Rodríguez,Fitpass,Reformer,Reformer,0,Sí,Roma,230
2023-10-11,Carolina González,Paquete,Reformer,Reformer,12,No,Roma,4546
2023-10-11,Sofía Gutiérrez,Fitpass,Reformer,Reformer,0,Sí,Condesa,224
2023-10-11,Santiago Díaz,Fitpass,Cadillac,Cadillac,0,Sí,Roma,184
2023-10-11,Gabriela Reyes,Paquete,Cadillac,Cadillac,12,No,Condesa,4424
2023-10-11,Fernanda Reyes,Fitpass,Mat Pilates,Ninguno,0,Sí,Roma,192
2023-10-11,Luis González,Fitpass,Reformer,Reformer,0,Sí,Condesa,216
2023-10-12,Rodrigo Pérez,Paquete,Reformer,Reformer,8,No,Roma,3239
2023-10-12,Valeria García,Clase Individual,Cadillac,Cadillac,0,No,Roma,470
2023-10-12,Rodrigo González,Paquete,Reformer,Reformer,12,No,Condesa,4298
2023-10-12,Fernando Jiménez,Clase Individual,Chair,Chair,0,No,Roma,460
2023-10-12,Ximena González,Fitpass,Chair,Chair,0,Sí,Roma,188
2023-10-12,Mateo Sánchez,Fitpass,Reformer,Reformer,0,Sí,Condesa,214
2023-10-12,Sofía Mendoza,Paquete,Chair,Chair,8,No,Roma,2962
2023-10-12,Camila Sánchez,Paquete,Reformer,Reformer,12,No,Roma,4498
2023-10-12,Alejandro Gómez,Paquete,Reformer,Reformer,24,No,Roma,8697
2023-10-12,Paula Reyes,Clase Individual,Reformer,Reformer,0,No,Roma,490
2023-10-12,Ximena Martínez,Fitpass,Cadillac,Cadillac,0,Sí,Roma,213
2023-10-12,Rodrigo García,Paquete,Cadillac,Cadillac,12,No,Roma,4401
2023-10-12,Ximena Gómez,Clase Individual,Chair,Chair,0,No,Polanco,426
2023-10-12,Laura González,Clase Individual,Mat Pilates,Ninguno,0,No,Polanco,475
2023-10-12,Javier Sánchez,Paquete,Reformer,Reformer,8,No,Polanco,3071
2023-10-13,Valeria Vázquez,Paquete,Reformer,Reformer,8,No,Condesa,3169
2023-10-13,Renata Jiménez,Paquete,Reformer,Reformer,8,No,Roma,3105
2023-10-13,Lucía Pérez,Paquete,Reformer,Reformer,12,No,Roma,4625
2023-10-13,Lucía Hernández,Clase Individual,Reformer,Reformer,0,No,Condesa,488
2023-10-13,Andrea Pérez,Fitpass,Chair,Chair,0,Sí,Condesa,190
2023-10-13,Laura Flores,Fitpass,Chair,Chair,0,Sí,Condesa,238
2023-10-13,Diego García,Paquete,Mat Pilates,Ninguno,12,No,Condesa,4642
2023-10-13,Alejandro Vázquez,Clase Individual,Cadillac,Cadillac,0,No,Condesa,500
2023-10-14,Laura Gómez,Fitpass,Mat Pilates,Ninguno,0,Sí,Condesa,236
2023-10-14,Andrea Jiménez,Fitpass,Chair,Chair,0,Sí,Polanco,190
2023-10-14,Mateo González,Paquete,Reformer,Reformer,8,No,Condesa,3100
2023-10-14,Carolina Morales,Paquete,Reformer,Reformer,8,No,Condesa,3248
2023-10-14,Lucía García,Fitpass,Reformer,Reformer,0,Sí,Condesa,230
2023-10-14,Diego Díaz,Clase Individual,Cadillac,Cadillac,0,No,Condesa,412
2023-10-15,Alejandro Torres,Paquete,Reformer,Reformer,24,No,Roma,8266
2023-10-15,Alejandro Díaz,Paquete,Chair,Chair,12,No,Condesa,4546
2023-10-15,Daniela Mendoza,Clase Individual,Reformer,Reformer,0,No,Roma,456
2023-10-15,Claudia Reyes,Clase Individual,Chair,Chair,0,No,Condesa,407
2023-10-15,Andrea Sánchez,Fitpass,Reformer,Reformer,0,Sí,Condesa,232
2023-10-15,Rodrigo López,Fitpass,Reformer,Reformer,0,Sí,Roma,239
2023-10-15,Santiago Torres,Clase Individual,Chair,Chair,0,No,Roma,499
2023-10-15,Claudia Pérez,Clase Individual,Reformer,Reformer,0,No,Roma,509
2023-10-15,Paula Martínez,Fitpass,Mat Pilates,Ninguno,0,Sí,Condesa,215
2023-10-16,Ximena Jiménez,Fitpass,Cadillac,Cadillac,0,Sí,Polanco,232
2023-10-16,Paula García,Fitpass,Reformer,Reformer,0,Sí,Roma,222
2023-10-16,Luis Gutiérrez,Clase Individual,Mat Pilates,Ninguno,0,No,Polanco,418
2023-10-16,Claudia Martínez,Paquete,Chair,Chair,24,No,Roma,8354
2023-10-16,Fernanda Rodríguez,Clase Individual,Reformer,Reformer,0,No,Polanco,385
2023-10-16,Camila Rodríguez,Fitpass,Chair,Chair,0,Sí,Condesa,238
2023-10-16,Santiago Ramírez,Clase Individual,Reformer,Reformer,0,No,Polanco,456
2023-10-16,Carolina Jiménez,Paquete,Mat Pilates,Ninguno,8,No,Polanco,3115
2023-10-16,Fernando Vázquez,Paquete,Mat Pilates,Ninguno,8,No,Roma,3116
2023-10-16,Diego López,Fitpass,Reformer,Reformer,0,Sí,Condesa,213
2023-10-16,Gabriela Jiménez,Fitpass,Cadillac,Cadillac,0,Sí,Polanco,230
2023-10-16,Daniela Ramírez,Paquete,Reformer,Reformer,8,No,Polanco,2919
2023-10-17,Ximena Flores,Paquete,Reformer,Reformer,8,No,Condesa,3296
2023-10-17,Fernanda Rodríguez,Paquete,Cadillac,Cadillac,12,No,Condesa,4365
2023-10-17,Mateo González,Paquete,Chair,Chair,12,No,Roma,4601
2023-10-17,Gabriela Flores,Fitpass,Reformer,Reformer,0,Sí,Polanco,187
2023-10-17,Diego Gutiérrez,Paquete,Reformer,Reformer,12,No,Roma,4501
2023-10-17,Santiago Gutiérrez,Paquete,Reformer,Reformer,8,No,Polanco,3010
2023-10-17,Fernando Jiménez,Paquete,Mat Pilates,Ninguno,8,No,Condesa,3028
2023-10-18,Mariana Hernández,Paquete,Reformer,Reformer,8,No,Condesa,3029
2023-10-18,Ana Vázquez,Clase Individual,Mat Pilates,Ninguno,0,No,Roma,406
2023-10-18,Alejandro Flores,Fitpass,Reformer,Reformer,0,Sí,Roma,193
2023-10-18,Carolina Ramírez,Paquete,Cadillac,Cadillac,8,No,Polanco,3300
2023-10-19,Gabriela González,Fitpass,Cadillac,Cadillac,0,Sí,Roma,234
2023-10-19,María Morales,Paquete,Reformer,Reformer,12,No,Roma,4225
2023-10-19,Regina Jiménez,Fitpass,Chair,Chair,0,Sí,Polanco,218
2023-10-19,Fernanda Cruz,Clase Individual,Reformer,Reformer,0,No,Polanco,413
2023-10-19,Rodrigo Ramírez,Clase Individual,Reformer,Reformer,0,No,Roma,461
2023-10-19,Andrea Vázquez,Paquete,Reformer,Reformer,24,No,Polanco,8598
2023-10-19,Andrea López,Fitpass,Reformer,Reformer,0,Sí,Polanco,214
2023-10-19,Claudia García,Paquete,Cadillac,Cadillac,8,No,Roma,2976
2023-10-19,Fernando Sánchez,Clase Individual,Cadillac,Cadillac,0,No,Polanco,497
2023-10-19,Ximena Vázquez,Fitpass,Chair,Chair,0,Sí,Condesa,232
2023-10-20,Lucía Gómez,Paquete,Chair,Chair,8,No,Condesa,2948
2023-10-20,Javier Jiménez,Fitpass,Reformer,Reformer,0,Sí,Polanco,191
2023-10-20,Santiago Hernández,Fitpass,Reformer,Reformer,0,Sí,Roma,186
2023-10-20,Carolina Sánchez,Paquete,Mat Pilates,Ninguno,12,No,Condesa,4176
2023-10-20,Miguel Pérez,Clase Individual,Reformer,Reformer,0,No,Polanco,421
2023-10-20,Laura Gutiérrez,Fitpass,Reformer,Reformer,0,Sí,Condesa,229
2023-10-20,Javier Hernández,Fitpass,Reformer,Reformer,0,Sí,Polanco,223
2023-10-20,Claudia Díaz,Fitpass,Reformer,Reformer,0,Sí,Polanco,216
2023-10-20,Claudia Martínez,Clase Individual,Chair,Chair,0,No,Roma,519
2023-10-20,Miguel Sánchez,Fitpass,Mat Pilates,Ninguno,0,Sí,Condesa,193
2023-10-20,Valeria González,Fitpass,Reformer,Reformer,0,Sí,Roma,204
2023-10-20,Valeria Cruz,Fitpass,Reformer,Reformer,0,Sí,Polanco,200
2023-10-20,Claudia Reyes,Paquete,Reformer,Reformer,8,No,Condesa,3119
2023-10-20,Rodrigo López,Paquete,Cadillac,Cadillac,8,No,Condesa,3198
2023-10-20,Lucía González,Fitpass,Reformer,Reformer,0,Sí,Polanco,190
2023-10-21,Andrea Sánchez,Fitpass,Reformer,Reformer,0,Sí,Condesa,204
2023-10-21,Fernanda González,Paquete,Reformer,Reformer,12,No,Roma,4505
2023-10-21,Valeria Vázquez,Paquete,Cadillac,Cadillac,24,No,Polanco,8860
2023-10-21,Mariana Cruz,Clase Individual,Mat Pilates,Ninguno,0,No,Roma,422
2023-10-21,Sofía Torres,Paquete,Reformer,Reformer,12,No,Roma,4277
2023-10-21,Natalia Martínez,Fitpass,Reformer,Reformer,0,Sí,Roma,202
2023-10-21,Camila Gutiérrez,Paquete,Reformer,Reformer,24,No,Roma,8492
2023-10-21,Miguel Díaz,Paquete,Chair,Chair,8,No,Roma,3167
2023-10-21,Mariana Torres,Paquete,Chair,Chair,8,No,Roma,2982
2023-10-22,Santiago Mendoza,Paquete,Chair,Chair,8,No,Roma,3168
2023-10-22,Miguel Ramírez,Paquete,Reformer,Reformer,12,No,Condesa,4213
2023-10-22,Ana Flores,Fitpass,Reformer,Reformer,0,Sí,Polanco,226
2023-10-22,Mateo González,Clase Individual,Mat Pilates,Ninguno,0,No,Roma,486
2023-10-23,Fernanda Mendoza,Fitpass,Chair,Chair,0,Sí,Condesa,205
2023-10-23,Andrea González,Fitpass,Reformer,Reformer,0,Sí,Roma,233
2023-10-23,Santiago Ramírez,Paquete,Reformer,Reformer,12,No,Polanco,4488
2023-10-23,Rodrigo Gómez,Clase Individual,Reformer,Reformer,0,No,Roma,397
2023-10-23,Camila Díaz,Clase Individual,Mat Pilates,Ninguno,0,No,Roma,484
2023-10-23,Renata López,Fitpass,Mat Pilates,Ninguno,0,Sí,Polanco,221
2023-10-23,Lucía Martínez,Clase Individual,Cadillac,Cadillac,0,No,Roma,491
2023-10-24,Javier Morales,Paquete,Mat Pilates,Ninguno,8,No,Roma,3093
2023-10-24,Victoria Hernández,Clase Individual,Reformer,Reformer,0,No,Polanco,496
2023-10-24,Santiago Pérez,Fitpass,Reformer,Reformer,0,Sí,Roma,232
2023-10-24,Valeria Reyes,Paquete,Reformer,Reformer,24,No,Roma,8206
2023-10-24,Miguel Flores,Clase Individual,Reformer,Reformer,0,No,Condesa,416
2023-10-24,Sofía Cruz,Fitpass,Reformer,Reformer,0,Sí,Condesa,228
2023-10-24,Ana Gutiérrez,Paquete,Cadillac,Cadillac,8,No,Polanco,3037
2023-10-24,Sofía López,Clase Individual,Reformer,Reformer,0,No,Condesa,485
2023-10-25,Javier Mendoza,Clase Individual,Reformer,Reformer,0,No,Roma,425
2023-10-25,Paula Sánchez,Fitpass,Mat Pilates,Ninguno,0,Sí,Polanco,188
2023-10-25,Valeria Gómez,Fitpass,Mat Pilates,Ninguno,0,Sí,Polanco,215
2023-10-25,Daniela González,Paquete,Reformer,Reformer,8,No,Roma,3205
2023-10-25,Daniela Sánchez,Fitpass,Reformer,Reformer,0,Sí,Roma,200
2023-10-25,Natalia Mendoza,Paquete,Chair,Chair,8,No,Roma,2966
2023-10-25,Victoria Reyes,Paquete,Mat Pilates,Ninguno,12,No,Condesa,4381
2023-10-26,Carlos Pérez,Fitpass,Chair,Chair,0,Sí,Condesa,240
2023-10-26,Luis Rodríguez,Clase Individual,Reformer,Reformer,0,No,Roma,477
2023-10-26,Regina González,Clase Individual,Reformer,Reformer,0,No,Polanco,384
2023-10-26,Ana Cruz,Paquete,Reformer,Reformer,8,No,Roma,3046
2023-10-26,Gabriela Martínez,Fitpass,Cadillac,Cadillac,0,Sí,Roma,191
2023-10-26,Andrea Gómez,Fitpass,Chair,Chair,0,Sí,Roma,180
2023-10-26,Diego Torres,Fitpass,Reformer,Reformer,0,Sí,Roma,211
2023-10-26,Renata Cruz,Paquete,Cadillac,Cadillac,8,No,Condesa,3115
2023-10-27,Daniela Gómez,Paquete,Reformer,Reformer,12,No,Condesa,4366
2023-10-27,Carlos López,Paquete,Reformer,Reformer,12,No,Roma,4303
2023-10-27,Ana Gutiérrez,Fitpass,Reformer,Reformer,0,Sí,Roma,200
2023-10-27,Carolina Ramírez,Clase Individual,Reformer,Reformer,0,No,Condesa,507
2023-10-27,Alejandro Díaz,Paquete,Reformer,Reformer,12,No,Roma,4179
2023-10-27,Daniela Gutiérrez,Fitpass,Chair,Chair,0,Sí,Roma,189
2023-10-27,Natalia Díaz,Paquete,Mat Pilates,Ninguno,8,No,Polanco,3115
2023-10-27,Andrea Pérez,Fitpass,Reformer,Reformer,0,Sí,Condesa,180
2023-10-27,Sofía Sánchez,Fitpass,Reformer,Reformer,0,Sí,Condesa,211
2023-10-27,Carlos Gómez,Paquete,Cadillac,Cadillac,24,No,Polanco,8413
2023-10-27,Lucía Díaz,Clase Individual,Chair,Chair,0,No,Condesa,462
2023-10-27,Andrea Hernández,Fitpass,Chair,Chair,0,Sí,Condesa,227
2023-10-28,Santiago Jiménez,Paquete,Reformer,Reformer,8,No,Condesa,2972
2023-10-28,Regina Jiménez,Fitpass,Reformer,Reformer,0,Sí,Polanco,235
2023-10-28,Victoria Mendoza,Clase Individual,Reformer,Reformer,0,No,Polanco,473
2023-10-28,Rodrigo González,Paquete,Chair,Chair,8,No,Condesa,2938
2023-10-28,Mateo Martínez,Paquete,Reformer,Reformer,24,No,Roma,8652
2023-10-28,Sofía Gómez,Paquete,Chair,Chair,12,No,Polanco,4523
2023-10-28,Regina Ramírez,Clase Individual,Cadillac,Cadillac,0,No,Condesa,435
2023-10-28,Ximena Gutiérrez,Fitpass,Reformer,Reformer,0,Sí,Polanco,206
2023-10-29,Claudia Ramírez,Fitpass,Reformer,Reformer,0,Sí,Roma,209
2023-10-29,Paula Mendoza,Paquete,Reformer,Reformer,24,No,Roma,8820
2023-10-29,Carolina Torres,Fitpass,Reformer,Reformer,0,Sí,Condesa,206
2023-10-29,Gabriela Flores,Fitpass,Reformer,Reformer,0,Sí,Polanco,212
2023-10-29,Alejandro Mendoza,Paquete,Chair,Chair,8,No,Condesa,3029
2023-10-29,Mateo Flores,Clase Individual,Reformer,Reformer,0,No,Roma,382
2023-10-29,Ana Cruz,Paquete,Reformer,Reformer,12,No,Condesa,4643
2023-10-29,Fernando Díaz,Paquete,Cadillac,Cadillac,24,No,Condesa,8043
2023-10-29,Lucía Martínez,Clase Individual,Reformer,Reformer,0,No,Roma,392
2023-10-29,María Flores,Clase Individual,Reformer,Reformer,0,No,Roma,394
2023-10-30,Miguel Sánchez,Paquete,Reformer,Reformer,8,No,Condesa,3040
2023-10-30,Lucía López,Clase Individual,Reformer,Reformer,0,No,Roma,428
2023-10-30,Camila Vázquez,Paquete,Reformer,Reformer,8,No,Condesa,2944
2023-10-30,Javier Ramírez,Fitpass,Chair,Chair,0,Sí,Condesa,207
2023-10-30,Luis Cruz,Fitpass,Mat Pilates,Ninguno,0,Sí,Roma,232
2023-10-30,Camila Gutiérrez,Paquete,Reformer,Reformer,8,No,Roma,3169
2023-10-30,Ximena Morales,Fitpass,Chair,Chair,0,Sí,Condesa,233
2023-10-30,Miguel Mendoza,Clase Individual,Reformer,Reformer,0,No,Polanco,469
2023-10-30,Sofía Reyes,Paquete,Reformer,Reformer,8,No,Polanco,3032
2023-10-30,Daniela Mendoza,Fitpass,Chair,Chair,0,Sí,Roma,207
2023-10-30,Valeria Reyes,Clase Individual,Cadillac,Cadillac,0,No,Condesa,384
2023-10-30,Lucía Rodríguez,Clase Individual,Chair,Chair,0,No,Roma,416
2023-10-31,Ximena Sánchez,Paquete,Reformer,Reformer,24,No,Roma,8176
2023-10-31,Regina Torres,Fitpass,Chair,Chair,0,Sí,Condesa,182
2023-10-31,Victoria Gutiérrez,Fitpass,Chair,Chair,0,Sí,Roma,230
2023-10-31,Diego Pérez,Paquete,Reformer,Reformer,12,No,Roma,4690
2023-10-31,Luis Díaz,Paquete,Reformer,Reformer,8,No,Condesa,2952
2023-10-31,Andrea Martínez,Fitpass,Cadillac,Cadillac,0,Sí,Roma,225
2023-10-31,Sofía Díaz,Clase Individual,Reformer,Reformer,0,No,Roma,464
2023-10-31,Victoria Gutiérrez,Paquete,Reformer,Reformer,8,No,Roma,3149
2023-10-31,Sofía García,Clase Individual,Reformer,Reformer,0,No,Polanco,475
2023-10-31,Daniela Jiménez,Clase Individual,Reformer,Reformer,0,No,Polanco,437
2023-10-31,Paula Mendoza,Clase Individual,Reformer,Reformer,0,No,Polanco,487
2023-10-31,Luis López,Fitpass,Mat Pilates,Ninguno,0,Sí,Roma,226
2023-10-31,Regina Reyes,Fitpass,Cadillac,Cadillac,0,Sí,Roma,203
2023-10-31,María García,Clase Individual,Chair,Chair,0,No,Polanco,516
2023-11-01,Regina Reyes,Paquete,Reformer,Reformer,12,No,Condesa,4654
2023-11-01,Laura Pérez,Paquete,Chair,Chair,24,No,Roma,8481
2023-11-01,Renata Torres,Paquete,Chair,Chair,8,No,Roma,3080
2023-11-01,Sofía Cruz,Fitpass,Reformer,Reformer,0,Sí,Condesa,192
2023-11-01,Fernanda Díaz,Clase Individual,Mat Pilates,Ninguno,0,No,Roma,477
2023-11-01,Valeria Flores,Clase Individual,Reformer,Reformer,0,No,Condesa,398
2023-11-01,Claudia Díaz,Fitpass,Mat Pilates,Ninguno,0,Sí,Condesa,189
2023-11-01,Javier Jiménez,Clase Individual,Chair,Chair,0,No,Roma,430
2023-11-01,Daniela Sánchez,Clase Individual,Reformer,Reformer,0,No,Polanco,433
2023-11-01,Miguel Reyes,Paquete,Reformer,Reformer,8,No,Roma,2913
2023-11-01,Renata Cruz,Fitpass,Mat Pilates,Ninguno,0,Sí,Condesa,196
2023-11-01,Ana González,Fitpass,Chair,Chair,0,Sí,Condesa,224
2023-11-02,Ana Morales,Paquete,Reformer,Reformer,12,No,Polanco,4564
2023-11-02,Fernanda López,Clase Individual,Reformer,Reformer,0,No,Roma,514
2023-11-02,Victoria Mendoza,Fitpass,Reformer,Reformer,0,Sí,Condesa,181
2023-11-02,María Reyes,Paquete,Reformer,Reformer,8,No,Condesa,2981
2023-11-02,Mateo Morales,Paquete,Mat Pilates,Ninguno,12,No,Roma,4486
2023-11-02,Santiago Mendoza,Paquete,Chair,Chair,12,No,Roma,4126
2023-11-02,Mariana Rodríguez,Paquete,Reformer,Reformer,24,No,Polanco,8612
2023-11-02,María Díaz,Fitpass,Chair,Chair,0,Sí,Roma,214
2023-11-02,Carolina López,Fitpass,Reformer,Reformer,0,Sí,Roma,234
2023-11-02,Miguel Reyes,Fitpass,Chair,Chair,0,Sí,Polanco,207
2023-11-02,Ana Cruz,Paquete,Mat Pilates,Ninguno,8,No,Polanco,3236
2023-11-02,Fernanda Jiménez,Paquete,Mat Pilates,Ninguno,24,No,Roma,8513
2023-11-02,Regina Jiménez,Paquete,Cadillac,Cadillac,12,No,Roma,4463
2023-11-02,Camila Gómez,Paquete,Reformer,Reformer,12,No,Condesa,4363
2023-11-02,Natalia Cruz,Paquete,Chair,Chair,12,No,Condesa,4228
2023-11-03,Javier Morales,Paquete,Reformer,Reformer,8,No,Roma,3080
2023-11-03,Renata González,Paquete,Mat Pilates,Ninguno,8,No,Condesa,3194
2023-11-03,Laura Reyes,Clase Individual,Mat Pilates,Ninguno,0,No,Roma,426
2023-11-03,Gabriela Jiménez,Clase Individual,Reformer,Reformer,0,No,Roma,451
2023-11-03,Regina Torres,Paquete,Cadillac,Cadillac,12,No,Roma,4664
2023-11-03,Regina Hernández,Clase Individual,Chair,Chair,0,No,Condesa,404
2023-11-04,Camila Reyes,Fitpass,Chair,Chair,0,Sí,Roma,222
2023-11-04,Claudia Vázquez,Clase Individual,Chair,Chair,0,No,Condesa,444
2023-11-04,Natalia González,Fitpass,Cadillac,Cadillac,0,Sí,Condesa,197
2023-11-04,Luis Cruz,Fitpass,Chair,Chair,0,Sí,Condesa,207
2023-11-04,Fernando Gómez,Fitpass,Chair,Chair,0,Sí,Polanco,218
2023-11-04,Laura Díaz,Paquete,Mat Pilates,Ninguno,8,No,Condesa,2972
2023-11-04,Carlos García,Clase Individual,Reformer,Reformer,0,No,Condesa,432
2023-11-04,Valeria Gutiérrez,Fitpass,Reformer,Reformer,0,Sí,Roma,200
2023-11-04,Carlos Martínez,Paquete,Reformer,Reformer,8,No,Condesa,3064
2023-11-04,Renata Jiménez,Paquete,Reformer,Reformer,12,No,Roma,4541
2023-11-04,Ana Gutiérrez,Fitpass,Reformer,Reformer,0,Sí,Condesa,226
2023-11-04,Daniela López,Fitpass,Cadillac,Cadillac,0,Sí,Condesa,188
2023-11-04,Santiago Díaz,Paquete,Reformer,Reformer,12,No,Roma,4493
2023-11-04,Mariana Mendoza,Fitpass,Reformer,Reformer,0,Sí,Roma,182
2023-11-04,Fernando Ramírez,Paquete,Reformer,Reformer,12,No,Polanco,4444
2023-11-04,Diego Jiménez,Fitpass,Reformer,Reformer,0,Sí,Roma,194
2023-11-04,Fernanda Mendoza,Paquete,Mat Pilates,Ninguno,12,No,Condesa,4222
2023-11-04,Sofía Morales,Paquete,Reformer,Reformer,12,No,Condesa,4690
2023-11-04,Luis López,Fitpass,Reformer,Reformer,0,Sí,Polanco,211
2023-11-04,Gabriela Flores,Paquete,Chair,Chair,8,No,Roma,3161
2023-11-04,Ana Martínez,Paquete,Reformer,Reformer,12,No,Condesa,4394
2023-11-05,Mariana Reyes,Clase Individual,Reformer,Reformer,0,No,Condesa,416
2023-11-05,Fernando Hernández,Fitpass,Chair,Chair,0,Sí,Polanco,226
2023-11-05,Camila Hernández,Paquete,Reformer,Reformer,8,No,Condesa,3181
2023-11-05,Paula Vázquez,Fitpass,Chair,Chair,0,Sí,Condesa,237
2023-11-05,Andrea Díaz,Fitpass,Chair,Chair,0,Sí,Polanco,221
2023-11-05,Regina Cruz,Fitpass,Reformer,Reformer,0,Sí,Polanco,222
2023-11-05,Luis Pérez,Fitpass,Mat Pilates,Ninguno,0,Sí,Roma,186
2023-11-05,Lucía Hernández,Clase Individual,Reformer,Reformer,0,No,Polanco,400
2023-11-05,Fernanda Gutiérrez,Paquete,Reformer,Reformer,12,No,Condesa,4497
2023-11-05,Renata Reyes,Paquete,Reformer,Reformer,12,No,Polanco,4150
2023-11-05,Regina Sánchez,Fitpass,Reformer,Reformer,0,Sí,Roma,187
2023-11-05,Paula Flores,Paquete,Chair,Chair,8,No,Polanco,3134
2023-11-05,Renata González,Paquete,Mat Pilates,Ninguno,12,No,Polanco,4258
2023-11-05,Andrea Morales,Fitpass,Chair,Chair,0,Sí,Roma,233
2023-11-05,Fernanda Torres,Paquete,Chair,Chair,12,No,Condesa,4315
2023-11-05,Claudia García,Fitpass,Mat Pilates,Ninguno,0,Sí,Polanco,238
2023-11-06,Daniela Torres,Fitpass,Reformer,Reformer,0,Sí,Polanco,183
2023-11-06,Fernanda Cruz,Fitpass,Reformer,Reformer,0,Sí,Condesa,239
2023-11-06,Natalia Torres,Fitpass,Chair,Chair,0,Sí,Condesa,194
2023-11-06,Rodrigo Cruz,Fitpass,Reformer,Reformer,0,Sí,Roma,236
2023-11-06,Diego Gutiérrez,Fitpass,Reformer,Reformer,0,Sí,Roma,211
2023-11-06,Carolina Rodríguez,Paquete,Cadillac,Cadillac,8,No,Polanco,3142
2023-11-06,Sofía Díaz,Fitpass,Reformer,Reformer,0,Sí,Roma,184
2023-11-06,Mariana Cruz,Fitpass,Mat Pilates,Ninguno,0,Sí,Polanco,234
2023-11-06,Carlos Morales,Fitpass,Reformer,Reformer,0,Sí,Condesa,228
2023-11-06,Sofía García,Fitpass,Reformer,Reformer,0,Sí,Condesa,206
2023-11-07,Alejandro Vázquez,Clase Individual,Reformer,Reformer,0,No,Condesa,419
2023-11-07,Natalia Sánchez,Clase Individual,Chair,Chair,0,No,Roma,439
2023-11-07,Regina González,Paquete,Reformer,Reformer,8,No,Roma,3024
2023-11-07,Claudia Mendoza,Paquete,Reformer,Reformer,8,No,Roma,2963
2023-11-07,Claudia García,Paquete,Chair,Chair,8,No,Condesa,3059
2023-11-07,Alejandro Mendoza,Paquete,Reformer,Reformer,24,No,Condesa,8814
2023-11-07,Victoria Mendoza,Paquete,Reformer,Reformer,8,No,Roma,3102
2023-11-07,Gabriela Jiménez,Paquete,Chair,Chair,8,No,Condesa,3203
2023-11-07,Lucía Díaz,Paquete,Reformer,Reformer,8,No,Roma,2906
2023-11-07,Javier Mendoza,Paquete,Reformer,Reformer,8,No,Roma,2930
2023-11-07,Fernando Martínez,Paquete,Reformer,Reformer,12,No,Roma,4136
2023-11-08,Carlos Vázquez,Paquete,Mat Pilates,Ninguno,8,No,Roma,3063
2023-11-08,Daniela Flores,Paquete,Reformer,Reformer,12,No,Condesa,4332
2023-11-08,Lucía Flores,Paquete,Reformer,Reformer,8,No,Roma,3007
2023-11-08,Santiago Hernández,Clase Individual,Reformer,Reformer,0,No,Polanco,389
2023-11-08,Fernando Hernández,Clase Individual,Cadillac,Cadillac,0,No,Polanco,386
2023-11-08,Regina Morales,Fitpass,Reformer,Reformer,0,Sí,Polanco,183
2023-11-08,Fernanda Cruz,Clase Individual,Reformer,Reformer,0,No,Polanco,507
2023-11-08,Claudia Hernández,Paquete,Reformer,Reformer,8,No,Polanco,3043
2023-11-08,Renata Flores,Paquete,Reformer,Reformer,8,No,Condesa,3097
2023-11-08,Paula García,Paquete,Chair,Chair,12,No,Condesa,4358
2023-11-08,Carolina Díaz,Fitpass,Mat Pilates,Ninguno,0,Sí,Roma,201
2023-11-08,Daniela Martínez,Paquete,Cadillac,Cadillac,8,No,Polanco,3122
2023-11-08,Andrea González,Clase Individual,Reformer,Reformer,0,No,Condesa,501
2023-11-08,Lucía Gutiérrez,Paquete,Reformer,Reformer,8,No,Condesa,2923
2023-11-08,Alejandro Vázquez,Paquete,Reformer,Reformer,12,No,Roma,4288
2023-11-08,Ana Flores,Paquete,Chair,Chair,8,No,Condesa,3147
2023-11-08,Rodrigo Díaz,Paquete,Reformer,Reformer,12,No,Condesa,4342
2023-11-08,Andrea Morales,Paquete,Reformer,Reformer,8,No,Condesa,3155
2023-11-08,Carolina Reyes,Paquete,Reformer,Reformer,12,No,Condesa,4353
2023-11-09,Laura Gómez,Fitpass,Reformer,Reformer,0,Sí,Condesa,234
2023-11-09,Valeria Vázquez,Paquete,Reformer,Reformer,12,No,Polanco,4536
2023-11-09,Miguel Rodríguez,Fitpass,Reformer,Reformer,0,Sí,Polanco,186
2023-11-09,Renata Morales,Paquete,Mat Pilates,Ninguno,8,No,Condesa,3053
2023-11-09,Camila Díaz,Fitpass,Reformer,Reformer,0,Sí,Polanco,205
2023-11-09,Lucía Martínez,Paquete,Mat Pilates,Ninguno,8,No,Polanco,3055
2023-11-09,Miguel Flores,Fitpass,Mat Pilates,Ninguno,0,Sí,Roma,198
2023-11-09,Laura Hernández,Fitpass,Chair,Chair,0,Sí,Condesa,198
2023-11-09,Ximena Martínez,Paquete,Cadillac,Cadillac,12,No,Roma,4209
2023-11-09,Ana Vázquez,Paquete,Mat Pilates,Ninguno,12,No,Roma,4466
2023-11-09,Natalia Mendoza,Fitpass,Reformer,Reformer,0,Sí,Condesa,231
2023-11-10,Miguel Torres,Clase Individual,Reformer,Reformer,0,No,Roma,474
2023-11-10,Paula Díaz,Clase Individual,Chair,Chair,0,No,Polanco,404
2023-11-10,Santiago Jiménez,Clase Individual,Reformer,Reformer,0,No,Roma,470
2023-11-10,Mariana Ramírez,Paquete,Mat Pilates,Ninguno,12,No,Polanco,4618
2023-11-10,Diego Martínez,Fitpass,Reformer,Reformer,0,Sí,Roma,195
2023-11-10,Andrea Cruz,Fitpass,Mat Pilates,Ninguno,0,Sí,Roma,218
2023-11-10,Carlos Mendoza,Paquete,Reformer,Reformer,12,No,Condesa,4572
2023-11-10,Diego Gómez,Fitpass,Reformer,Reformer,0,Sí,Roma,216
2023-11-10,Fernando Jiménez,Paquete,Mat Pilates,Ninguno,8,No,Polanco,3179
2023-11-10,Diego Ramírez,Fitpass,Chair,Chair,0,Sí,Condesa,239
2023-11-10,Claudia Hernández,Clase Individual,Mat Pilates,Ninguno,0,No,Polanco,402
2023-11-10,Diego Gutiérrez,Fitpass,Reformer,Reformer,0,Sí,Condesa,198
2023-11-11,Mariana Jiménez,Fitpass,Reformer,Reformer,0,Sí,Roma,191
2023-11-11,Carlos Ramírez,Clase Individual,Cadillac,Cadillac,0,No,Condesa,454
2023-11-11,Regina Gutiérrez,Fitpass,Reformer,Reformer,0,Sí,Condesa,196
2023-11-11,Natalia González,Paquete,Reformer,Reformer,8,No,Condesa,2931
2023-11-11,María Mendoza,Paquete,Reformer,Reformer,8,No,Polanco,3122
2023-11-11,Fernanda Torres,Paquete,Mat Pilates,Ninguno,8,No,Roma,3016
2023-11-11,Ximena Morales,Paquete,Reformer,Reformer,8,No,Condesa,3163
2023-11-11,Javier Hernández,Clase Individual,Reformer,Reformer,0,No,Roma,484
2023-11-11,Paula Gómez,Fitpass,Mat Pilates,Ninguno,0,Sí,Roma,232
2023-11-11,Santiago Martínez,Paquete,Reformer,Reformer,24,No,Condesa,8599
2023-11-11,Camila Reyes,Paquete,Mat Pilates,Ninguno,8,No,Condesa,3078
2023-11-11,Mateo Martínez,Paquete,Chair,Chair,24,No,Polanco,8900
2023-11-11,Regina Torres,Fitpass,Reformer,Reformer,0,Sí,Condesa,227
2023-11-11,Fernanda Flores,Paquete,Cadillac,Cadillac,8,No,Roma,3021
2023-11-12,Claudia Reyes,Clase Individual,Chair,Chair,0,No,Condesa,493
2023-11-12,Camila Morales,Paquete,Reformer,Reformer,24,No,Condesa,8512
2023-11-12,Diego Díaz,Fitpass,Mat Pilates,Ninguno,0,Sí,Roma,227
2023-11-12,Fernando Hernández,Fitpass,Chair,Chair,0,Sí,Condesa,240
2023-11-12,Mariana Reyes,Paquete,Chair,Chair,8,No,Roma,3015
2023-11-12,Gabriela Gutiérrez,Fitpass,Cadillac,Cadillac,0,Sí,Roma,240
2023-11-12,Diego Ramírez,Clase Individual,Reformer,Reformer,0,No,Polanco,429
2023-11-12,Paula Cruz,Paquete,Reformer,Reformer,12,No,Condesa,4112
2023-11-12,Claudia Pérez,Paquete,Reformer,Reformer,8,No,Polanco,3073
2023-11-12,Andrea Pérez,Paquete,Reformer,Reformer,8,No,Condesa,3099
2023-11-12,Regina Díaz,Paquete,Cadillac,Cadillac,12,No,Polanco,4261
2023-11-12,Ximena García,Paquete,Cadillac,Cadillac,8,No,Condesa,2925
2023-11-13,Claudia García,Paquete,Mat Pilates,Ninguno,12,No,Condesa,4253
2023-11-13,Luis Vázquez,Paquete,Reformer,Reformer,12,No,Polanco,4265
2023-11-13,Valeria Mendoza,Clase Individual,Reformer,Reformer,0,No,Condesa,512
2023-11-13,Daniela Gómez,Paquete,Reformer,Reformer,24,No,Roma,7980
2023-11-13,Sofía Martínez,Paquete,Chair,Chair,12,No,Condesa,4284
2023-11-13,Fernanda Díaz,Paquete,Reformer,Reformer,8,No,Condesa,3047
2023-11-13,Lucía Torres,Clase Individual,Reformer,Reformer,0,No,Condesa,400
2023-11-14,Fernando Jiménez,Paquete,Mat Pilates,Ninguno,8,No,Condesa,2950
2023-11-14,Renata Reyes,Clase Individual,Chair,Chair,0,No,Roma,433
2023-11-14,María Díaz,Fitpass,Mat Pilates,Ninguno,0,Sí,Roma,236
2023-11-14,Paula Vázquez,Clase Individual,Cadillac,Cadillac,0,No,Roma,461
2023-11-14,Luis Mendoza,Paquete,Reformer,Reformer,8,No,Condesa,2977
2023-11-14,Camila Martínez,Fitpass,Reformer,Reformer,0,Sí,Roma,198
2023-11-14,Valeria Cruz,Paquete,Reformer,Reformer,8,No,Roma,3174
2023-11-14,Miguel Díaz,Fitpass,Cadillac,Cadillac,0,Sí,Polanco,222
2023-11-14,María Pérez,Fitpass,Reformer,Reformer,0,Sí,Polanco,206
2023-11-14,Fernanda Gómez,Paquete,Reformer,Reformer,8,No,Roma,3194
2023-11-15,Renata Mendoza,Fitpass,Reformer,Reformer,0,Sí,Roma,186
2023-11-15,Sofía García,Fitpass,Chair,Chair,0,Sí,Roma,208
2023-11-15,Renata González,Paquete,Chair,Chair,8,No,Roma,3047
2023-11-15,Daniela Pérez,Clase Individual,Reformer,Reformer,0,No,Roma,394
2023-11-15,Camila Gómez,Fitpass,Reformer,Reformer,0,Sí,Polanco,203
2023-11-15,Andrea Gutiérrez,Fitpass,Reformer,Reformer,0,Sí,Condesa,191
2023-11-15,Andrea Cruz,Fitpass,Reformer,Reformer,0,Sí,Condesa,204
2023-11-15,Fernanda Mendoza,Paquete,Cadillac,Cadillac,8,No,Condesa,2971
2023-11-15,Mariana Martínez,Fitpass,Cadillac,Cadillac,0,Sí,Roma,209
2023-11-15,Laura Flores,Fitpass,Mat Pilates,Ninguno,0,Sí,Condesa,196
2023-11-15,Regina Sánchez,Paquete,Cadillac,Cadillac,12,No,Roma,4127
2023-11-15,Luis Díaz,Paquete,Reformer,Reformer,8,No,Roma,2919
2023-11-15,Santiago Morales,Fitpass,Chair,Chair,0,Sí,Roma,239
2023-11-15,Daniela Gómez,Fitpass,Chair,Chair,0,Sí,Condesa,220
2023-11-16,Daniela Rodríguez,Fitpass,Reformer,Reformer,0,Sí,Condesa,185
2023-11-16,Mateo Cruz,Clase Individual,Reformer,Reformer,0,No,Polanco,426
2023-11-16,Ana Ramírez,Clase Individual,Reformer,Reformer,0,No,Roma,507
2023-11-16,Ximena Morales,Fitpass,Mat Pilates,Ninguno,0,Sí,Polanco,201
2023-11-16,Regina Díaz,Paquete,Cadillac,Cadillac,8,No,Condesa,2902
2023-11-16,Diego Hernández,Fitpass,Reformer,Reformer,0,Sí,Roma,222
2023-11-16,Javier Hernández,Paquete,Mat Pilates,Ninguno,12,No,Roma,4341
2023-11-16,Diego Pérez,Paquete,Cadillac,Cadillac,8,No,Roma,3192
2023-11-16,Carolina Reyes,Paquete,Cadillac,Cadillac,8,No,Polanco,3001
2023-11-16,Victoria Martínez,Fitpass,Cadillac,Cadillac,0,Sí,Roma,182
2023-11-16,Camila Pérez,Paquete,Reformer,Reformer,8,No,Condesa,3096
2023-11-16,Luis Vázquez,Fitpass,Reformer,Reformer,0,Sí,Condesa,191
2023-11-17,Gabriela Martínez,Paquete,Reformer,Reformer,8,No,Polanco,3090
2023-11-17,Victoria Cruz,Paquete,Cadillac,Cadillac,12,No,Condesa,4422
2023-11-17,Regina Gutiérrez,Clase Individual,Reformer,Reformer,0,No,Roma,418
2023-11-17,Luis Gutiérrez,Fitpass,Reformer,Reformer,0,Sí,Condesa,219
2023-11-17,Lucía Sánchez,Paquete,Chair,Chair,8,No,Roma,3289
2023-11-17,Carolina Morales,Paquete,Chair,Chair,12,No,Roma,4319
2023-11-17,María Morales,Fitpass,Reformer,Reformer,0,Sí,Condesa,197
2023-11-17,Gabriela Flores,Paquete,Chair,Chair,12,No,Polanco,4305
2023-11-17,Lucía Vázquez,Clase Individual,Reformer,Reformer,0,No,Condesa,430
2023-11-17,Fernanda López,Paquete,Reformer,Reformer,12,No,Condesa,4392
2023-11-17,Fernanda Mendoza,Paquete,Mat Pilates,Ninguno,12,No,Roma,4620
2023-11-17,Santiago Mendoza,Paquete,Reformer,Reformer,8,No,Condesa,3240
2023-11-17,Natalia Cruz,Clase Individual,Reformer,Reformer,0,No,Condesa,390
2023-11-17,Regina Mendoza,Paquete,Reformer,Reformer,12,No,Roma,4607
2023-11-17,Fernanda Díaz,Paquete,Reformer,Reformer,12,No,Roma,4199
2023-11-17,Carolina Morales,Paquete,Reformer,Reformer,12,No,Roma,4315
2023-11-18,Lucía Morales,Fitpass,Chair,Chair,0,Sí,Roma,185
2023-11-18,Victoria Reyes,Paquete,Reformer,Reformer,12,No,Roma,4549
2023-11-18,Rodrigo González,Fitpass,Reformer,Reformer,0,Sí,Roma,227
2023-11-18,Andrea Sánchez,Paquete,Reformer,Reformer,8,No,Polanco,2939
2023-11-18,Paula Sánchez,Fitpass,Chair,Chair,0,Sí,Roma,236
2023-11-18,Rodrigo Torres,Fitpass,Reformer,Reformer,0,Sí,Roma,194
2023-11-18,Camila Gómez,Clase Individual,Mat Pilates,Ninguno,0,No,Roma,437
2023-11-18,Natalia Vázquez,Clase Individual,Reformer,Reformer,0,No,Roma,440
2023-11-18,Carolina Torres,Clase Individual,Reformer,Reformer,0,No,Roma,454
2023-11-18,Santiago Vázquez,Paquete,Chair,Chair,12,No,Polanco,4183
2023-11-18,Santiago Reyes,Paquete,Reformer,Reformer,12,No,Condesa,4377
2023-11-18,Valeria García,Fitpass,Reformer,Reformer,0,Sí,Roma,183
2023-11-18,Valeria Gutiérrez,Paquete,Reformer,Reformer,8,No,Roma,3249
2023-11-18,Fernanda Gómez,Clase Individual,Cadillac,Cadillac,0,No,Condesa,472
2023-11-18,Carolina Vázquez,Fitpass,Reformer,Reformer,0,Sí,Roma,217
2023-11-18,Santiago Díaz,Paquete,Reformer,Reformer,12,No,Condesa,4400
2023-11-18,Gabriela Jiménez,Clase Individual,Reformer,Reformer,0,No,Condesa,427
2023-11-18,Ximena Gutiérrez,Paquete,Chair,Chair,8,No,Polanco,3280
2023-11-19,Santiago Gutiérrez,Fitpass,Chair,Chair,0,Sí,Roma,219
2023-11-19,Javier Torres,Clase Individual,Chair,Chair,0,No,Polanco,450
2023-11-19,Luis García,Clase Individual,Reformer,Reformer,0,No,Condesa,454
2023-11-19,Daniela Jiménez,Paquete,Reformer,Reformer,8,No,Condesa,2934
2023-11-19,Carolina Jiménez,Paquete,Mat Pilates,Ninguno,12,No,Roma,4115
2023-11-19,Fernando Morales,Clase Individual,Chair,Chair,0,No,Condesa,435
2023-11-19,Laura Sánchez,Paquete,Reformer,Reformer,12,No,Polanco,4633
2023-11-19,Sofía Torres,Clase Individual,Cadillac,Cadillac,0,No,Polanco,457
2023-11-19,Daniela Rodríguez,Paquete,Reformer,Reformer,12,No,Roma,4325
2023-11-19,Rodrigo García,Paquete,Mat Pilates,Ninguno,8,No,Polanco,3297
2023-11-19,María Díaz,Paquete,Mat Pilates,Ninguno,8,No,Roma,3196
2023-11-19,María Gómez,Fitpass,Reformer,Reformer,0,Sí,Roma,219
2023-11-19,Rodrigo Torres,Paquete,Reformer,Reformer,8,No,Roma,2931
2023-11-19,Santiago Sánchez,Fitpass,Reformer,Reformer,0,Sí,Roma,221
2023-11-19,Valeria Gutiérrez,Paquete,Cadillac,Cadillac,8,No,Roma,3269
2023-11-19,Rodrigo Mendoza,Fitpass,Cadillac,Cadillac,0,Sí,Condesa,194
2023-11-20,Mariana Morales,Clase Individual,Chair,Chair,0,No,Condesa,404
2023-11-20,Andrea Pérez,Fitpass,Reformer,Reformer,0,Sí,Condesa,192
2023-11-20,Diego Mendoza,Clase Individual,Chair,Chair,0,No,Polanco,518
2023-11-20,Mariana Ramírez,Fitpass,Reformer,Reformer,0,Sí,Polanco,195
2023-11-20,Javier Hernández,Clase Individual,Mat Pilates,Ninguno,0,No,Roma,452
2023-11-20,Santiago Díaz,Paquete,Mat Pilates,Ninguno,12,No,Roma,4241
2023-11-20,Fernando Torres,Fitpass,Reformer,Reformer,0,Sí,Polanco,193
2023-11-20,Andrea Gutiérrez,Paquete,Chair,Chair,24,No,Roma,8140
2023-11-20,Javier Gómez,Fitpass,Cadillac,Cadillac,0,Sí,Roma,206
2023-11-20,Paula Flores,Paquete,Cadillac,Cadillac,12,No,Polanco,4168
2023-11-20,Alejandro Reyes,Clase Individual,Reformer,Reformer,0,No,Roma,470
2023-11-20,Mariana Díaz,Clase Individual,Cadillac,Cadillac,0,No,Polanco,398
2023-11-20,Claudia Cruz,Clase Individual,Cadillac,Cadillac,0,No,Condesa,480
2023-11-21,Mateo Hernández,Fitpass,Reformer,Reformer,0,Sí,Condesa,199
2023-11-21,Mariana López,Fitpass,Reformer,Reformer,0,Sí,Roma,222
2023-11-21,Miguel Mendoza,Paquete,Reformer,Reformer,8,No,Roma,3214
2023-11-21,Andrea González,Clase Individual,Reformer,Reformer,0,No,Polanco,423
2023-11-21,Luis Mendoza,Fitpass,Reformer,Reformer,0,Sí,Polanco,231
2023-11-21,Paula Ramírez,Paquete,Reformer,Reformer,8,No,Condesa,3000
2023-11-21,Gabriela Mendoza,Clase Individual,Reformer,Reformer,0,No,Roma,449
2023-11-21,Laura Flores,Fitpass,Reformer,Reformer,0,Sí,Condesa,198
2023-11-21,Camila Ramírez,Paquete,Cadillac,Cadillac,12,No,Condesa,4651
2023-11-21,Santiago Gómez,Paquete,Chair,Chair,8,No,Roma,3129
2023-11-21,Diego Ramírez,Clase Individual,Chair,Chair,0,No,Roma,415
2023-11-22,Laura Gómez,Paquete,Cadillac,Cadillac,8,No,Polanco,3196
2023-11-22,Lucía Flores,Clase Individual,Chair,Chair,0,No,Condesa,469
2023-11-22,Luis Reyes,Clase Individual,Mat Pilates,Ninguno,0,No,Roma,489
2023-11-22,Carlos Vázquez,Fitpass,Reformer,Reformer,0,Sí,Polanco,224
2023-11-22,Alejandro Vázquez,Fitpass,Reformer,Reformer,0,Sí,Roma,205
2023-11-22,Camila Cruz,Fitpass,Reformer,Reformer,0,Sí,Condesa,189
2023-11-22,Gabriela Gómez,Clase Individual,Reformer,Reformer,0,No,Condesa,503
2023-11-22,Ximena Gutiérrez,Fitpass,Cadillac,Cadillac,0,Sí,Polanco,202
2023-11-22,Miguel Flores,Paquete,Reformer,Reformer,8,No,Condesa,3046
2023-11-22,María Gómez,Paquete,Cadillac,Cadillac,12,No,Roma,4640
2023-11-23,Fernando Pérez,Fitpass,Reformer,Reformer,0,Sí,Roma,183
2023-11-23,Luis Vázquez,Paquete,Reformer,Reformer,24,No,Polanco,8395
2023-11-23,Ximena González,Fitpass,Reformer,Reformer,0,Sí,Polanco,198
2023-11-23,Miguel Rodríguez,Clase Individual,Reformer,Reformer,0,No,Condesa,447
2023-11-23,Fernando Mendoza,Clase Individual,Mat Pilates,Ninguno,0,No,Condesa,500
2023-11-23,Laura Díaz,Fitpass,Reformer,Reformer,0,Sí,Polanco,196
2023-11-24,Mariana Pérez,Paquete,Mat Pilates,Ninguno,8,No,Condesa,3290
2023-11-24,Fernanda González,Paquete,Reformer,Reformer,8,No,Condesa,3112
2023-11-24,Javier Ramírez,Paquete,Cadillac,Cadillac,24,No,Roma,8177
2023-11-24,Santiago Ramírez,Paquete,Chair,Chair,8,No,Condesa,3182
2023-11-24,Natalia Vázquez,Clase Individual,Reformer,Reformer,0,No,Polanco,432
2023-11-24,Carlos Mendoza,Paquete,Reformer,Reformer,8,No,Roma,3033
2023-11-24,Ana García,Paquete,Mat Pilates,Ninguno,8,No,Roma,3170
2023-11-24,Camila Flores,Fitpass,Reformer,Reformer,0,Sí,Roma,228
2023-11-24,María Hernández,Paquete,Reformer,Reformer,24,No,Roma,8739
2023-11-24,Santiago Torres,Clase Individual,Chair,Chair,0,No,Condesa,470
2023-11-24,Diego Martínez,Fitpass,Cadillac,Cadillac,0,Sí,Roma,212
2023-11-25,Mariana Jiménez,Fitpass,Reformer,Reformer,0,Sí,Roma,229
2023-11-25,María García,Paquete,Reformer,Reformer,8,No,Condesa,3187
2023-11-25,Laura Reyes,Paquete,Reformer,Reformer,8,No,Polanco,3183
2023-11-25,Camila González,Fitpass,Cadillac,Cadillac,0,Sí,Polanco,235
2023-11-25,Rodrigo Sánchez,Paquete,Cadillac,Cadillac,8,No,Roma,2931
2023-11-25,María Jiménez,Paquete,Reformer,Reformer,8,No,Polanco,3179
2023-11-25,Valeria Gómez,Fitpass,Cadillac,Cadillac,0,Sí,Polanco,217
2023-11-25,Lucía Morales,Fitpass,Mat Pilates,Ninguno,0,Sí,Roma,206
2023-11-25,Fernando Cruz,Fitpass,Reformer,Reformer,0,Sí,Roma,221
2023-11-25,María Hernández,Paquete,Chair,Chair,8,No,Roma,3235
2023-11-25,Rodrigo Sánchez,Clase Individual,Reformer,Reformer,0,No,Roma,415
2023-11-26,Regina Díaz,Fitpass,Reformer,Reformer,0,Sí,Condesa,220
2023-11-26,Mateo Sánchez,Fitpass,Reformer,Reformer,0,Sí,Roma,232
2023-11-26,Fernanda Hernández,Paquete,Reformer,Reformer,8,No,Roma,3237
2023-11-26,María Flores,Paquete,Cadillac,Cadillac,8,No,Roma,2943
2023-11-26,Ximena Vázquez,Clase Individual,Cadillac,Cadillac,0,No,Roma,462
2023-11-26,Claudia Morales,Paquete,Reformer,Reformer,8,No,Roma,3010
2023-11-26,Fernanda Reyes,Paquete,Chair,Chair,12,No,Condesa,4128
2023-11-26,Renata Vázquez,Paquete,Chair,Chair,8,No,Condesa,3016
2023-11-26,Santiago Vázquez,Fitpass,Reformer,Reformer,0,Sí,Condesa,229
2023-11-26,Fernando Díaz,Fitpass,Chair,Chair,0,Sí,Roma,196
2023-11-26,Gabriela Martínez,Fitpass,Cadillac,Cadillac,0,Sí,Condesa,227
2023-11-26,Paula Morales,Paquete,Reformer,Reformer,24,No,Polanco,8127
2023-11-26,Carolina Rodríguez,Fitpass,Reformer,Reformer,0,Sí,Condesa,227
2023-11-26,Sofía González,Fitpass,Mat Pilates,Ninguno,0,Sí,Roma,202
2023-11-26,Carolina Gómez,Clase Individual,Mat Pilates,Ninguno,0,No,Roma,390
2023-11-27,Valeria Reyes,Paquete,Chair,Chair,24,No,Condesa,8096
2023-11-27,Sofía Morales,Paquete,Mat Pilates,Ninguno,12,No,Condesa,4554
2023-11-27,Javier Díaz,Paquete,Reformer,Reformer,12,No,Condesa,4325
2023-11-27,Renata Jiménez,Paquete,Reformer,Reformer,12,No,Polanco,4350
2023-11-27,Ana González,Paquete,Reformer,Reformer,8,No,Condesa,3207
2023-11-27,Fernanda Gómez,Fitpass,Reformer,Reformer,0,Sí,Condesa,183
2023-11-27,Fernanda Flores,Clase Individual,Reformer,Reformer,0,No,Polanco,514
2023-11-27,Alejandro Díaz,Paquete,Cadillac,Cadillac,12,No,Roma,4274
2023-11-27,Alejandro Flores,Clase Individual,Reformer,Reformer,0,No,Polanco,478
2023-11-27,Paula Torres,Fitpass,Mat Pilates,Ninguno,0,Sí,Roma,202
2023-11-27,María Reyes,Paquete,Reformer,Reformer,12,No,Condesa,4428
2023-11-28,Laura Sánchez,Paquete,Chair,Chair,8,No,Roma,3276
2023-11-28,María Díaz,Paquete,Reformer,Reformer,8,No,Roma,3156
2023-11-28,Camila Ramírez,Fitpass,Reformer,Reformer,0,Sí,Roma,180
2023-11-28,Gabriela Hernández,Fitpass,Reformer,Reformer,0,Sí,Roma,216
2023-11-28,Alejandro Flores,Clase Individual,Reformer,Reformer,0,No,Polanco,509
2023-11-28,Natalia Vázquez,Fitpass,Reformer,Reformer,0,Sí,Polanco,231
2023-11-28,Claudia Vázquez,Paquete,Reformer,Reformer,12,No,Roma,4542
2023-11-28,Victoria Pérez,Paquete,Reformer,Reformer,8,No,Condesa,3142
2023-11-28,Santiago Sánchez,Paquete,Cadillac,Cadillac,8,No,Condesa,3277
2023-11-28,Natalia Hernández,Fitpass,Reformer,Reformer,0,Sí,Condesa,183
2023-11-29,Natalia González,Clase Individual,Reformer,Reformer,0,No,Condesa,405
2023-11-29,Regina Martínez,Fitpass,Reformer,Reformer,0,Sí,Condesa,192
2023-11-29,Fernando Ramírez,Paquete,Reformer,Reformer,8,No,Condesa,3034
2023-11-29,Ximena Flores,Fitpass,Mat Pilates,Ninguno,0,Sí,Roma,229
2023-11-29,Fernando González,Fitpass,Reformer,Reformer,0,Sí,Roma,220
2023-11-29,Ximena Vázquez,Fitpass,Cadillac,Cadillac,0,Sí,Polanco,202
2023-11-29,Victoria Reyes,Paquete,Reformer,Reformer,12,No,Condesa,4418
2023-11-29,Miguel González,Paquete,Reformer,Reformer,24,No,Roma,8401
2023-11-29,Laura Gutiérrez,Fitpass,Chair,Chair,0,Sí,Polanco,240
2023-11-29,Claudia Mendoza,Clase Individual,Cadillac,Cadillac,0,No,Polanco,463
2023-11-29,Alejandro Martínez,Paquete,Mat Pilates,Ninguno,8,No,Condesa,2907
2023-11-29,Lucía López,Fitpass,Reformer,Reformer,0,Sí,Condesa,205
2023-11-30,Renata Ramírez,Paquete,Reformer,Reformer,24,No,Condesa,8568
2023-11-30,Rodrigo Pérez,Fitpass,Reformer,Reformer,0,Sí,Roma,226
2023-11-30,Miguel Flores,Paquete,Reformer,Reformer,8,No,Roma,3166
2023-11-30,Luis Morales,Paquete,Reformer,Reformer,12,No,Polanco,4425
2023-11-30,Carlos Gómez,Paquete,Cadillac,Cadillac,8,No,Condesa,3285
2023-11-30,María Rodríguez,Clase Individual,Mat Pilates,Ninguno,0,No,Polanco,381
2023-11-30,Mariana Pérez,Clase Individual,Reformer,Reformer,0,No,Condesa,503
2023-11-30,Ana García,Fitpass,Chair,Chair,0,Sí,Condesa,210
2023-11-30,Ximena Jiménez,Fitpass,Reformer,Reformer,0,Sí,Condesa,184
2023-11-30,Renata Torres,Fitpass,Reformer,Reformer,0,Sí,Roma,228
2023-11-30,Victoria Díaz,Paquete,Mat Pilates,Ninguno,8,No,Condesa,3286
2023-11-30,Ximena Martínez,Fitpass,Chair,Chair,0,Sí,Roma,225
2023-11-30,Valeria Cruz,Paquete,Chair,Chair,12,No,Condesa,4238
2023-12-01,Javier Rodríguez,Paquete,Reformer,Reformer,24,No,Roma,8681
2023-12-01,Luis Hernández,Paquete,Reformer,Reformer,12,No,Roma,4498
2023-12-01,Rodrigo González,Paquete,Chair,Chair,12,No,Condesa,4570
2023-12-01,Laura Jiménez,Fitpass,Mat Pilates,Ninguno,0,Sí,Condesa,202
2023-12-01,Ana Flores,Fitpass,Reformer,Reformer,0,Sí,Roma,230
2023-12-01,Daniela Ramírez,Fitpass,Reformer,Reformer,0,Sí,Roma,186
2023-12-01,Javier Vázquez,Paquete,Reformer,Reformer,12,No,Roma,4282
2023-12-01,Daniela Reyes,Paquete,Reformer,Reformer,12,No,Polanco,4424
2023-12-02,Sofía Díaz,Fitpass,Chair,Chair,0,Sí,Roma,227
2023-12-02,Andrea Jiménez,Paquete,Chair,Chair,8,No,Roma,3040
2023-12-02,Alejandro Reyes,Paquete,Chair,Chair,8,No,Roma,2931
2023-12-02,Laura Flores,Paquete,Chair,Chair,12,No,Condesa,4478
2023-12-03,Santiago Gutiérrez,Paquete,Reformer,Reformer,12,No,Condesa,4364
2023-12-03,Luis Jiménez,Clase Individual,Chair,Chair,0,No,Polanco,446
2023-12-03,Mateo Sánchez,Paquete,Mat Pilates,Ninguno,12,No,Roma,4222
2023-12-03,Natalia Pérez,Fitpass,Reformer,Reformer,0,Sí,Condesa,189
2023-12-03,Lucía Sánchez,Fitpass,Mat Pilates,Ninguno,0,Sí,Roma,223
2023-12-03,Renata Sánchez,Paquete,Chair,Chair,8,No,Condesa,2972
2023-12-03,Luis Pérez,Fitpass,Cadillac,Cadillac,0,Sí,Polanco,196
2023-12-03,Natalia Gutiérrez,Paquete,Cadillac,Cadillac,8,No,Polanco,2945
2023-12-03,Gabriela Hernández,Clase Individual,Cadillac,Cadillac,0,No,Roma,417
2023-12-03,Mateo Vázquez,Paquete,Chair,Chair,8,No,Polanco,3156
2023-12-04,Gabriela Vázquez,Paquete,Mat Pilates,Ninguno,8,No,Polanco,2995
2023-12-04,Claudia Pérez,Paquete,Reformer,Reformer,8,No,Roma,2906
2023-12-04,Claudia Cruz,Clase Individual,Chair,Chair,0,No,Roma,402
2023-12-04,Camila González,Clase Individual,Reformer,Reformer,0,No,Roma,488
2023-12-04,Carolina Ramírez,Fitpass,Reformer,Reformer,0,Sí,Roma,203
2023-12-05,Carlos García,Paquete,Reformer,Reformer,12,No,Roma,4535
2023-12-05,María Gómez,Fitpass,Reformer,Reformer,0,Sí,Roma,191
2023-12-05,Fernando Flores,Fitpass,Mat Pilates,Ninguno,0,Sí,Condesa,180
2023-12-05,Sofía Jiménez,Paquete,Mat Pilates,Ninguno,12,No,Condesa,4182
2023-12-05,Fernando Jiménez,Paquete,Chair,Chair,8,No,Polanco,3044
2023-12-06,Ana Morales,Paquete,Reformer,Reformer,8,No,Polanco,3123
2023-12-06,Claudia Díaz,Paquete,Reformer,Reformer,8,No,Polanco,2910
2023-12-06,Carolina Gómez,Fitpass,Reformer,Reformer,0,Sí,Condesa,181
2023-12-06,Mariana Flores,Clase Individual,Cadillac,Cadillac,0,No,Roma,509
2023-12-06,Renata Morales,Clase Individual,Chair,Chair,0,No,Condesa,460
2023-12-06,Fernando González,Clase Individual,Reformer,Reformer,0,No,Condesa,459
2023-12-06,Sofía Martínez,Paquete,Reformer,Reformer,8,No,Condesa,3002
2023-12-06,Rodrigo Sánchez,Fitpass,Reformer,Reformer,0,Sí,Roma,201
2023-12-07,Valeria Cruz,Paquete,Reformer,Reformer,12,No,Condesa,4478
2023-12-07,Javier Rodríguez,Paquete,Reformer,Reformer,8,No,Condesa,3244
2023-12-07,Paula Flores,Fitpass,Cadillac,Cadillac,0,Sí,Condesa,239
2023-12-07,Victoria Flores,Paquete,Reformer,Reformer,12,No,Condesa,4250
2023-12-07,Carlos Mendoza,Paquete,Mat Pilates,Ninguno,12,No,Condesa,4233
2023-12-07,Claudia Jiménez,Paquete,Chair,Chair,8,No,Polanco,3192
2023-12-07,Fernanda Gutiérrez,Paquete,Mat Pilates,Ninguno,12,No,Condesa,4565
2023-12-07,Fernando Díaz,Fitpass,Reformer,Reformer,0,Sí,Polanco,192
2023-12-07,Laura Jiménez,Paquete,Mat Pilates,Ninguno,8,No,Roma,3157
2023-12-08,Luis Gutiérrez,Paquete,Reformer,Reformer,8,No,Roma,3023
2023-12-08,Santiago Morales,Paquete,Reformer,Reformer,8,No,Roma,3091
2023-12-09,Luis López,Paquete,Cadillac,Cadillac,12,No,Roma,4508
2023-12-09,Fernando González,Fitpass,Cadillac,Cadillac,0,Sí,Roma,198
2023-12-09,Lucía Sánchez,Fitpass,Reformer,Reformer,0,Sí,Condesa,201
2023-12-09,Rodrigo Sánchez,Clase Individual,Reformer,Reformer,0,No,Condesa,481
2023-12-09,Daniela López,Fitpass,Reformer,Reformer,0,Sí,Polanco,185
2023-12-10,Ximena Pérez,Paquete,Mat Pilates,Ninguno,12,No,Roma,4260
2023-12-10,Miguel González,Paquete,Reformer,Reformer,8,No,Polanco,3131
2023-12-10,Valeria González,Fitpass,Chair,Chair,0,Sí,Roma,191
2023-12-10,Miguel Rodríguez,Paquete,Reformer,Reformer,8,No,Roma,3292
2023-12-10,Mateo Gómez,Paquete,Chair,Chair,8,No,Polanco,3135
2023-12-10,Claudia Sánchez,Paquete,Reformer,Reformer,8,No,Condesa,2960
2023-12-10,Rodrigo Pérez,Fitpass,Reformer,Reformer,0,Sí,Condesa,198
2023-12-11,Claudia Hernández,Fitpass,Cadillac,Cadillac,0,Sí,Roma,237
2023-12-11,Victoria Torres,Paquete,Reformer,Reformer,8,No,Condesa,3116
2023-12-11,Mateo Flores,Paquete,Mat Pilates,Ninguno,8,No,Roma,2926
2023-12-11,Sofía Jiménez,Fitpass,Chair,Chair,0,Sí,Condesa,216
2023-12-11,Fernanda López,Fitpass,Chair,Chair,0,Sí,Condesa,203
2023-12-11,María Pérez,Paquete,Reformer,Reformer,8,No,Condesa,3256
2023-12-11,Andrea Morales,Paquete,Reformer,Reformer,8,No,Roma,3042
2023-12-11,Andrea Morales,Fitpass,Cadillac,Cadillac,0,Sí,Roma,181
2023-12-12,Sofía González,Clase Individual,Reformer,Reformer,0,No,Polanco,461
2023-12-12,Valeria García,Paquete,Reformer,Reformer,12,No,Polanco,4349
2023-12-12,Luis Mendoza,Paquete,Mat Pilates,Ninguno,8,No,Condesa,3062
2023-12-12,Miguel Rodríguez,Paquete,Reformer,Reformer,8,No,Roma,2905
2023-12-12,Rodrigo Cruz,Fitpass,Chair,Chair,0,Sí,Condesa,217
2023-12-13,Camila Díaz,Paquete,Chair,Chair,12,No,Condesa,4135
2023-12-13,Luis Vázquez,Fitpass,Cadillac,Cadillac,0,Sí,Roma,239
2023-12-13,Camila Martínez,Fitpass,Reformer,Reformer,0,Sí,Condesa,211
2023-12-13,Claudia Morales,Paquete,Reformer,Reformer,8,No,Condesa,3114
2023-12-13,Javier Flores,Fitpass,Mat Pilates,Ninguno,0,Sí,Roma,204
2023-12-13,Santiago Gutiérrez,Paquete,Chair,Chair,12,No,Roma,4180
2023-12-13,Victoria Jiménez,Fitpass,Chair,Chair,0,Sí,Roma,222
2023-12-13,Luis Rodríguez,Fitpass,Cadillac,Cadillac,0,Sí,Polanco,210
2023-12-13,Diego Torres,Clase Individual,Chair,Chair,0,No,Condesa,445
2023-12-14,Regina González,Paquete,Cadillac,Cadillac,24,No,Polanco,7962
2023-12-14,Andrea Gómez,Paquete,Reformer,Reformer,12,No,Condesa,4395
2023-12-14,Diego Reyes,Paquete,Cadillac,Cadillac,8,No,Roma,3039
2023-12-14,Natalia Morales,Fitpass,Reformer,Reformer,0,Sí,Polanco,182
2023-12-14,Daniela Flores,Fitpass,Reformer,Reformer,0,Sí,Polanco,221
2023-12-14,Claudia Vázquez,Clase Individual,Reformer,Reformer,0,No,Condesa,448
2023-12-14,Carolina Hernández,Paquete,Chair,Chair,12,No,Roma,4329
2023-12-14,Claudia Sánchez,Paquete,Mat Pilates,Ninguno,12,No,Condesa,4290
2023-12-14,Rodrigo López,Paquete,Reformer,Reformer,24,No,Condesa,8328
2023-12-15,Fernanda Morales,Paquete,Reformer,Reformer,8,No,Roma,3022
2023-12-15,Diego Rodríguez,Fitpass,Cadillac,Cadillac,0,Sí,Polanco,182
2023-12-15,Fernanda Díaz,Paquete,Cadillac,Cadillac,24,No,Roma,7907
2023-12-15,Rodrigo Gutiérrez,Paquete,Reformer,Reformer,24,No,Polanco,8105
2023-12-15,Miguel Reyes,Paquete,Reformer,Reformer,8,No,Condesa,3028
2023-12-15,Andrea Cruz,Fitpass,Reformer,Reformer,0,Sí,Polanco,192
2023-12-15,Victoria Sánchez,Paquete,Mat Pilates,Ninguno,8,No,Polanco,3225
2023-12-15,Santiago Sánchez,Paquete,Cadillac,Cadillac,8,No,Roma,3122
2023-12-15,Claudia Pérez,Clase Individual,Chair,Chair,0,No,Roma,405
2023-12-16,Carlos Reyes,Fitpass,Chair,Chair,0,Sí,Roma,210
2023-12-16,Alejandro Pérez,Paquete,Chair,Chair,12,No,Condesa,4457
2023-12-16,Daniela Gutiérrez,Fitpass,Mat Pilates,Ninguno,0,Sí,Condesa,200
2023-12-16,Renata Torres,Fitpass,Cadillac,Cadillac,0,Sí,Polanco,182
2023-12-16,Carolina Hernández,Clase Individual,Reformer,Reformer,0,No,Roma,457
2023-12-16,Santiago Torres,Paquete,Reformer,Reformer,8,No,Condesa,3200
2023-12-16,María Jiménez,Paquete,Mat Pilates,Ninguno,8,No,Roma,2942
2023-12-17,Paula Morales,Paquete,Mat Pilates,Ninguno,8,No,Polanco,3009
2023-12-17,Regina Rodríguez,Fitpass,Mat Pilates,Ninguno,0,Sí,Condesa,194
2023-12-17,Regina Reyes,Paquete,Reformer,Reformer,8,No,Polanco,3106
2023-12-17,Laura Díaz,Paquete,Reformer,Reformer,8,No,Roma,3264
2023-12-17,Miguel Gutiérrez,Clase Individual,Chair,Chair,0,No,Roma,481
2023-12-18,Luis Hernández,Fitpass,Reformer,Reformer,0,Sí,Condesa,195
2023-12-18,Camila Rodríguez,Fitpass,Reformer,Reformer,0,Sí,Polanco,191
2023-12-18,Sofía Torres,Fitpass,Reformer,Reformer,0,Sí,Condesa,215
2023-12-18,Ximena Sánchez,Fitpass,Chair,Chair,0,Sí,Condesa,223
2023-12-18,Gabriela López,Fitpass,Reformer,Reformer,0,Sí,Condesa,224
2023-12-18,Fernanda López,Paquete,Cadillac,Cadillac,12,No,Roma,4105
2023-12-18,Camila Martínez,Fitpass,Mat Pilates,Ninguno,0,Sí,Roma,193
2023-12-18,Ximena Martínez,Paquete,Reformer,Reformer,12,No,Roma,4375
2023-12-18,Carlos García,Paquete,Reformer,Reformer,8,No,Polanco,2982
2023-12-19,Rodrigo Sánchez,Paquete,Reformer,Reformer,8,No,Condesa,3068
2023-12-19,Paula Torres,Fitpass,Reformer,Reformer,0,Sí,Condesa,239
2023-12-19,Regina Sánchez,Clase Individual,Chair,Chair,0,No,Condesa,422
2023-12-20,Rodrigo López,Paquete,Chair,Chair,8,No,Polanco,3112
2023-12-20,Fernanda Gutiérrez,Fitpass,Mat Pilates,Ninguno,0,Sí,Polanco,230
2023-12-20,Diego López,Fitpass,Chair,Chair,0,Sí,Condesa,182
2023-12-20,Mariana Pérez,Fitpass,Reformer,Reformer,0,Sí,Roma,202
2023-12-20,Renata Vázquez,Clase Individual,Reformer,Reformer,0,No,Roma,481
2023-12-20,Andrea Vázquez,Paquete,Mat Pilates,Ninguno,8,No,Condesa,3261
2023-12-20,Paula Gómez,Paquete,Chair,Chair,8,No,Condesa,2911
2023-12-20,Lucía Sánchez,Paquete,Reformer,Reformer,8,No,Polanco,2951
2023-12-21,Gabriela Gutiérrez,Paquete,Reformer,Reformer,12,No,Condesa,4235
2023-12-21,Andrea Pérez,Clase Individual,Mat Pilates,Ninguno,0,No,Roma,471
2023-12-21,Carolina López,Paquete,Reformer,Reformer,8,No,Condesa,2904
2023-12-21,Sofía Martínez,Paquete,Mat Pilates,Ninguno,8,No,Condesa,3089
2023-12-21,Valeria Mendoza,Fitpass,Cadillac,Cadillac,0,Sí,Roma,229
2023-12-21,Camila Martínez,Paquete,Mat Pilates,Ninguno,8,No,Polanco,2918
2023-12-21,Fernando Gutiérrez,Fitpass,Reformer,Reformer,0,Sí,Roma,236
2023-12-21,Paula Vázquez,Paquete,Reformer,Reformer,12,No,Roma,4561
2023-12-21,Renata López,Fitpass,Chair,Chair,0,Sí,Polanco,210
2023-12-21,Santiago Hernández,Fitpass,Reformer,Reformer,0,Sí,Roma,197
2023-12-21,Laura Reyes,Paquete,Chair,Chair,8,No,Condesa,2915
2023-12-21,Claudia Sánchez,Paquete,Reformer,Reformer,12,No,Roma,4507
2023-12-21,Mariana López,Clase Individual,Reformer,Reformer,0,No,Roma,473
2023-12-21,Miguel Mendoza,Paquete,Reformer,Reformer,8,No,Roma,3069
2023-12-22,Daniela Reyes,Paquete,Reformer,Reformer,8,No,Roma,2927
2023-12-22,Sofía Martínez,Fitpass,Reformer,Reformer,0,Sí,Condesa,212
2023-12-22,Paula Flores,Clase Individual,Reformer,Reformer,0,No,Roma,422
2023-12-22,Carlos Morales,Paquete,Reformer,Reformer,8,No,Polanco,3122
2023-12-22,Gabriela Vázquez,Paquete,Mat Pilates,Ninguno,12,No,Roma,4576
2023-12-23,Mateo Martínez,Paquete,Reformer,Reformer,8,No,Roma,2949
2023-12-23,Diego Rodríguez,Fitpass,Reformer,Reformer,0,Sí,Roma,219
2023-12-23,Fernanda Gómez,Fitpass,Mat Pilates,Ninguno,0,Sí,Condesa,220
2023-12-23,Regina Mendoza,Paquete,Reformer,Reformer,8,No,Roma,3186
2023-12-24,Fernando González,Fitpass,Chair,Chair,0,Sí,Roma,215
2023-12-24,Diego García,Paquete,Mat Pilates,Ninguno,24,No,Roma,8034
2023-12-24,Renata Cruz,Paquete,Chair,Chair,12,No,Polanco,4516
2023-12-24,Diego Sánchez,Paquete,Reformer,Reformer,8,No,Roma,2940
2023-12-24,Lucía Torres,Paquete,Reformer,Reformer,12,No,Roma,4658
2023-12-24,Regina García,Paquete,Mat Pilates,Ninguno,24,No,Roma,7903
2023-12-24,Fernando Jiménez,Fitpass,Reformer,Reformer,0,Sí,Polanco,195
2023-12-24,Alejandro Jiménez,Fitpass,Mat Pilates,Ninguno,0,Sí,Polanco,223
2023-12-25,Diego Torres,Paquete,Reformer,Reformer,12,No,Condesa,4390
2023-12-25,Valeria Hernández,Paquete,Cadillac,Cadillac,8,No,Roma,3181
2023-12-25,Mariana Cruz,Clase Individual,Reformer,Reformer,0,No,Polanco,448
2023-12-25,Ana Morales,Fitpass,Reformer,Reformer,0,Sí,Roma,201
2023-12-25,Andrea Sánchez,Fitpass,Reformer,Reformer,0,Sí,Roma,233
2023-12-25,Natalia Sánchez,Paquete,Chair,Chair,12,No,Condesa,4322
2023-12-25,Paula Cruz,Paquete,Cadillac,Cadillac,24,No,Condesa,8310
2023-12-25,Diego Gutiérrez,Fitpass,Cadillac,Cadillac,0,Sí,Polanco,205
2023-12-25,Diego Torres,Fitpass,Reformer,Reformer,0,Sí,Roma,219
2023-12-26,Andrea González,Fitpass,Reformer,Reformer,0,Sí,Roma,226
2023-12-26,Diego García,Paquete,Reformer,Reformer,24,No,Polanco,8412
2023-12-26,Ximena Jiménez,Clase Individual,Reformer,Reformer,0,No,Polanco,387
2023-12-26,Andrea Gómez,Fitpass,Reformer,Reformer,0,Sí,Polanco,190
2023-12-26,Mateo Vázquez,Paquete,Reformer,Reformer,8,No,Roma,3055
2023-12-27,Camila Sánchez,Fitpass,Chair,Chair,0,Sí,Roma,187
2023-12-27,Camila Díaz,Paquete,Reformer,Reformer,12,No,Condesa,4534
2023-12-27,Carolina Rodríguez,Paquete,Reformer,Reformer,12,No,Roma,4141
2023-12-27,Alejandro Reyes,Clase Individual,Reformer,Reformer,0,No,Roma,507
2023-12-28,María Morales,Paquete,Chair,Chair,12,No,Condesa,4494
2023-12-28,María Pérez,Paquete,Cadillac,Cadillac,12,No,Polanco,4454
2023-12-28,Javier Flores,Paquete,Mat Pilates,Ninguno,8,No,Condesa,3025
2023-12-28,Fernando García,Paquete,Reformer,Reformer,8,No,Roma,3277
2023-12-28,Paula Gómez,Paquete,Cadillac,Cadillac,8,No,Roma,3223
2023-12-28,Natalia Vázquez,Paquete,Reformer,Reformer,24,No,Condesa,8522
2023-12-28,María García,Fitpass,Mat Pilates,Ninguno,0,Sí,Roma,209
2023-12-29,Laura Gómez,Clase Individual,Reformer,Reformer,0,No,Polanco,489
2023-12-29,Fernanda Mendoza,Fitpass,Mat Pilates,Ninguno,0,Sí,Polanco,225
2023-12-29,Victoria Sánchez,Fitpass,Chair,Chair,0,Sí,Condesa,229
2023-12-29,Paula Gutiérrez,Fitpass,Mat Pilates,Ninguno,0,Sí,Roma,185
2023-12-29,Daniela Hernández,Clase Individual,Chair,Chair,0,No,Condesa,473
2023-12-29,Javier Flores,Paquete,Reformer,Reformer,8,No,Roma,3095
2023-12-29,Lucía Morales,Clase Individual,Chair,Chair,0,No,Condesa,455
2023-12-29,Alejandro Mendoza,Fitpass,Mat Pilates,Ninguno,0,Sí,Polanco,186
2023-12-30,Lucía Torres,Clase Individual,Reformer,Reformer,0,No,Condesa,453
2023-12-30,Carlos Díaz,Paquete,Reformer,Reformer,8,No,Polanco,2917
2023-12-30,Fernanda Morales,Paquete,Mat Pilates,Ninguno,8,No,Condesa,3157
2023-12-30,Sofía Martínez,Paquete,Chair,Chair,12,No,Roma,4574
2023-12-30,Mateo Flores,Paquete,Chair,Chair,8,No,Roma,2970
2023-12-30,Laura Vázquez,Paquete,Chair,Chair,12,No,Roma,4636
2023-12-30,Ximena Pérez,Paquete,Reformer,Reformer,8,No,Roma,3275
2023-12-30,Natalia Torres,Fitpass,Chair,Chair,0,Sí,Condesa,239
2023-12-30,Alejandro Martínez,Paquete,Reformer,Reformer,8,No,Roma,3039
2023-12-31,Camila Flores,Paquete,Cadillac,Cadillac,12,No,Condesa,4259
2023-12-31,Ximena Flores,Paquete,Reformer,Reformer,12,No,Condesa,4384
2024-01-01,Paula Reyes,Fitpass,Cadillac,Cadillac,0,Sí,Condesa,205
2024-01-01,Camila Vázquez,Fitpass,Chair,Chair,0,Sí,Polanco,232
2024-01-01,Rodrigo Reyes,Paquete,Reformer,Reformer,24,No,Polanco,7919
2024-01-01,Luis Vázquez,Fitpass,Reformer,Reformer,0,Sí,Roma,188
2024-01-01,Santiago Torres,Paquete,Reformer,Reformer,12,No,Polanco,4450
2024-01-01,Regina Pérez,Fitpass,Reformer,Reformer,0,Sí,Roma,206
2024-01-01,Diego Reyes,Fitpass,Reformer,Reformer,0,Sí,Polanco,189
2024-01-01,Mariana López,Paquete,Chair,Chair,8,No,Roma,2947
2024-01-01,Paula Mendoza,Paquete,Reformer,Reformer,12,No,Polanco,4142
2024-01-01,Regina Mendoza,Paquete,Chair,Chair,8,No,Condesa,3021
2024-01-01,Miguel Torres,Clase Individual,Reformer,Reformer,0,No,Condesa,517
2024-01-01,Fernanda Martínez,Fitpass,Chair,Chair,0,Sí,Condesa,221
2024-01-01,Alejandro Rodríguez,Fitpass,Reformer,Reformer,0,Sí,Roma,224
2024-01-01,Renata Reyes,Fitpass,Reformer,Reformer,0,Sí,Roma,233
2024-01-01,Fernanda Jiménez,Fitpass,Mat Pilates,Ninguno,0,Sí,Roma,204
2024-01-01,Daniela Gómez,Paquete,Reformer,Reformer,8,No,Condesa,2928
2024-01-01,Mariana Díaz,Paquete,Reformer,Reformer,24,No,Polanco,8515
2024-01-01,Carlos Gómez,Fitpass,Chair,Chair,0,Sí,Roma,212
2024-01-02,Paula López,Fitpass,Mat Pilates,Ninguno,0,Sí,Condesa,185
2024-01-02,Diego Rodríguez,Fitpass,Reformer,Reformer,0,Sí,Roma,220
2024-01-02,Diego López,Paquete,Reformer,Reformer,8,No,Roma,3109
2024-01-02,Sofía Sánchez,Fitpass,Reformer,Reformer,0,Sí,Condesa,217
2024-01-02,Regina Martínez,Fitpass,Cadillac,Cadillac,0,Sí,Condesa,218
2024-01-02,Lucía Morales,Fitpass,Mat Pilates,Ninguno,0,Sí,Polanco,215
2024-01-02,Ximena Hernández,Clase Individual,Reformer,Reformer,0,No,Roma,426
2024-01-02,Gabriela González,Clase Individual,Cadillac,Cadillac,0,No,Roma,513
2024-01-02,Valeria Díaz,Fitpass,Cadillac,Cadillac,0,Sí,Polanco,235
2024-01-03,Victoria Flores,Paquete,Reformer,Reformer,12,No,Roma,4514
2024-01-03,Mariana Díaz,Paquete,Reformer,Reformer,12,No,Roma,4419
2024-01-03,Mariana Mendoza,Paquete,Mat Pilates,Ninguno,8,No,Roma,3143
2024-01-03,Diego Reyes,Paquete,Reformer,Reformer,8,No,Roma,3041
2024-01-03,Mateo García,Fitpass,Reformer,Reformer,0,Sí,Roma,217
2024-01-03,Ana Pérez,Paquete,Cadillac,Cadillac,8,No,Roma,3206
2024-01-03,Carlos Díaz,Clase Individual,Chair,Chair,0,No,Condesa,504
2024-01-03,Paula Sánchez,Fitpass,Chair,Chair,0,Sí,Condesa,190
2024-01-03,Santiago Rodríguez,Fitpass,Reformer,Reformer,0,Sí,Roma,210
2024-01-03,Ana Gutiérrez,Clase Individual,Reformer,Reformer,0,No,Condesa,443
2024-01-03,Natalia Hernández,Fitpass,Reformer,Reformer,0,Sí,Polanco,196
2024-01-04,Fernando Pérez,Paquete,Mat Pilates,Ninguno,12,No,Roma,4598
2024-01-04,Natalia González,Paquete,Reformer,Reformer,12,No,Polanco,4450
2024-01-04,Fernando Díaz,Clase Individual,Reformer,Reformer,0,No,Condesa,430
2024-01-04,Santiago Torres,Paquete,Chair,Chair,8,No,Condesa,3290
2024-01-04,Miguel Reyes,Paquete,Chair,Chair,12,No,Roma,4466
2024-01-04,Javier Rodríguez,Clase Individual,Mat Pilates,Ninguno,0,No,Condesa,511
2024-01-04,Miguel González,Paquete,Cadillac,Cadillac,12,No,Roma,4129
2024-01-04,Gabriela González,Clase Individual,Cadillac,Cadillac,0,No,Roma,431
2024-01-04,Carlos Reyes,Paquete,Reformer,Reformer,12,No,Condesa,4600
2024-01-04,Sofía Martínez,Clase Individual,Reformer,Reformer,0,No,Condesa,398
2024-01-04,Ana Mendoza,Clase Individual,Reformer,Reformer,0,No,Roma,437
2024-01-04,Javier Jiménez,Paquete,Reformer,Reformer,8,No,Roma,3041
2024-01-04,Ximena Jiménez,Clase Individual,Mat Pilates,Ninguno,0,No,Roma,447
2024-01-04,Fernando Pérez,Paquete,Mat Pilates,Ninguno,24,No,Roma,8207
2024-01-05,Laura Ramírez,Fitpass,Mat Pilates,Ninguno,0,Sí,Polanco,216
2024-01-05,Laura Ramírez,Fitpass,Reformer,Reformer,0,Sí,Condesa,186
2024-01-05,Natalia Martínez,Paquete,Mat Pilates,Ninguno,24,No,Polanco,7919
2024-01-05,Laura Gutiérrez,Fitpass,Chair,Chair,0,Sí,Roma,191
2024-01-05,Carlos Morales,Paquete,Cadillac,Cadillac,12,No,Condesa,4537
2024-01-05,Ximena Ramírez,Fitpass,Reformer,Reformer,0,Sí,Condesa,209
2024-01-05,Lucía Torres,Fitpass,Chair,Chair,0,Sí,Condesa,208
2024-01-05,Gabriela Martínez,Clase Individual,Reformer,Reformer,0,No,Condesa,481
2024-01-05,Lucía Flores,Fitpass,Cadillac,Cadillac,0,Sí,Roma,202
2024-01-05,María Hernández,Fitpass,Cadillac,Cadillac,0,Sí,Condesa,223
2024-01-05,Regina Mendoza,Fitpass,Reformer,Reformer,0,Sí,Roma,190
2024-01-05,Andrea Vázquez,Fitpass,Chair,Chair,0,Sí,Roma,226
2024-01-05,Valeria Gutiérrez,Fitpass,Chair,Chair,0,Sí,Condesa,204
2024-01-05,Fernanda Díaz,Paquete,Chair,Chair,8,No,Condesa,2900
2024-01-05,Fernando Díaz,Paquete,Chair,Chair,12,No,Polanco,4142
2024-01-05,Luis Hernández,Paquete,Reformer,Reformer,8,No,Condesa,2965
2024-01-06,Regina Mendoza,Fitpass,Chair,Chair,0,Sí,Condesa,200
2024-01-06,Diego Rodríguez,Paquete,Chair,Chair,12,No,Polanco,4581
2024-01-06,Renata Gómez,Paquete,Cadillac,Cadillac,12,No,Roma,4411
2024-01-06,Ximena Gómez,Fitpass,Mat Pilates,Ninguno,0,Sí,Polanco,216
2024-01-06,Victoria Jiménez,Fitpass,Reformer,Reformer,0,Sí,Roma,235
2024-01-07,María Jiménez,Clase Individual,Mat Pilates,Ninguno,0,No,Condesa,442
2024-01-07,Carlos Martínez,Clase Individual,Chair,Chair,0,No,Condesa,386
2024-01-07,Natalia Torres,Paquete,Cadillac,Cadillac,8,No,Roma,3039
2024-01-07,Javier Mendoza,Paquete,Reformer,Reformer,8,No,Condesa,3124
2024-01-07,Regina Hernández,Fitpass,Reformer,Reformer,0,Sí,Condesa,217
2024-01-07,Lucía Torres,Paquete,Reformer,Reformer,8,No,Roma,3216
2024-01-07,Rodrigo Díaz,Fitpass,Reformer,Reformer,0,Sí,Polanco,188
2024-01-07,Santiago Díaz,Paquete,Reformer,Reformer,8,No,Condesa,3048
2024-01-07,Javier Ramírez,Paquete,Mat Pilates,Ninguno,24,No,Polanco,8508
2024-01-07,Claudia Mendoza,Fitpass,Reformer,Reformer,0,Sí,Condesa,208
2024-01-07,Mariana Torres,Paquete,Reformer,Reformer,12,No,Polanco,4327
2024-01-07,Alejandro Reyes,Clase Individual,Reformer,Reformer,0,No,Roma,450
2024-01-07,Renata Jiménez,Fitpass,Cadillac,Cadillac,0,Sí,Polanco,188
2024-01-07,Javier González,Clase Individual,Cadillac,Cadillac,0,No,Roma,439
2024-01-07,Carlos Mendoza,Clase Individual,Reformer,Reformer,0,No,Roma,464
2024-01-07,Valeria Martínez,Clase Individual,Reformer,Reformer,0,No,Polanco,419
2024-01-07,Sofía Morales,Paquete,Reformer,Reformer,24,No,Roma,8397
2024-01-07,Sofía Morales,Clase Individual,Reformer,Reformer,0,No,Roma,398
2024-01-07,Luis Vázquez,Fitpass,Mat Pilates,Ninguno,0,Sí,Roma,182
2024-01-07,Carlos Martínez,Fitpass,Reformer,Reformer,0,Sí,Roma,200
2024-01-07,Rodrigo González,Paquete,Reformer,Reformer,12,No,Condesa,4227
2024-01-08,Carolina Vázquez,Paquete,Reformer,Reformer,12,No,Roma,4682
2024-01-08,Lucía González,Paquete,Cadillac,Cadillac,8,No,Condesa,2991
2024-01-08,Renata Sánchez,Fitpass,Reformer,Reformer,0,Sí,Roma,189
2024-01-08,Gabriela García,Fitpass,Reformer,Reformer,0,Sí,Polanco,217
2024-01-08,Fernando Díaz,Paquete,Chair,Chair,12,No,Polanco,4351
2024-01-08,Javier Sánchez,Fitpass,Reformer,Reformer,0,Sí,Condesa,215
2024-01-08,Mateo Díaz,Fitpass,Reformer,Reformer,0,Sí,Polanco,198
2024-01-08,Natalia Ramírez,Fitpass,Reformer,Reformer,0,Sí,Condesa,215
2024-01-08,Laura González,Paquete,Mat Pilates,Ninguno,12,No,Condesa,4550
2024-01-09,María Rodríguez,Clase Individual,Reformer,Reformer,0,No,Condesa,496
2024-01-09,Gabriela Mendoza,Fitpass,Reformer,Reformer,0,Sí,Polanco,202
2024-01-09,Regina García,Paquete,Mat Pilates,Ninguno,8,No,Polanco,3041
2024-01-09,Carolina Morales,Fitpass,Reformer,Reformer,0,Sí,Condesa,223
2024-01-09,Luis Vázquez,Fitpass,Chair,Chair,0,Sí,Polanco,214
2024-01-09,Lucía Ramírez,Paquete,Chair,Chair,12,No,Roma,4408
2024-01-09,Valeria Gutiérrez,Paquete,Chair,Chair,8,No,Condesa,2961
2024-01-09,Miguel Ramírez,Paquete,Reformer,Reformer,12,No,Condesa,4510
2024-01-09,Victoria Torres,Fitpass,Cadillac,Cadillac,0,Sí,Condesa,234
2024-01-09,Ana Martínez,Clase Individual,Reformer,Reformer,0,No,Roma,385
2024-01-09,Regina Cruz,Paquete,Reformer,Reformer,12,No,Condesa,4160
2024-01-09,Sofía Gutiérrez,Paquete,Reformer,Reformer,8,No,Condesa,2911
2024-01-09,Laura García,Paquete,Reformer,Reformer,12,No,Condesa,4583
2024-01-09,Andrea Díaz,Paquete,Mat Pilates,Ninguno,8,No,Condesa,3253
2024-01-09,Ximena González,Fitpass,Mat Pilates,Ninguno,0,Sí,Roma,198
2024-01-09,Valeria Martínez,Paquete,Reformer,Reformer,12,No,Roma,4565
2024-01-09,Santiago Hernández,Paquete,Mat Pilates,Ninguno,8,No,Roma,3068
2024-01-09,Camila Mendoza,Paquete,Chair,Chair,12,No,Roma,4314
2024-01-10,Fernanda Rodríguez,Fitpass,Cadillac,Cadillac,0,Sí,Roma,210
2024-01-10,Victoria Díaz,Fitpass,Chair,Chair,0,Sí,Roma,203
2024-01-10,Valeria Vázquez,Paquete,Mat Pilates,Ninguno,12,No,Roma,4367
2024-01-10,Mateo Martínez,Paquete,Reformer,Reformer,12,No,Polanco,4594
2024-01-10,Victoria Hernández,Fitpass,Cadillac,Cadillac,0,Sí,Polanco,237
2024-01-10,Alejandro Pérez,Clase Individual,Cadillac,Cadillac,0,No,Condesa,490
2024-01-10,Victoria Torres,Paquete,Reformer,Reformer,12,No,Roma,4497
2024-01-10,Sofía Jiménez,Fitpass,Chair,Chair,0,Sí,Roma,223
2024-01-10,Mateo Díaz,Paquete,Chair,Chair,8,No,Roma,2991
2024-01-10,Gabriela López,Clase Individual,Cadillac,Cadillac,0,No,Condesa,490
2024-01-10,Sofía Torres,Paquete,Reformer,Reformer,24,No,Roma,8895
2024-01-10,Fernando Mendoza,Paquete,Reformer,Reformer,24,No,Roma,8821
2024-01-11,Mariana Torres,Paquete,Mat Pilates,Ninguno,8,No,Condesa,3147
2024-01-11,Regina Sánchez,Paquete,Reformer,Reformer,12,No,Polanco,4135
2024-01-11,Ximena González,Paquete,Cadillac,Cadillac,12,No,Condesa,4304
2024-01-11,Ximena Martínez,Fitpass,Chair,Chair,0,Sí,Roma,238
2024-01-11,Daniela Hernández,Paquete,Chair,Chair,12,No,Polanco,4632
2024-01-11,Luis Rodríguez,Paquete,Reformer,Reformer,8,No,Condesa,2977
2024-01-11,Gabriela Vázquez,Paquete,Reformer,Reformer,8,No,Polanco,3234
2024-01-11,Paula Ramírez,Fitpass,Cadillac,Cadillac,0,Sí,Condesa,222
2024-01-11,Luis Díaz,Fitpass,Reformer,Reformer,0,Sí,Roma,194
2024-01-11,Carolina Martínez,Fitpass,Chair,Chair,0,Sí,Condesa,235
2024-01-11,Mariana Martínez,Clase Individual,Reformer,Reformer,0,No,Roma,459
2024-01-11,Natalia Díaz,Fitpass,Mat Pilates,Ninguno,0,Sí,Roma,229
2024-01-11,Paula Flores,Fitpass,Reformer,Reformer,0,Sí,Roma,203
2024-01-11,Lucía Jiménez,Paquete,Reformer,Reformer,12,No,Polanco,4365
2024-01-11,Alejandro Jiménez,Fitpass,Cadillac,Cadillac,0,Sí,Polanco,195
2024-01-11,Alejandro Torres,Clase Individual,Chair,Chair,0,No,Condesa,399
2024-01-11,Rodrigo López,Paquete,Reformer,Reformer,12,No,Roma,4333
2024-01-12,Santiago Díaz,Fitpass,Reformer,Reformer,0,Sí,Roma,235
2024-01-12,Fernando Ramírez,Paquete,Chair,Chair,24,No,Polanco,8817
2024-01-12,Mateo Reyes,Paquete,Reformer,Reformer,8,No,Polanco,2949
2024-01-12,Natalia Cruz,Clase Individual,Cadillac,Cadillac,0,No,Polanco,423
2024-01-12,Fernando Jiménez,Paquete,Chair,Chair,8,No,Polanco,3161
2024-01-12,Ximena García,Clase Individual,Chair,Chair,0,No,Roma,388
2024-01-12,Mariana Martínez,Paquete,Mat Pilates,Ninguno,8,No,Polanco,2916
2024-01-12,Mariana Cruz,Paquete,Reformer,Reformer,8,No,Condesa,3080
2024-01-12,Ximena Torres,Paquete,Reformer,Reformer,12,No,Condesa,4571
2024-01-13,Ana Ramírez,Paquete,Cadillac,Cadillac,8,No,Polanco,3281
2024-01-13,Daniela Jiménez,Paquete,Reformer,Reformer,8,No,Polanco,3001
2024-01-13,Ximena Jiménez,Paquete,Reformer,Reformer,8,No,Roma,3276
2024-01-13,Fernanda Torres,Fitpass,Chair,Chair,0,Sí,Condesa,238
2024-01-13,Mariana Cruz,Paquete,Reformer,Reformer,12,No,Roma,4623
2024-01-13,Carolina Mendoza,Paquete,Mat Pilates,Ninguno,12,No,Polanco,4310
2024-01-13,Lucía Pérez,Paquete,Reformer,Reformer,8,No,Condesa,3132
2024-01-13,Rodrigo Sánchez,Paquete,Mat Pilates,Ninguno,8,No,Condesa,3135
2024-01-13,Andrea Gutiérrez,Clase Individual,Mat Pilates,Ninguno,0,No,Condesa,454
2024-01-13,Daniela Pérez,Paquete,Chair,Chair,8,No,Condesa,2957
2024-01-13,Miguel Ramírez,Fitpass,Chair,Chair,0,Sí,Condesa,205
2024-01-13,Fernando Reyes,Paquete,Reformer,Reformer,12,No,Condesa,4496
2024-01-13,Camila González,Clase Individual,Cadillac,Cadillac,0,No,Polanco,487
2024-01-13,Luis González,Clase Individual,Mat Pilates,Ninguno,0,No,Polanco,469
2024-01-13,Ana González,Fitpass,Reformer,Reformer,0,Sí,Condesa,183
2024-01-13,Diego Cruz,Fitpass,Reformer,Reformer,0,Sí,Condesa,238
2024-01-13,Lucía Flores,Clase Individual,Mat Pilates,Ninguno,0,No,Roma,475
2024-01-13,Renata Morales,Paquete,Mat Pilates,Ninguno,8,No,Condesa,2997
2024-01-13,Santiago Vázquez,Clase Individual,Cadillac,Cadillac,0,No,Polanco,472
2024-01-14,Gabriela Reyes,Fitpass,Reformer,Reformer,0,Sí,Condesa,229
2024-01-14,Andrea Sánchez,Clase Individual,Reformer,Reformer,0,No,Polanco,519
2024-01-14,Carlos Rodríguez,Paquete,Reformer,Reformer,12,No,Roma,4465
2024-01-14,Ana González,Fitpass,Reformer,Reformer,0,Sí,Polanco,182
2024-01-14,María García,Fitpass,Cadillac,Cadillac,0,Sí,Condesa,185
2024-01-14,Victoria Pérez,Fitpass,Reformer,Reformer,0,Sí,Condesa,227
2024-01-14,Valeria Flores,Clase Individual,Reformer,Reformer,0,No,Condesa,485
2024-01-14,Renata Mendoza,Fitpass,Chair,Chair,0,Sí,Roma,239
2024-01-14,María Gómez,Clase Individual,Reformer,Reformer,0,No,Roma,429
2024-01-14,Lucía Díaz,Paquete,Chair,Chair,12,No,Polanco,4184
2024-01-14,Ximena López,Fitpass,Reformer,Reformer,0,Sí,Roma,238
2024-01-14,Renata Gómez,Clase Individual,Reformer,Reformer,0,No,Polanco,501
2024-01-14,Andrea Vázquez,Fitpass,Mat Pilates,Ninguno,0,Sí,Roma,200
2024-01-14,Laura Reyes,Paquete,Reformer,Reformer,8,No,Condesa,3294
2024-01-14,Alejandro Martínez,Paquete,Chair,Chair,8,No,Polanco,2912
2024-01-14,Rodrigo Cruz,Fitpass,Chair,Chair,0,Sí,Polanco,206
2024-01-15,Regina Morales,Paquete,Reformer,Reformer,8,No,Condesa,3177
2024-01-15,Lucía Morales,Paquete,Mat Pilates,Ninguno,12,No,Condesa,4157
2024-01-15,Luis Reyes,Paquete,Chair,Chair,12,No,Condesa,4649
2024-01-15,Carolina Mendoza,Paquete,Reformer,Reformer,12,No,Polanco,4100
2024-01-15,Santiago Díaz,Paquete,Mat Pilates,Ninguno,8,No,Condesa,3285
2024-01-15,Valeria Cruz,Paquete,Reformer,Reformer,8,No,Roma,2994
2024-01-15,Claudia Martínez,Paquete,Mat Pilates,Ninguno,24,No,Polanco,8454
2024-01-15,Carlos Mendoza,Fitpass,Reformer,Reformer,0,Sí,Polanco,195
2024-01-15,Regina Ramírez,Fitpass,Cadillac,Cadillac,0,Sí,Polanco,222
2024-01-15,Lucía Pérez,Paquete,Reformer,Reformer,8,No,Roma,3278
2024-01-16,Luis González,Fitpass,Reformer,Reformer,0,Sí,Condesa,190
2024-01-16,Claudia Cruz,Paquete,Chair,Chair,24,No,Polanco,8365
2024-01-16,Mateo Vázquez,Paquete,Reformer,Reformer,8,No,Condesa,3213
2024-01-16,Rodrigo Mendoza,Fitpass,Reformer,Reformer,0,Sí,Condesa,200
2024-01-16,Mateo García,Fitpass,Mat Pilates,Ninguno,0,Sí,Roma,204
2024-01-16,Camila Gómez,Fitpass,Reformer,Reformer,0,Sí,Polanco,198
2024-01-16,Diego Hernández,Clase Individual,Chair,Chair,0,No,Roma,438
2024-01-16,Santiago Hernández,Paquete,Reformer,Reformer,8,No,Polanco,3192
2024-01-16,Santiago Gómez,Paquete,Chair,Chair,8,No,Roma,2996
2024-01-16,Daniela Jiménez,Paquete,Cadillac,Cadillac,8,No,Condesa,3076
2024-01-16,Rodrigo Díaz,Fitpass,Reformer,Reformer,0,Sí,Condesa,222
2024-01-16,Camila González,Paquete,Chair,Chair,12,No,Condesa,4156
2024-01-17,Regina Gutiérrez,Fitpass,Reformer,Reformer,0,Sí,Roma,220
2024-01-17,Alejandro López,Clase Individual,Chair,Chair,0,No,Roma,473
2024-01-17,Renata Mendoza,Paquete,Reformer,Reformer,12,No,Condesa,4145
2024-01-17,Luis Jiménez,Paquete,Reformer,Reformer,24,No,Condesa,8355
2024-01-17,Carlos Pérez,Paquete,Reformer,Reformer,8,No,Polanco,3036
2024-01-17,Lucía González,Paquete,Cadillac,Cadillac,8,No,Roma,3188
2024-01-17,Renata Sánchez,Paquete,Reformer,Reformer,8,No,Condesa,2957
2024-01-17,Luis Mendoza,Fitpass,Reformer,Reformer,0,Sí,Condesa,229
2024-01-17,Mariana Pérez,Paquete,Chair,Chair,24,No,Polanco,8558
2024-01-17,Gabriela Hernández,Clase Individual,Cadillac,Cadillac,0,No,Roma,423
2024-01-17,Claudia García,Clase Individual,Mat Pilates,Ninguno,0,No,Condesa,402
2024-01-17,Santiago Gómez,Fitpass,Cadillac,Cadillac,0,Sí,Polanco,240
2024-01-17,Claudia Morales,Fitpass,Reformer,Reformer,0,Sí,Roma,216
2024-01-18,Alejandro Pérez,Fitpass,Mat Pilates,Ninguno,0,Sí,Roma,238
2024-01-18,Carolina Díaz,Paquete,Reformer,Reformer,12,No,Roma,4429
2024-01-18,Santiago Reyes,Paquete,Reformer,Reformer,8,No,Roma,3040
2024-01-18,Javier Sánchez,Paquete,Mat Pilates,Ninguno,8,No,Condesa,2920
2024-01-18,Javier García,Fitpass,Reformer,Reformer,0,Sí,Condesa,224
2024-01-18,Gabriela Hernández,Paquete,Reformer,Reformer,8,No,Roma,3175
2024-01-18,Mariana Morales,Fitpass,Reformer,Reformer,0,Sí,Roma,189
2024-01-18,Ana Martínez,Paquete,Reformer,Reformer,8,No,Roma,3063
2024-01-18,Renata Mendoza,Fitpass,Chair,Chair,0,Sí,Condesa,198
2024-01-18,Claudia García,Fitpass,Chair,Chair,0,Sí,Condesa,208
2024-01-18,Javier Hernández,Clase Individual,Reformer,Reformer,0,No,Roma,438
2024-01-18,Santiago Gómez,Paquete,Reformer,Reformer,12,No,Condesa,4413
2024-01-19,María Díaz,Clase Individual,Reformer,Reformer,0,No,Roma,405
2024-01-19,Santiago López,Paquete,Cadillac,Cadillac,12,No,Condesa,4154
2024-01-19,Javier García,Paquete,Chair,Chair,8,No,Roma,3057
2024-01-19,Fernando Pérez,Clase Individual,Mat Pilates,Ninguno,0,No,Roma,460
2024-01-19,Mateo Vázquez,Fitpass,Cadillac,Cadillac,0,Sí,Roma,234
2024-01-19,Regina Reyes,Paquete,Reformer,Reformer,8,No,Polanco,3074
2024-01-19,Daniela Flores,Paquete,Chair,Chair,8,No,Polanco,3299
2024-01-19,Camila Sánchez,Paquete,Mat Pilates,Ninguno,24,No,Roma,7912
2024-01-19,Gabriela Jiménez,Fitpass,Chair,Chair,0,Sí,Roma,240
2024-01-20,Claudia Reyes,Paquete,Reformer,Reformer,24,No,Condesa,8712
2024-01-20,Andrea López,Paquete,Reformer,Reformer,24,No,Roma,7993
2024-01-20,Luis García,Paquete,Chair,Chair,12,No,Condesa,4174
2024-01-20,Alejandro López,Fitpass,Reformer,Reformer,0,Sí,Roma,187
2024-01-20,Paula Reyes,Paquete,Chair,Chair,12,No,Roma,4491
2024-01-20,Laura Hernández,Fitpass,Chair,Chair,0,Sí,Roma,228
2024-01-20,Gabriela López,Paquete,Chair,Chair,8,No,Roma,3065
2024-01-20,Javier Gómez,Fitpass,Reformer,Reformer,0,Sí,Polanco,226
2024-01-20,Renata García,Fitpass,Reformer,Reformer,0,Sí,Condesa,227
2024-01-20,Fernando Gutiérrez,Paquete,Reformer,Reformer,8,No,Polanco,3125
2024-01-20,Alejandro Jiménez,Paquete,Reformer,Reformer,8,No,Polanco,3032
2024-01-20,Fernanda Jiménez,Clase Individual,Reformer,Reformer,0,No,Condesa,386
2024-01-21,Sofía Pérez,Fitpass,Cadillac,Cadillac,0,Sí,Polanco,213
2024-01-21,Luis García,Fitpass,Reformer,Reformer,0,Sí,Condesa,230
2024-01-21,María Pérez,Fitpass,Reformer,Reformer,0,Sí,Roma,190
2024-01-21,Camila Martínez,Fitpass,Reformer,Reformer,0,Sí,Roma,191
2024-01-21,Carlos Sánchez,Fitpass,Cadillac,Cadillac,0,Sí,Condesa,214
2024-01-21,Victoria Sánchez,Fitpass,Reformer,Reformer,0,Sí,Roma,222
2024-01-21,Santiago Ramírez,Clase Individual,Reformer,Reformer,0,No,Condesa,477
2024-01-21,Luis Díaz,Paquete,Reformer,Reformer,24,No,Polanco,8491
2024-01-21,Laura Vázquez,Fitpass,Chair,Chair,0,Sí,Roma,214
2024-01-21,Santiago Reyes,Paquete,Cadillac,Cadillac,8,No,Condesa,3156
2024-01-21,Fernando Gutiérrez,Paquete,Chair,Chair,24,No,Roma,8171
2024-01-21,Renata Flores,Fitpass,Chair,Chair,0,Sí,Roma,180
2024-01-21,Camila Cruz,Fitpass,Mat Pilates,Ninguno,0,Sí,Roma,209
2024-01-21,Victoria Gómez,Paquete,Chair,Chair,12,No,Polanco,4220
2024-01-21,Alejandro Torres,Clase Individual,Reformer,Reformer,0,No,Roma,495
2024-01-22,Lucía Pérez,Fitpass,Reformer,Reformer,0,Sí,Roma,224
2024-01-22,Victoria Pérez,Fitpass,Reformer,Reformer,0,Sí,Roma,238
2024-01-22,Sofía Díaz,Fitpass,Reformer,Reformer,0,Sí,Condesa,216
2024-01-22,Renata Cruz,Fitpass,Reformer,Reformer,0,Sí,Condesa,186
2024-01-22,Sofía Rodríguez,Paquete,Reformer,Reformer,8,No,Condesa,2996
2024-01-22,Lucía Morales,Paquete,Reformer,Reformer,12,No,Condesa,4688
2024-01-22,Alejandro Rodríguez,Paquete,Mat Pilates,Ninguno,12,No,Roma,4542
2024-01-22,Fernando Gutiérrez,Clase Individual,Reformer,Reformer,0,No,Polanco,380
2024-01-22,Sofía Sánchez,Fitpass,Chair,Chair,0,Sí,Roma,190
2024-01-22,Carolina Gómez,Fitpass,Cadillac,Cadillac,0,Sí,Roma,206
2024-01-22,Daniela Hernández,Paquete,Chair,Chair,12,No,Roma,4531
2024-01-23,Valeria Gómez,Paquete,Mat Pilates,Ninguno,8,No,Condesa,3027
2024-01-23,Alejandro Reyes,Fitpass,Cadillac,Cadillac,0,Sí,Polanco,208
2024-01-23,Fernando Hernández,Fitpass,Mat Pilates,Ninguno,0,Sí,Condesa,216
2024-01-23,Sofía Gómez,Clase Individual,Cadillac,Cadillac,0,No,Roma,470
2024-01-23,Claudia Gutiérrez,Paquete,Chair,Chair,12,No,Condesa,4162
2024-01-23,Mariana Hernández,Fitpass,Mat Pilates,Ninguno,0,Sí,Condesa,203
2024-01-23,Gabriela Jiménez,Paquete,Reformer,Reformer,12,No,Roma,4417
2024-01-23,María Hernández,Fitpass,Cadillac,Cadillac,0,Sí,Roma,222
2024-01-23,Carlos Gómez,Paquete,Chair,Chair,8,No,Polanco,3204
2024-01-23,Natalia Vázquez,Fitpass,Chair,Chair,0,Sí,Roma,182
2024-01-23,Renata González,Clase Individual,Cadillac,Cadillac,0,No,Roma,409
2024-01-23,Laura Ramírez,Paquete,Reformer,Reformer,12,No,Condesa,4281
2024-01-23,Rodrigo Mendoza,Fitpass,Cadillac,Cadillac,0,Sí,Condesa,232
2024-01-23,Santiago Morales,Fitpass,Reformer,Reformer,0,Sí,Roma,214
2024-01-23,Natalia Cruz,Fitpass,Mat Pilates,Ninguno,0,Sí,Roma,187
2024-01-23,Diego Torres,Clase Individual,Mat Pilates,Ninguno,0,No,Polanco,397
2024-01-23,Alejandro Flores,Paquete,Chair,Chair,12,No,Roma,4499
2024-01-23,Lucía García,Paquete,Reformer,Reformer,8,No,Condesa,3034
2024-01-24,Mariana López,Paquete,Mat Pilates,Ninguno,12,No,Roma,4667
2024-01-24,Lucía Pérez,Fitpass,Chair,Chair,0,Sí,Roma,204
2024-01-24,Carlos Morales,Fitpass,Reformer,Reformer,0,Sí,Condesa,186
2024-01-24,Claudia González,Paquete,Chair,Chair,24,No,Polanco,8527
2024-01-24,Fernanda Jiménez,Fitpass,Chair,Chair,0,Sí,Polanco,189
2024-01-24,María Rodríguez,Fitpass,Reformer,Reformer,0,Sí,Condesa,191
2024-01-24,Natalia Morales,Fitpass,Cadillac,Cadillac,0,Sí,Roma,183
2024-01-24,Renata Reyes,Clase Individual,Cadillac,Cadillac,0,No,Roma,484
2024-01-24,Camila Vázquez,Paquete,Reformer,Reformer,24,No,Condesa,8547
2024-01-24,Gabriela García,Paquete,Chair,Chair,24,No,Polanco,8055
2024-01-24,Gabriela Mendoza,Paquete,Reformer,Reformer,8,No,Roma,3299
2024-01-24,Carolina Rodríguez,Clase Individual,Cadillac,Cadillac,0,No,Condesa,405
2024-01-24,Sofía Jiménez,Fitpass,Mat Pilates,Ninguno,0,Sí,Condesa,184
2024-01-24,Victoria Flores,Paquete,Reformer,Reformer,12,No,Polanco,4420
2024-01-24,Diego Pérez,Paquete,Reformer,Reformer,12,No,Roma,4165
2024-01-24,Ximena Torres,Paquete,Mat Pilates,Ninguno,24,No,Polanco,7946
2024-01-24,Natalia Martínez,Paquete,Reformer,Reformer,8,No,Roma,3029
2024-01-24,Claudia Díaz,Fitpass,Cadillac,Cadillac,0,Sí,Roma,193
2024-01-24,Gabriela Vázquez,Clase Individual,Reformer,Reformer,0,No,Roma,433
2024-01-24,Natalia Sánchez,Fitpass,Chair,Chair,0,Sí,Condesa,222
2024-01-24,Regina Vázquez,Paquete,Chair,Chair,8,No,Condesa,3163
2024-01-24,Ximena Ramírez,Paquete,Cadillac,Cadillac,12,No,Condesa,4389
2024-01-24,Luis Díaz,Paquete,Reformer,Reformer,8,No,Roma,3107
2024-01-24,Paula García,Fitpass,Chair,Chair,0,Sí,Condesa,205
2024-01-25,Miguel González,Fitpass,Chair,Chair,0,Sí,Condesa,186
2024-01-25,Paula Rodríguez,Clase Individual,Chair,Chair,0,No,Roma,496
2024-01-25,Daniela Mendoza,Paquete,Reformer,Reformer,24,No,Condesa,8148
2024-01-25,Claudia Morales,Fitpass,Cadillac,Cadillac,0,Sí,Polanco,186
2024-01-25,Santiago Díaz,Clase Individual,Reformer,Reformer,0,No,Polanco,488
2024-01-25,Natalia Pérez,Fitpass,Mat Pilates,Ninguno,0,Sí,Roma,221
2024-01-25,Paula Sánchez,Fitpass,Cadillac,Cadillac,0,Sí,Polanco,200
2024-01-25,Diego Ramírez,Clase Individual,Cadillac,Cadillac,0,No,Roma,519
2024-01-25,Carlos Mendoza,Clase Individual,Cadillac,Cadillac,0,No,Condesa,437
2024-01-25,Regina López,Fitpass,Mat Pilates,Ninguno,0,Sí,Roma,223
2024-01-25,Natalia Pérez,Clase Individual,Reformer,Reformer,0,No,Roma,410
2024-01-25,Lucía Jiménez,Fitpass,Reformer,Reformer,0,Sí,Roma,220
2024-01-25,Ximena Ramírez,Fitpass,Reformer,Reformer,0,Sí,Polanco,181
2024-01-25,Ximena Pérez,Paquete,Reformer,Reformer,8,No,Roma,2957
2024-01-25,Luis Vázquez,Fitpass,Reformer,Reformer,0,Sí,Condesa,184
2024-01-25,Regina Cruz,Paquete,Reformer,Reformer,8,No,Roma,3173
2024-01-25,Ana Gutiérrez,Paquete,Chair,Chair,8,No,Roma,3121
2024-01-25,Luis Gutiérrez,Fitpass,Mat Pilates,Ninguno,0,Sí,Polanco,197
2024-01-25,Santiago Morales,Paquete,Reformer,Reformer,8,No,Roma,3023
2024-01-25,Diego Vázquez,Paquete,Mat Pilates,Ninguno,12,No,Polanco,4144
2024-01-25,Camila Morales,Paquete,Reformer,Reformer,8,No,Polanco,3171
2024-01-25,Fernando Vázquez,Paquete,Reformer,Reformer,8,No,Condesa,2913
2024-01-25,Mariana Martínez,Clase Individual,Reformer,Reformer,0,No,Condesa,470
2024-01-25,Victoria González,Fitpass,Mat Pilates,Ninguno,0,Sí,Roma,221
2024-01-26,María Gutiérrez,Paquete,Chair,Chair,12,No,Condesa,4260
2024-01-26,Laura Mendoza,Paquete,Reformer,Reformer,8,No,Condesa,2949
2024-01-26,Laura Mendoza,Fitpass,Mat Pilates,Ninguno,0,Sí,Condesa,216
2024-01-26,Regina Mendoza,Fitpass,Mat Pilates,Ninguno,0,Sí,Roma,185
2024-01-26,Valeria Morales,Paquete,Reformer,Reformer,12,No,Roma,4473
2024-01-26,Ana Flores,Fitpass,Mat Pilates,Ninguno,0,Sí,Roma,210
2024-01-26,Mateo Rodríguez,Paquete,Cadillac,Cadillac,8,No,Polanco,3125
2024-01-26,Alejandro Torres,Clase Individual,Reformer,Reformer,0,No,Polanco,502
2024-01-26,Andrea Martínez,Fitpass,Reformer,Reformer,0,Sí,Roma,206
2024-01-27,Gabriela Mendoza,Clase Individual,Reformer,Reformer,0,No,Condesa,416
2024-01-27,Victoria Mendoza,Fitpass,Reformer,Reformer,0,Sí,Roma,191
2024-01-27,Daniela Rodríguez,Clase Individual,Reformer,Reformer,0,No,Roma,433
2024-01-27,Alejandro Díaz,Fitpass,Cadillac,Cadillac,0,Sí,Roma,199
2024-01-27,Valeria Reyes,Clase Individual,Cadillac,Cadillac,0,No,Polanco,511
2024-01-27,Miguel Mendoza,Clase Individual,Reformer,Reformer,0,No,Condesa,455
2024-01-27,Fernanda González,Fitpass,Reformer,Reformer,0,Sí,Polanco,222
2024-01-27,Javier González,Fitpass,Chair,Chair,0,Sí,Roma,218
2024-01-27,Renata González,Fitpass,Reformer,Reformer,0,Sí,Condesa,216
2024-01-27,Rodrigo García,Fitpass,Reformer,Reformer,0,Sí,Roma,218
2024-01-27,Rodrigo Pérez,Fitpass,Reformer,Reformer,0,Sí,Polanco,208
2024-01-27,Miguel Pérez,Paquete,Cadillac,Cadillac,24,No,Roma,8453
2024-01-27,Regina Gómez,Fitpass,Reformer,Reformer,0,Sí,Roma,215
2024-01-27,Andrea Martínez,Paquete,Reformer,Reformer,12,No,Condesa,4400
2024-01-27,Miguel Gutiérrez,Paquete,Chair,Chair,8,No,Condesa,2920
2024-01-27,Paula Gutiérrez,Paquete,Reformer,Reformer,8,No,Roma,2945
2024-01-27,Alejandro Martínez,Clase Individual,Chair,Chair,0,No,Condesa,506
2024-01-27,Mariana Pérez,Paquete,Reformer,Reformer,12,No,Condesa,4140
2024-01-27,Paula Mendoza,Fitpass,Reformer,Reformer,0,Sí,Roma,240
2024-01-27,Natalia Gutiérrez,Fitpass,Reformer,Reformer,0,Sí,Condesa,213
2024-01-27,Valeria Cruz,Paquete,Reformer,Reformer,12,No,Condesa,4636
2024-01-28,Alejandro López,Clase Individual,Reformer,Reformer,0,No,Condesa,467
2024-01-28,Renata Vázquez,Clase Individual,Chair,Chair,0,No,Roma,499
2024-01-28,Natalia González,Paquete,Reformer,Reformer,8,No,Roma,2921
2024-01-28,Regina López,Fitpass,Reformer,Reformer,0,Sí,Roma,231
2024-01-28,Carlos Pérez,Clase Individual,Reformer,Reformer,0,No,Condesa,417
2024-01-28,Mariana Díaz,Paquete,Reformer,Reformer,8,No,Roma,3079
2024-01-28,Camila González,Paquete,Reformer,Reformer,8,No,Roma,3278
2024-01-28,Javier Gutiérrez,Paquete,Chair,Chair,12,No,Polanco,4687
2024-01-28,Javier García,Fitpass,Reformer,Reformer,0,Sí,Condesa,234
2024-01-28,Fernanda Pérez,Paquete,Reformer,Reformer,24,No,Polanco,8093
2024-01-28,Claudia Sánchez,Clase Individual,Reformer,Reformer,0,No,Condesa,442
2024-01-28,Valeria Sánchez,Paquete,Reformer,Reformer,8,No,Roma,2964
2024-01-28,Paula Morales,Paquete,Reformer,Reformer,8,No,Roma,2928
2024-01-28,Camila Vázquez,Clase Individual,Reformer,Reformer,0,No,Condesa,493
2024-01-28,María Morales,Clase Individual,Chair,Chair,0,No,Polanco,462
2024-01-29,Paula López,Paquete,Reformer,Reformer,12,No,Condesa,4522
2024-01-29,María Rodríguez,Fitpass,Chair,Chair,0,Sí,Condesa,190
2024-01-29,Victoria Mendoza,Paquete,Reformer,Reformer,12,No,Polanco,4629
2024-01-29,Mariana Mendoza,Fitpass,Reformer,Reformer,0,Sí,Condesa,198
2024-01-29,Valeria Sánchez,Paquete,Reformer,Reformer,8,No,Condesa,3086
2024-01-29,Ximena Jiménez,Paquete,Chair,Chair,12,No,Roma,4106
2024-01-29,Andrea Pérez,Clase Individual,Reformer,Reformer,0,No,Polanco,457
2024-01-29,Daniela Hernández,Paquete,Reformer,Reformer,12,No,Condesa,4598
2024-01-29,Ximena Hernández,Paquete,Mat Pilates,Ninguno,12,No,Roma,4419
2024-01-29,Natalia Cruz,Paquete,Cadillac,Cadillac,12,No,Roma,4449
2024-01-29,Claudia Torres,Fitpass,Reformer,Reformer,0,Sí,Roma,191
2024-01-29,Javier Vázquez,Paquete,Reformer,Reformer,24,No,Condesa,7974
2024-01-29,Natalia González,Clase Individual,Reformer,Reformer,0,No,Polanco,421
2024-01-29,Mateo Reyes,Clase Individual,Reformer,Reformer,0,No,Condesa,437
2024-01-29,Gabriela Gutiérrez,Paquete,Reformer,Reformer,12,No,Condesa,4367
2024-01-29,Mateo Morales,Paquete,Reformer,Reformer,24,No,Condesa,7941
2024-01-29,Javier Ramírez,Fitpass,Reformer,Reformer,0,Sí,Condesa,216
2024-01-29,Sofía Martínez,Clase Individual,Chair,Chair,0,No,Condesa,450
2024-01-29,Regina Cruz,Clase Individual,Reformer,Reformer,0,No,Roma,395
2024-01-29,Santiago Díaz,Paquete,Cadillac,Cadillac,8,No,Roma,2963
2024-01-29,Mariana Díaz,Paquete,Mat Pilates,Ninguno,8,No,Polanco,3068
2024-01-30,Carlos Vázquez,Paquete,Reformer,Reformer,12,No,Roma,4644
2024-01-30,Paula Gómez,Paquete,Reformer,Reformer,8,No,Polanco,3044
2024-01-30,Carolina Morales,Paquete,Reformer,Reformer,8,No,Condesa,3089
2024-01-30,Fernando Torres,Paquete,Chair,Chair,8,No,Condesa,3168
2024-01-30,Diego Hernández,Paquete,Chair,Chair,12,No,Polanco,4201
2024-01-30,Laura Gómez,Paquete,Cadillac,Cadillac,8,No,Roma,3186
2024-01-30,Miguel González,Clase Individual,Cadillac,Cadillac,0,No,Condesa,426
2024-01-30,Fernanda Rodríguez,Clase Individual,Chair,Chair,0,No,Condesa,427
2024-01-30,Laura Gutiérrez,Paquete,Chair,Chair,8,No,Condesa,3016
2024-01-30,Claudia García,Fitpass,Cadillac,Cadillac,0,Sí,Polanco,191
2024-01-30,María Díaz,Paquete,Cadillac,Cadillac,8,No,Roma,3279
2024-01-30,Ana Morales,Fitpass,Reformer,Reformer,0,Sí,Polanco,202
2024-01-30,Lucía Martínez,Paquete,Reformer,Reformer,12,No,Polanco,4587
2024-01-30,Alejandro Pérez,Paquete,Reformer,Reformer,8,No,Roma,3266
2024-01-30,Fernando Ramírez,Fitpass,Chair,Chair,0,Sí,Roma,237
2024-01-30,Fernando Ramírez,Paquete,Reformer,Reformer,8,No,Condesa,3237
2024-01-31,Valeria Reyes,Clase Individual,Mat Pilates,Ninguno,0,No,Condesa,463
2024-01-31,Camila Rodríguez,Fitpass,Reformer,Reformer,0,Sí,Polanco,223
2024-01-31,Mariana Gómez,Fitpass,Cadillac,Cadillac,0,Sí,Condesa,217
2024-01-31,Natalia López,Fitpass,Cadillac,Cadillac,0,Sí,Polanco,230
2024-01-31,Carolina Mendoza,Paquete,Reformer,Reformer,24,No,Roma,8120
2024-01-31,Valeria Pérez,Paquete,Reformer,Reformer,8,No,Roma,3265
2024-01-31,Diego Mendoza,Fitpass,Reformer,Reformer,0,Sí,Condesa,197
2024-01-31,María García,Paquete,Reformer,Reformer,12,No,Roma,4496
2024-01-31,Fernanda Mendoza,Clase Individual,Chair,Chair,0,No,Polanco,458
2024-01-31,Regina Díaz,Clase Individual,Chair,Chair,0,No,Polanco,485
2024-01-31,Renata Sánchez,Paquete,Cadillac,Cadillac,12,No,Roma,4544
2024-01-31,Alejandro Gómez,Paquete,Reformer,Reformer,12,No,Condesa,4334
2024-01-31,Fernanda Gómez,Paquete,Reformer,Reformer,12,No,Polanco,4434
2024-01-31,Carolina Jiménez,Paquete,Chair,Chair,8,No,Roma,3099
2024-01-31,Laura Mendoza,Clase Individual,Reformer,Reformer,0,No,Polanco,491
2024-01-31,Sofía Díaz,Fitpass,Mat Pilates,Ninguno,0,Sí,Polanco,202
2024-01-31,Claudia Ramírez,Paquete,Reformer,Reformer,8,No,Roma,3154
2024-01-31,Fernando Sánchez,Paquete,Cadillac,Cadillac,24,No,Condesa,8086
2024-01-31,Regina López,Clase Individual,Reformer,Reformer,0,No,Roma,420
2024-01-31,Andrea Hernández,Fitpass,Reformer,Reformer,0,Sí,Roma,230
2024-01-31,Sofía Jiménez,Fitpass,Reformer,Reformer,0,Sí,Roma,192
2024-01-31,Paula Vázquez,Paquete,Reformer,Reformer,12,No,Polanco,4167
2024-01-31,Ximena Vázquez,Fitpass,Chair,Chair,0,Sí,Condesa,231
2024-02-01,Daniela Ramírez,Paquete,Cadillac,Cadillac,12,No,Roma,4471
2024-02-01,Fernando Vázquez,Paquete,Reformer,Reformer,8,No,Condesa,3019
2024-02-01,Miguel Díaz,Paquete,Reformer,Reformer,8,No,Roma,3233
2024-02-01,Victoria Jiménez,Paquete,Reformer,Reformer,12,No,Polanco,4268
2024-02-01,Alejandro Díaz,Paquete,Reformer,Reformer,8,No,Condesa,3063
2024-02-01,Fernanda Hernández,Paquete,Chair,Chair,8,No,Roma,3257
2024-02-01,Carlos Martínez,Paquete,Mat Pilates,Ninguno,12,No,Roma,4446
2024-02-01,Rodrigo García,Fitpass,Reformer,Reformer,0,Sí,Condesa,224
2024-02-01,Ana Vázquez,Paquete,Chair,Chair,8,No,Roma,2927
2024-02-01,Mariana Martínez,Clase Individual,Reformer,Reformer,0,No,Condesa,410
2024-02-01,Natalia Pérez,Fitpass,Chair,Chair,0,Sí,Roma,219
2024-02-01,Mateo Vázquez,Paquete,Reformer,Reformer,8,No,Condesa,3091
2024-02-01,Miguel Díaz,Fitpass,Chair,Chair,0,Sí,Roma,195
2024-02-01,Daniela López,Paquete,Reformer,Reformer,8,No,Polanco,3075
2024-02-01,Miguel Torres,Paquete,Cadillac,Cadillac,8,No,Condesa,3113
2024-02-01,Laura Díaz,Clase Individual,Reformer,Reformer,0,No,Roma,383
2024-02-02,Paula Reyes,Fitpass,Mat Pilates,Ninguno,0,Sí,Roma,209
2024-02-02,Paula Torres,Fitpass,Reformer,Reformer,0,Sí,Polanco,220
2024-02-02,Victoria Rodríguez,Paquete,Mat Pilates,Ninguno,8,No,Polanco,2944
2024-02-02,Carlos Sánchez,Paquete,Cadillac,Cadillac,12,No,Polanco,4540
2024-02-02,Lucía Morales,Paquete,Mat Pilates,Ninguno,12,No,Polanco,4313
2024-02-02,Fernando Gómez,Fitpass,Mat Pilates,Ninguno,0,Sí,Condesa,181
2024-02-02,Fernanda Morales,Fitpass,Reformer,Reformer,0,Sí,Condesa,192
2024-02-03,Santiago Morales,Paquete,Mat Pilates,Ninguno,8,No,Condesa,3023
2024-02-03,Javier Sánchez,Fitpass,Reformer,Reformer,0,Sí,Condesa,188
2024-02-03,Santiago Hernández,Fitpass,Reformer,Reformer,0,Sí,Roma,183
2024-02-03,Ana Pérez,Paquete,Cadillac,Cadillac,12,No,Condesa,4320
2024-02-03,María Mendoza,Fitpass,Reformer,Reformer,0,Sí,Polanco,235
2024-02-03,Victoria Pérez,Clase Individual,Chair,Chair,0,No,Condesa,380
2024-02-03,Santiago Hernández,Fitpass,Reformer,Reformer,0,Sí,Polanco,226
2024-02-03,Camila Díaz,Paquete,Reformer,Reformer,12,No,Roma,4556
2024-02-03,Natalia Cruz,Fitpass,Reformer,Reformer,0,Sí,Condesa,202
2024-02-03,Regina Díaz,Clase Individual,Reformer,Reformer,0,No,Polanco,406
2024-02-03,Fernanda Morales,Fitpass,Cadillac,Cadillac,0,Sí,Polanco,238
2024-02-03,Gabriela Martínez,Paquete,Cadillac,Cadillac,8,No,Roma,3211
2024-02-03,Ximena Gómez,Paquete,Mat Pilates,Ninguno,8,No,Condesa,2915
2024-02-03,Daniela Reyes,Paquete,Chair,Chair,12,No,Condesa,4233
2024-02-03,Andrea Torres,Fitpass,Chair,Chair,0,Sí,Roma,191
2024-02-03,Fernanda González,Paquete,Reformer,Reformer,12,No,Polanco,4249
2024-02-03,Regina Díaz,Fitpass,Reformer,Reformer,0,Sí,Roma,240
2024-02-03,Paula Gómez,Clase Individual,Chair,Chair,0,No,Condesa,430
2024-02-03,Sofía Rodríguez,Clase Individual,Reformer,Reformer,0,No,Roma,450
2024-02-04,Lucía López,Paquete,Reformer,Reformer,12,No,Roma,4512
2024-02-04,Daniela González,Paquete,Reformer,Reformer,8,No,Polanco,3127
2024-02-04,Natalia Cruz,Clase Individual,Reformer,Reformer,0,No,Roma,477
2024-02-04,Renata García,Paquete,Mat Pilates,Ninguno,8,No,Condesa,2977
2024-02-04,Santiago Ramírez,Clase Individual,Reformer,Reformer,0,No,Roma,415
2024-02-04,Carlos Torres,Clase Individual,Reformer,Reformer,0,No,Polanco,413
2024-02-04,Paula Díaz,Paquete,Cadillac,Cadillac,24,No,Condesa,8092
2024-02-04,Claudia Sánchez,Fitpass,Mat Pilates,Ninguno,0,Sí,Polanco,192
2024-02-04,Fernanda Hernández,Paquete,Cadillac,Cadillac,8,No,Condesa,3182
2024-02-04,Carolina Rodríguez,Paquete,Reformer,Reformer,12,No,Roma,4699
2024-02-05,Miguel Díaz,Paquete,Mat Pilates,Ninguno,24,No,Roma,8468
2024-02-05,Rodrigo Reyes,Fitpass,Reformer,Reformer,0,Sí,Roma,205
2024-02-05,Mariana Torres,Paquete,Reformer,Reformer,24,No,Condesa,8294
2024-02-05,Alejandro López,Fitpass,Reformer,Reformer,0,Sí,Condesa,239
2024-02-05,Ana Ramírez,Paquete,Reformer,Reformer,8,No,Condesa,3153
2024-02-05,Miguel Mendoza,Paquete,Cadillac,Cadillac,8,No,Roma,3242
2024-02-05,Alejandro Sánchez,Clase Individual,Cadillac,Cadillac,0,No,Polanco,487
2024-02-05,Ximena López,Fitpass,Reformer,Reformer,0,Sí,Condesa,181
2024-02-05,Mariana Flores,Paquete,Reformer,Reformer,8,No,Polanco,3145
2024-02-06,Alejandro Gómez,Fitpass,Reformer,Reformer,0,Sí,Condesa,194
2024-02-06,Javier Torres,Paquete,Chair,Chair,8,No,Condesa,3203
2024-02-06,Luis Reyes,Clase Individual,Chair,Chair,0,No,Condesa,484
2024-02-06,María Jiménez,Paquete,Reformer,Reformer,8,No,Condesa,3140
2024-02-06,Carlos Ramírez,Fitpass,Reformer,Reformer,0,Sí,Roma,200
2024-02-06,Mateo Morales,Paquete,Chair,Chair,8,No,Roma,3248
2024-02-06,Diego López,Clase Individual,Reformer,Reformer,0,No,Roma,407
2024-02-06,Rodrigo Morales,Fitpass,Chair,Chair,0,Sí,Roma,201
2024-02-06,Regina Ramírez,Paquete,Mat Pilates,Ninguno,8,No,Roma,2998
2024-02-06,Lucía Jiménez,Fitpass,Chair,Chair,0,Sí,Roma,236
2024-02-06,Laura Flores,Clase Individual,Cadillac,Cadillac,0,No,Condesa,509
2024-02-06,Gabriela Gutiérrez,Fitpass,Reformer,Reformer,0,Sí,Roma,234
2024-02-06,Fernando Gutiérrez,Clase Individual,Reformer,Reformer,0,No,Condesa,440
2024-02-06,Victoria Flores,Paquete,Reformer,Reformer,8,No,Polanco,2946
2024-02-07,Alejandro Torres,Fitpass,Reformer,Reformer,0,Sí,Condesa,225
2024-02-07,Luis Hernández,Clase Individual,Mat Pilates,Ninguno,0,No,Condesa,434
2024-02-07,Ximena Ramírez,Clase Individual,Reformer,Reformer,0,No,Roma,500
2024-02-07,Carlos García,Clase Individual,Reformer,Reformer,0,No,Roma,383
2024-02-07,Miguel Ramírez,Paquete,Mat Pilates,Ninguno,8,No,Polanco,3098
2024-02-07,Natalia Pérez,Paquete,Reformer,Reformer,24,No,Roma,8831
2024-02-07,Javier Gutiérrez,Fitpass,Mat Pilates,Ninguno,0,Sí,Polanco,238
2024-02-07,Andrea Reyes,Paquete,Chair,Chair,8,No,Polanco,3248
2024-02-07,Fernando Gómez,Paquete,Reformer,Reformer,12,No,Roma,4497
2024-02-07,Ximena Martínez,Clase Individual,Cadillac,Cadillac,0,No,Roma,465
2024-02-07,Claudia Cruz,Paquete,Cadillac,Cadillac,8,No,Condesa,2941
2024-02-07,Mateo Reyes,Fitpass,Reformer,Reformer,0,Sí,Condesa,180
2024-02-08,Rodrigo García,Paquete,Reformer,Reformer,8,No,Polanco,3021
2024-02-08,Sofía López,Paquete,Reformer,Reformer,24,No,Condesa,8059
2024-02-08,Valeria Flores,Fitpass,Mat Pilates,Ninguno,0,Sí,Polanco,180
2024-02-08,Daniela Ramírez,Clase Individual,Chair,Chair,0,No,Condesa,470
2024-02-08,Javier Jiménez,Paquete,Mat Pilates,Ninguno,8,No,Condesa,3185
2024-02-08,Camila Gómez,Fitpass,Mat Pilates,Ninguno,0,Sí,Condesa,224
2024-02-08,Miguel Morales,Fitpass,Cadillac,Cadillac,0,Sí,Roma,227
2024-02-08,Diego Hernández,Clase Individual,Reformer,Reformer,0,No,Condesa,436
2024-02-08,Regina Hernández,Fitpass,Reformer,Reformer,0,Sí,Polanco,202
2024-02-08,Lucía Sánchez,Paquete,Reformer,Reformer,12,No,Condesa,4196
2024-02-09,Diego Torres,Paquete,Reformer,Reformer,8,No,Roma,3145
2024-02-09,Natalia Reyes,Paquete,Cadillac,Cadillac,8,No,Polanco,3052
2024-02-09,Natalia Torres,Paquete,Chair,Chair,12,No,Roma,4466
2024-02-09,Valeria Sánchez,Clase Individual,Reformer,Reformer,0,No,Condesa,507
2024-02-09,Mateo Cruz,Fitpass,Cadillac,Cadillac,0,Sí,Roma,231
2024-02-09,Rodrigo Gutiérrez,Fitpass,Cadillac,Cadillac,0,Sí,Condesa,204
2024-02-10,Carolina Mendoza,Paquete,Cadillac,Cadillac,12,No,Polanco,4500
2024-02-10,Lucía Hernández,Clase Individual,Mat Pilates,Ninguno,0,No,Roma,429
2024-02-10,Paula Reyes,Paquete,Chair,Chair,8,No,Roma,3121
2024-02-10,Natalia Ramírez,Paquete,Chair,Chair,12,No,Roma,4231
2024-02-10,Mariana Torres,Fitpass,Cadillac,Cadillac,0,Sí,Polanco,240
2024-02-10,Fernando Martínez,Clase Individual,Cadillac,Cadillac,0,No,Polanco,460
2024-02-10,Lucía González,Fitpass,Mat Pilates,Ninguno,0,Sí,Condesa,220
2024-02-10,Natalia Cruz,Clase Individual,Reformer,Reformer,0,No,Condesa,395
2024-02-10,Andrea Gutiérrez,Clase Individual,Reformer,Reformer,0,No,Polanco,500
2024-02-10,Carolina Vázquez,Fitpass,Reformer,Reformer,0,Sí,Roma,232
2024-02-11,Fernando Torres,Paquete,Reformer,Reformer,24,No,Polanco,8519
2024-02-11,Camila Cruz,Fitpass,Reformer,Reformer,0,Sí,Polanco,196
2024-02-11,Fernanda González,Clase Individual,Reformer,Reformer,0,No,Roma,457
2024-02-11,Paula Mendoza,Fitpass,Cadillac,Cadillac,0,Sí,Condesa,210
2024-02-11,Fernando Sánchez,Paquete,Reformer,Reformer,12,No,Roma,4605
2024-02-11,Natalia Díaz,Clase Individual,Cadillac,Cadillac,0,No,Condesa,471
2024-02-11,Carlos Pérez,Paquete,Chair,Chair,12,No,Polanco,4299
2024-02-11,Ana López,Paquete,Reformer,Reformer,24,No,Condesa,8094
2024-02-11,Natalia González,Fitpass,Mat Pilates,Ninguno,0,Sí,Condesa,209
2024-02-11,Javier Torres,Clase Individual,Reformer,Reformer,0,No,Roma,388
2024-02-11,Sofía Jiménez,Paquete,Reformer,Reformer,8,No,Condesa,3213
2024-02-11,Ana Gómez,Fitpass,Chair,Chair,0,Sí,Condesa,228
2024-02-12,Valeria Hernández,Fitpass,Cadillac,Cadillac,0,Sí,Condesa,180
2024-02-12,Mariana Reyes,Fitpass,Reformer,Reformer,0,Sí,Polanco,206
2024-02-12,Regina Reyes,Fitpass,Reformer,Reformer,0,Sí,Condesa,232
2024-02-12,Fernando Gómez,Fitpass,Chair,Chair,0,Sí,Roma,211
2024-02-12,Lucía Reyes,Paquete,Mat Pilates,Ninguno,8,No,Roma,3133
2024-02-12,Natalia Gutiérrez,Paquete,Cadillac,Cadillac,8,No,Condesa,2932
2024-02-12,Natalia Hernández,Fitpass,Cadillac,Cadillac,0,Sí,Roma,192
2024-02-12,Paula Flores,Paquete,Reformer,Reformer,12,No,Condesa,4399
2024-02-12,Ana Flores,Clase Individual,Cadillac,Cadillac,0,No,Polanco,482
2024-02-13,Regina Vázquez,Fitpass,Reformer,Reformer,0,Sí,Polanco,231
2024-02-13,Camila Gutiérrez,Paquete,Chair,Chair,8,No,Polanco,3015
2024-02-13,Mariana Rodríguez,Clase Individual,Cadillac,Cadillac,0,No,Condesa,449
2024-02-13,Lucía Díaz,Paquete,Cadillac,Cadillac,8,No,Roma,3177
2024-02-13,Luis Díaz,Paquete,Reformer,Reformer,8,No,Polanco,3104
2024-02-13,Fernando Gutiérrez,Fitpass,Reformer,Reformer,0,Sí,Roma,207
2024-02-13,Carlos Morales,Paquete,Reformer,Reformer,8,No,Condesa,3131
2024-02-13,Fernanda Reyes,Fitpass,Reformer,Reformer,0,Sí,Condesa,186
2024-02-13,Andrea Cruz,Fitpass,Cadillac,Cadillac,0,Sí,Roma,194
2024-02-14,Gabriela Flores,Paquete,Reformer,Reformer,12,No,Polanco,4177
2024-02-14,Mariana Morales,Clase Individual,Mat Pilates,Ninguno,0,No,Condesa,508
2024-02-14,Mateo García,Paquete,Reformer,Reformer,24,No,Roma,8490
2024-02-14,Sofía Reyes,Paquete,Cadillac,Cadillac,8,No,Condesa,3079
2024-02-14,Miguel Mendoza,Paquete,Cadillac,Cadillac,24,No,Roma,8891
2024-02-14,Rodrigo García,Fitpass,Reformer,Reformer,0,Sí,Roma,240
2024-02-14,Rodrigo Mendoza,Paquete,Chair,Chair,8,No,Polanco,3062
2024-02-14,Claudia Díaz,Fitpass,Cadillac,Cadillac,0,Sí,Polanco,235
2024-02-14,María Pérez,Paquete,Cadillac,Cadillac,24,No,Condesa,8232
2024-02-14,Fernanda Torres,Paquete,Reformer,Reformer,12,No,Polanco,4504
2024-02-14,Daniela Pérez,Paquete,Cadillac,Cadillac,8,No,Polanco,3015
2024-02-14,Daniela Sánchez,Paquete,Reformer,Reformer,12,No,Roma,4263
2024-02-15,Daniela Torres,Paquete,Reformer,Reformer,8,No,Condesa,3091
2024-02-15,Andrea Gutiérrez,Paquete,Reformer,Reformer,8,No,Roma,3023
2024-02-15,Carolina Ramírez,Paquete,Reformer,Reformer,8,No,Roma,3131
2024-02-15,Fernanda Reyes,Fitpass,Mat Pilates,Ninguno,0,Sí,Condesa,223
2024-02-15,Javier Sánchez,Paquete,Chair,Chair,24,No,Condesa,8869
2024-02-15,Carolina López,Paquete,Mat Pilates,Ninguno,8,No,Roma,3145
2024-02-15,Rodrigo Pérez,Paquete,Reformer,Reformer,12,No,Roma,4335
2024-02-15,Lucía Ramírez,Fitpass,Reformer,Reformer,0,Sí,Polanco,185
2024-02-15,Fernando Vázquez,Fitpass,Reformer,Reformer,0,Sí,Condesa,197
2024-02-15,Gabriela García,Paquete,Mat Pilates,Ninguno,8,No,Roma,3129
2024-02-15,Claudia Cruz,Paquete,Cadillac,Cadillac,24,No,Roma,8724
2024-02-16,Laura Flores,Clase Individual,Chair,Chair,0,No,Roma,510
2024-02-16,Natalia Mendoza,Clase Individual,Reformer,Reformer,0,No,Condesa,520
2024-02-16,Paula Vázquez,Fitpass,Reformer,Reformer,0,Sí,Roma,233
2024-02-16,Santiago Gutiérrez,Paquete,Cadillac,Cadillac,8,No,Roma,2937
2024-02-16,María Jiménez,Clase Individual,Mat Pilates,Ninguno,0,No,Polanco,449
2024-02-16,María Jiménez,Paquete,Reformer,Reformer,12,No,Roma,4354
2024-02-16,Diego Hernández,Fitpass,Cadillac,Cadillac,0,Sí,Roma,191
2024-02-16,Andrea Gutiérrez,Fitpass,Cadillac,Cadillac,0,Sí,Polanco,229
2024-02-16,Claudia Torres,Fitpass,Mat Pilates,Ninguno,0,Sí,Polanco,185
2024-02-16,Fernanda Morales,Clase Individual,Chair,Chair,0,No,Condesa,476
2024-02-16,Mariana Flores,Paquete,Chair,Chair,12,No,Condesa,4153
2024-02-16,Daniela Martínez,Paquete,Cadillac,Cadillac,12,No,Condesa,4124
2024-02-16,Renata Gutiérrez,Paquete,Reformer,Reformer,12,No,Condesa,4540
2024-02-16,Santiago Martínez,Fitpass,Mat Pilates,Ninguno,0,Sí,Roma,211
2024-02-16,Claudia Mendoza,Fitpass,Reformer,Reformer,0,Sí,Condesa,238
2024-02-16,Gabriela Mendoza,Fitpass,Reformer,Reformer,0,Sí,Condesa,195
2024-02-16,Gabriela Reyes,Clase Individual,Mat Pilates,Ninguno,0,No,Polanco,407
2024-02-16,Alejandro Mendoza,Fitpass,Reformer,Reformer,0,Sí,Condesa,215
2024-02-17,Valeria González,Paquete,Cadillac,Cadillac,24,No,Roma,8140
2024-02-17,Natalia Reyes,Paquete,Cadillac,Cadillac,8,No,Condesa,3102
2024-02-17,Valeria Hernández,Paquete,Reformer,Reformer,12,No,Polanco,4136
2024-02-17,Santiago Rodríguez,Fitpass,Reformer,Reformer,0,Sí,Condesa,195
2024-02-17,Ana Vázquez,Fitpass,Reformer,Reformer,0,Sí,Polanco,231
2024-02-17,Fernanda Vázquez,Paquete,Mat Pilates,Ninguno,8,No,Polanco,3117
2024-02-17,Mariana Flores,Fitpass,Reformer,Reformer,0,Sí,Polanco,228
2024-02-17,Regina Vázquez,Paquete,Cadillac,Cadillac,8,No,Condesa,2912
2024-02-17,Santiago Díaz,Paquete,Chair,Chair,12,No,Condesa,4506
2024-02-17,Claudia Vázquez,Paquete,Cadillac,Cadillac,12,No,Condesa,4324
2024-02-18,Carolina Reyes,Paquete,Mat Pilates,Ninguno,12,No,Roma,4263
2024-02-18,Sofía Pérez,Paquete,Reformer,Reformer,8,No,Polanco,3258
2024-02-18,Alejandro López,Fitpass,Reformer,Reformer,0,Sí,Roma,230
2024-02-18,Paula Díaz,Fitpass,Mat Pilates,Ninguno,0,Sí,Condesa,194
2024-02-18,Diego Sánchez,Paquete,Chair,Chair,8,No,Condesa,3029
2024-02-18,Fernanda Torres,Fitpass,Chair,Chair,0,Sí,Polanco,216
2024-02-18,Fernando Gutiérrez,Fitpass,Cadillac,Cadillac,0,Sí,Roma,190
2024-02-18,Sofía Mendoza,Fitpass,Reformer,Reformer,0,Sí,Condesa,220
2024-02-18,Victoria Díaz,Paquete,Reformer,Reformer,8,No,Condesa,3230
2024-02-18,Rodrigo Morales,Fitpass,Chair,Chair,0,Sí,Polanco,189
2024-02-18,Mateo Pérez,Paquete,Chair,Chair,12,No,Condesa,4562
2024-02-18,Victoria Torres,Clase Individual,Chair,Chair,0,No,Condesa,428
2024-02-19,Mateo Hernández,Paquete,Mat Pilates,Ninguno,12,No,Roma,4208
2024-02-19,Camila Mendoza,Clase Individual,Chair,Chair,0,No,Polanco,482
2024-02-19,Rodrigo Morales,Paquete,Chair,Chair,8,No,Roma,2928
2024-02-19,Valeria Hernández,Paquete,Reformer,Reformer,12,No,Polanco,4319
2024-02-19,Alejandro López,Paquete,Reformer,Reformer,12,No,Roma,4426
2024-02-19,Carolina Díaz,Paquete,Mat Pilates,Ninguno,8,No,Roma,3085
2024-02-19,Fernando Flores,Fitpass,Chair,Chair,0,Sí,Condesa,228
2024-02-19,Paula Mendoza,Paquete,Cadillac,Cadillac,12,No,Condesa,4571
2024-02-19,Luis Vázquez,Fitpass,Chair,Chair,0,Sí,Condesa,181
2024-02-19,Laura Flores,Paquete,Reformer,Reformer,12,No,Condesa,4358
2024-02-19,Diego Gutiérrez,Paquete,Reformer,Reformer,12,No,Polanco,4602
2024-02-19,Luis Pérez,Paquete,Cadillac,Cadillac,8,No,Roma,2977
2024-02-19,Camila Vázquez,Paquete,Mat Pilates,Ninguno,8,No,Condesa,3143
2024-02-20,Ana García,Paquete,Mat Pilates,Ninguno,8,No,Polanco,3171
2024-02-20,María Reyes,Fitpass,Chair,Chair,0,Sí,Polanco,215
2024-02-20,Fernanda Reyes,Clase Individual,Reformer,Reformer,0,No,Condesa,505
2024-02-20,Fernanda Jiménez,Clase Individual,Reformer,Reformer,0,No,Polanco,505
2024-02-20,Luis Morales,Clase Individual,Reformer,Reformer,0,No,Roma,453
2024-02-20,Claudia Gutiérrez,Clase Individual,Reformer,Reformer,0,No,Polanco,459
2024-02-20,Santiago Sánchez,Clase Individual,Reformer,Reformer,0,No,Roma,505
2024-02-20,Camila Reyes,Paquete,Chair,Chair,24,No,Polanco,8550
2024-02-21,Victoria Mendoza,Fitpass,Reformer,Reformer,0,Sí,Roma,213
2024-02-21,Rodrigo Gómez,Paquete,Reformer,Reformer,24,No,Condesa,8169
2024-02-21,Luis Mendoza,Paquete,Reformer,Reformer,24,No,Roma,8339
2024-02-21,Alejandro Díaz,Paquete,Reformer,Reformer,8,No,Roma,3036
2024-02-21,Laura Flores,Paquete,Reformer,Reformer,8,No,Polanco,3028
2024-02-21,Lucía Torres,Fitpass,Reformer,Reformer,0,Sí,Condesa,222
2024-02-21,Valeria Mendoza,Fitpass,Reformer,Reformer,0,Sí,Condesa,212
2024-02-21,Andrea Cruz,Paquete,Cadillac,Cadillac,8,No,Polanco,3122
2024-02-21,Alejandro Díaz,Paquete,Chair,Chair,8,No,Condesa,2915
2024-02-21,Claudia Mendoza,Fitpass,Mat Pilates,Ninguno,0,Sí,Roma,228
2024-02-21,Carolina Hernández,Paquete,Chair,Chair,12,No,Roma,4223
2024-02-22,Luis Vázquez,Paquete,Mat Pilates,Ninguno,8,No,Condesa,3245
2024-02-22,Carlos Mendoza,Fitpass,Reformer,Reformer,0,Sí,Condesa,201
2024-02-22,Laura Hernández,Paquete,Reformer,Reformer,12,No,Roma,4489
2024-02-22,Andrea Morales,Paquete,Chair,Chair,8,No,Roma,2943
2024-02-22,Santiago Gutiérrez,Paquete,Cadillac,Cadillac,12,No,Roma,4309
2024-02-22,Lucía Ramírez,Paquete,Reformer,Reformer,12,No,Condesa,4218
2024-02-22,Camila Sánchez,Fitpass,Chair,Chair,0,Sí,Condesa,212
2024-02-22,Fernando Pérez,Fitpass,Mat Pilates,Ninguno,0,Sí,Condesa,207
2024-02-22,Gabriela Gutiérrez,Fitpass,Chair,Chair,0,Sí,Polanco,215
2024-02-22,Camila Vázquez,Clase Individual,Cadillac,Cadillac,0,No,Polanco,427
2024-02-22,Mateo Morales,Paquete,Mat Pilates,Ninguno,8,No,Roma,2996
2024-02-23,Alejandro Gómez,Paquete,Chair,Chair,12,No,Condesa,4393
2024-02-23,Regina Vázquez,Paquete,Reformer,Reformer,12,No,Condesa,4355
2024-02-23,Ana Gómez,Paquete,Reformer,Reformer,8,No,Roma,3088
2024-02-23,Natalia Gutiérrez,Fitpass,Reformer,Reformer,0,Sí,Roma,239
2024-02-23,Rodrigo González,Fitpass,Mat Pilates,Ninguno,0,Sí,Roma,222
2024-02-23,Andrea Jiménez,Fitpass,Cadillac,Cadillac,0,Sí,Polanco,184
2024-02-23,Ana Mendoza,Paquete,Mat Pilates,Ninguno,12,No,Roma,4167
2024-02-23,Lucía López,Clase Individual,Cadillac,Cadillac,0,No,Condesa,402
2024-02-23,Santiago Reyes,Fitpass,Reformer,Reformer,0,Sí,Polanco,185
2024-02-23,Daniela Rodríguez,Fitpass,Chair,Chair,0,Sí,Polanco,231
2024-02-23,Rodrigo Gutiérrez,Paquete,Mat Pilates,Ninguno,12,No,Polanco,4616
2024-02-23,Regina Cruz,Fitpass,Mat Pilates,Ninguno,0,Sí,Polanco,190
2024-02-23,Regina Mendoza,Fitpass,Reformer,Reformer,0,Sí,Condesa,229
2024-02-24,Lucía Torres,Fitpass,Reformer,Reformer,0,Sí,Polanco,228
2024-02-24,Claudia Rodríguez,Paquete,Reformer,Reformer,8,No,Roma,2931
2024-02-24,Natalia Pérez,Fitpass,Chair,Chair,0,Sí,Condesa,205
2024-02-24,Ximena Sánchez,Paquete,Reformer,Reformer,8,No,Roma,3237
2024-02-24,Andrea López,Clase Individual,Chair,Chair,0,No,Condesa,479
2024-02-24,Carlos Díaz,Paquete,Reformer,Reformer,12,No,Roma,4449
2024-02-24,Carlos Mendoza,Paquete,Mat Pilates,Ninguno,12,No,Condesa,4199
2024-02-24,Natalia Vázquez,Paquete,Cadillac,Cadillac,8,No,Condesa,3154
2024-02-24,Mariana Ramírez,Clase Individual,Reformer,Reformer,0,No,Condesa,510
2024-02-24,Valeria Sánchez,Paquete,Cadillac,Cadillac,12,No,Condesa,4442
2024-02-24,Sofía Gutiérrez,Paquete,Chair,Chair,8,No,Roma,3124
2024-02-24,Victoria Martínez,Paquete,Reformer,Reformer,24,No,Condesa,8398
2024-02-25,Santiago Mendoza,Fitpass,Reformer,Reformer,0,Sí,Condesa,222
2024-02-25,Andrea Sánchez,Clase Individual,Reformer,Reformer,0,No,Polanco,451
2024-02-25,Mateo Vázquez,Paquete,Cadillac,Cadillac,8,No,Condesa,3041
2024-02-25,María Cruz,Paquete,Mat Pilates,Ninguno,12,No,Condesa,4240
2024-02-25,Sofía García,Paquete,Reformer,Reformer,8,No,Polanco,3016
2024-02-25,Alejandro Mendoza,Paquete,Reformer,Reformer,24,No,Polanco,8209
2024-02-25,Miguel Cruz,Fitpass,Chair,Chair,0,Sí,Condesa,193
2024-02-25,Regina Sánchez,Paquete,Reformer,Reformer,24,No,Polanco,8355
2024-02-25,Claudia Ramírez,Paquete,Chair,Chair,8,No,Condesa,2904
2024-02-26,Fernando Gutiérrez,Fitpass,Mat Pilates,Ninguno,0,Sí,Roma,205
2024-02-26,Camila González,Clase Individual,Reformer,Reformer,0,No,Roma,506
2024-02-26,Daniela Gómez,Clase Individual,Reformer,Reformer,0,No,Polanco,399
2024-02-26,Claudia Reyes,Fitpass,Cadillac,Cadillac,0,Sí,Polanco,238
2024-02-26,Fernanda Rodríguez,Clase Individual,Reformer,Reformer,0,No,Roma,501
2024-02-26,Daniela Rodríguez,Fitpass,Reformer,Reformer,0,Sí,Polanco,232
2024-02-26,Laura Ramírez,Paquete,Reformer,Reformer,8,No,Roma,3106
2024-02-26,Diego Sánchez,Paquete,Reformer,Reformer,8,No,Condesa,3295
2024-02-27,Mariana Cruz,Fitpass,Mat Pilates,Ninguno,0,Sí,Roma,216
2024-02-27,Alejandro López,Fitpass,Chair,Chair,0,Sí,Condesa,228
2024-02-27,Santiago Morales,Paquete,Cadillac,Cadillac,24,No,Roma,8092
2024-02-27,Ana Gutiérrez,Fitpass,Reformer,Reformer,0,Sí,Roma,232
2024-02-27,Daniela Martínez,Paquete,Mat Pilates,Ninguno,12,No,Condesa,4362
2024-02-27,Sofía Martínez,Fitpass,Reformer,Reformer,0,Sí,Polanco,203
2024-02-27,Mateo Flores,Clase Individual,Reformer,Reformer,0,No,Condesa,504
2024-02-27,Sofía Sánchez,Fitpass,Reformer,Reformer,0,Sí,Polanco,187
2024-02-27,Lucía Jiménez,Paquete,Chair,Chair,8,No,Roma,3153
2024-02-28,María Reyes,Paquete,Chair,Chair,12,No,Condesa,4111
2024-02-28,Valeria Gómez,Paquete,Cadillac,Cadillac,8,No,Roma,2979
2024-02-28,Carlos García,Clase Individual,Reformer,Reformer,0,No,Polanco,397
2024-02-28,Santiago Martínez,Clase Individual,Mat Pilates,Ninguno,0,No,Roma,412
2024-02-28,Rodrigo Reyes,Clase Individual,Reformer,Reformer,0,No,Roma,384
2024-02-28,Andrea Díaz,Paquete,Reformer,Reformer,8,No,Polanco,3005
2024-02-28,Paula Mendoza,Clase Individual,Reformer,Reformer,0,No,Roma,467
2024-02-28,Carlos López,Fitpass,Chair,Chair,0,Sí,Roma,193
2024-02-28,Andrea Pérez,Fitpass,Reformer,Reformer,0,Sí,Roma,238
2024-02-29,Luis Vázquez,Paquete,Reformer,Reformer,12,No,Roma,4686
2024-02-29,Ana Flores,Paquete,Chair,Chair,24,No,Polanco,8673
2024-02-29,Gabriela Ramírez,Paquete,Reformer,Reformer,24,No,Polanco,8179
2024-02-29,Victoria Hernández,Paquete,Reformer,Reformer,8,No,Condesa,3184
2024-02-29,Santiago Sánchez,Paquete,Reformer,Reformer,8,No,Roma,3084
2024-02-29,Mariana Mendoza,Paquete,Reformer,Reformer,24,No,Condesa,8869
2024-02-29,Ximena Ramírez,Fitpass,Cadillac,Cadillac,0,Sí,Roma,189
2024-02-29,Regina Vázquez,Paquete,Mat Pilates,Ninguno,8,No,Polanco,3268
2024-02-29,Santiago Rodríguez,Paquete,Chair,Chair,8,No,Roma,2961
2024-02-29,Regina Rodríguez,Fitpass,Cadillac,Cadillac,0,Sí,Roma,231
2024-02-29,Andrea Cruz,Paquete,Cadillac,Cadillac,8,No,Roma,3294
2024-02-29,Victoria Hernández,Clase Individual,Cadillac,Cadillac,0,No,Condesa,408
2024-02-29,Miguel Flores,Clase Individual,Chair,Chair,0,No,Condesa,421
2024-02-29,Alejandro Vázquez,Clase Individual,Reformer,Reformer,0,No,Condesa,412
2024-03-01,Daniela Reyes,Paquete,Reformer,Reformer,24,No,Roma,8021
2024-03-01,Daniela Sánchez,Fitpass,Cadillac,Cadillac,0,Sí,Roma,201
2024-03-01,Renata Gómez,Clase Individual,Mat Pilates,Ninguno,0,No,Condesa,389
2024-03-01,Laura Hernández,Fitpass,Reformer,Reformer,0,Sí,Condesa,208
2024-03-01,Lucía Gómez,Fitpass,Reformer,Reformer,0,Sí,Condesa,231
2024-03-01,Luis López,Paquete,Reformer,Reformer,8,No,Condesa,3275
2024-03-01,Fernando Gómez,Fitpass,Reformer,Reformer,0,Sí,Condesa,204
2024-03-01,María Rodríguez,Fitpass,Reformer,Reformer,0,Sí,Polanco,213
2024-03-01,Santiago López,Paquete,Mat Pilates,Ninguno,12,No,Condesa,4187
2024-03-01,Carlos Rodríguez,Fitpass,Chair,Chair,0,Sí,Condesa,191
2024-03-01,Diego López,Fitpass,Reformer,Reformer,0,Sí,Roma,219
2024-03-01,Claudia Cruz,Paquete,Chair,Chair,8,No,Roma,2961
2024-03-01,Luis Jiménez,Paquete,Mat Pilates,Ninguno,12,No,Roma,4435
2024-03-02,Luis Mendoza,Paquete,Cadillac,Cadillac,8,No,Polanco,3115
2024-03-02,Diego Gutiérrez,Paquete,Mat Pilates,Ninguno,8,No,Roma,3270
2024-03-02,Claudia Gutiérrez,Clase Individual,Cadillac,Cadillac,0,No,Condesa,413
2024-03-02,Regina Díaz,Paquete,Reformer,Reformer,8,No,Roma,2969
2024-03-02,Santiago Vázquez,Fitpass,Reformer,Reformer,0,Sí,Condesa,210
2024-03-02,Carlos Rodríguez,Paquete,Reformer,Reformer,24,No,Roma,8646
2024-03-02,Lucía Vázquez,Fitpass,Mat Pilates,Ninguno,0,Sí,Roma,198
2024-03-02,Claudia Torres,Clase Individual,Chair,Chair,0,No,Polanco,498
2024-03-02,Carolina Mendoza,Fitpass,Mat Pilates,Ninguno,0,Sí,Condesa,233
2024-03-02,Regina Hernández,Clase Individual,Reformer,Reformer,0,No,Roma,390
2024-03-02,Mariana Pérez,Paquete,Reformer,Reformer,8,No,Roma,3240
2024-03-02,Daniela Ramírez,Paquete,Mat Pilates,Ninguno,8,No,Condesa,2975
2024-03-02,Diego Martínez,Paquete,Chair,Chair,8,No,Condesa,3040
2024-03-02,Miguel Flores,Clase Individual,Reformer,Reformer,0,No,Condesa,381
2024-03-02,Diego Jiménez,Fitpass,Mat Pilates,Ninguno,0,Sí,Roma,180
2024-03-02,Javier Rodríguez,Clase Individual,Reformer,Reformer,0,No,Roma,487
2024-03-02,Fernanda Torres,Paquete,Reformer,Reformer,8,No,Condesa,3042
2024-03-02,Laura Vázquez,Paquete,Cadillac,Cadillac,12,No,Roma,4240
2024-03-03,Carlos Torres,Clase Individual,Reformer,Reformer,0,No,Polanco,382
2024-03-03,Lucía Pérez,Paquete,Chair,Chair,24,No,Roma,7922
2024-03-03,Fernando Morales,Fitpass,Reformer,Reformer,0,Sí,Roma,207
2024-03-03,Carolina Hernández,Paquete,Reformer,Reformer,8,No,Condesa,3030
2024-03-03,Rodrigo García,Paquete,Mat Pilates,Ninguno,12,No,Polanco,4194
2024-03-03,Carolina Rodríguez,Paquete,Reformer,Reformer,24,No,Roma,8363
2024-03-03,Paula Gómez,Paquete,Reformer,Reformer,24,No,Roma,8897
2024-03-03,Javier Díaz,Paquete,Reformer,Reformer,12,No,Roma,4461
2024-03-03,Victoria Pérez,Fitpass,Reformer,Reformer,0,Sí,Condesa,205
2024-03-03,Rodrigo Díaz,Clase Individual,Reformer,Reformer,0,No,Condesa,425
2024-03-03,Ximena Hernández,Paquete,Reformer,Reformer,8,No,Roma,3231
2024-03-03,Claudia Vázquez,Fitpass,Reformer,Reformer,0,Sí,Roma,227
2024-03-03,Miguel López,Paquete,Mat Pilates,Ninguno,8,No,Condesa,3180
2024-03-03,Victoria Sánchez,Fitpass,Cadillac,Cadillac,0,Sí,Polanco,232
2024-03-03,Diego Díaz,Clase Individual,Chair,Chair,0,No,Polanco,459
2024-03-03,Santiago Reyes,Paquete,Mat Pilates,Ninguno,8,No,Condesa,2901
2024-03-03,Mateo Martínez,Clase Individual,Chair,Chair,0,No,Roma,503
2024-03-04,Valeria Díaz,Fitpass,Reformer,Reformer,0,Sí,Condesa,239
2024-03-04,Paula Reyes,Paquete,Reformer,Reformer,12,No,Condesa,4390
2024-03-04,Lucía Reyes,Fitpass,Reformer,Reformer,0,Sí,Roma,194
2024-03-04,Diego Gómez,Clase Individual,Cadillac,Cadillac,0,No,Polanco,398
2024-03-04,Andrea López,Paquete,Mat Pilates,Ninguno,8,No,Polanco,3215
2024-03-04,Camila Ramírez,Fitpass,Reformer,Reformer,0,Sí,Polanco,188
2024-03-04,Fernando Mendoza,Fitpass,Reformer,Reformer,0,Sí,Polanco,210
2024-03-04,Alejandro Flores,Paquete,Mat Pilates,Ninguno,24,No,Roma,8116
2024-03-05,Valeria Vázquez,Fitpass,Cadillac,Cadillac,0,Sí,Polanco,207
2024-03-05,Rodrigo González,Fitpass,Reformer,Reformer,0,Sí,Roma,192
2024-03-05,Regina Martínez,Fitpass,Mat Pilates,Ninguno,0,Sí,Roma,237
2024-03-05,Mateo López,Fitpass,Reformer,Reformer,0,Sí,Condesa,230
2024-03-05,Fernanda González,Clase Individual,Reformer,Reformer,0,No,Roma,400
2024-03-05,Luis García,Paquete,Reformer,Reformer,8,No,Condesa,3102
2024-03-05,Ximena Gutiérrez,Clase Individual,Reformer,Reformer,0,No,Roma,443
2024-03-05,Carolina Gómez,Clase Individual,Chair,Chair,0,No,Condesa,491
2024-03-05,Claudia Gutiérrez,Fitpass,Cadillac,Cadillac,0,Sí,Roma,224
2024-03-05,Regina García,Clase Individual,Reformer,Reformer,0,No,Roma,513
2024-03-05,Miguel Mendoza,Fitpass,Reformer,Reformer,0,Sí,Polanco,203
2024-03-05,Renata Gómez,Fitpass,Reformer,Reformer,0,Sí,Roma,234
2024-03-05,Fernanda González,Clase Individual,Reformer,Reformer,0,No,Polanco,476
2024-03-05,Fernanda Hernández,Clase Individual,Reformer,Reformer,0,No,Condesa,425
2024-03-05,Sofía Gómez,Paquete,Reformer,Reformer,8,No,Condesa,2963
2024-03-05,Mariana Torres,Paquete,Reformer,Reformer,8,No,Condesa,3000
2024-03-05,Ana González,Clase Individual,Reformer,Reformer,0,No,Roma,398
2024-03-06,Carlos López,Paquete,Mat Pilates,Ninguno,12,No,Polanco,4249
2024-03-06,Claudia Reyes,Paquete,Reformer,Reformer,8,No,Condesa,3269
2024-03-06,Javier García,Clase Individual,Reformer,Reformer,0,No,Roma,453
2024-03-06,Camila Vázquez,Fitpass,Chair,Chair,0,Sí,Roma,226
2024-03-06,Regina Pérez,Paquete,Reformer,Reformer,8,No,Polanco,2984
2024-03-06,Ana López,Paquete,Reformer,Reformer,8,No,Condesa,2907
2024-03-06,Gabriela Gómez,Paquete,Cadillac,Cadillac,8,No,Condesa,3249
2024-03-06,Sofía Mendoza,Fitpass,Cadillac,Cadillac,0,Sí,Condesa,213
2024-03-06,Carlos Pérez,Fitpass,Chair,Chair,0,Sí,Condesa,231
2024-03-06,Ana Ramírez,Fitpass,Reformer,Reformer,0,Sí,Roma,222
2024-03-06,Santiago Morales,Fitpass,Reformer,Reformer,0,Sí,Condesa,208
2024-03-06,Andrea Vázquez,Fitpass,Reformer,Reformer,0,Sí,Condesa,186
2024-03-06,Ana García,Fitpass,Cadillac,Cadillac,0,Sí,Roma,231
2024-03-06,Javier Gómez,Fitpass,Reformer,Reformer,0,Sí,Roma,193
2024-03-06,Sofía Flores,Paquete,Reformer,Reformer,24,No,Polanco,8753
2024-03-06,Lucía Ramírez,Paquete,Reformer,Reformer,12,No,Condesa,4682
2024-03-06,Mariana Rodríguez,Paquete,Reformer,Reformer,8,No,Condesa,3179
2024-03-07,Natalia Vázquez,Clase Individual,Reformer,Reformer,0,No,Polanco,383
2024-03-07,Renata Mendoza,Clase Individual,Reformer,Reformer,0,No,Roma,445
2024-03-07,Gabriela Díaz,Clase Individual,Chair,Chair,0,No,Polanco,453
2024-03-07,Claudia Jiménez,Clase Individual,Mat Pilates,Ninguno,0,No,Polanco,509
2024-03-07,Luis Cruz,Clase Individual,Cadillac,Cadillac,0,No,Condesa,393
2024-03-07,Fernando Pérez,Paquete,Mat Pilates,Ninguno,8,No,Condesa,2982
2024-03-07,Santiago Ramírez,Paquete,Mat Pilates,Ninguno,12,No,Roma,4297
2024-03-07,Claudia Hernández,Fitpass,Cadillac,Cadillac,0,Sí,Condesa,183
2024-03-07,Valeria Martínez,Clase Individual,Mat Pilates,Ninguno,0,No,Roma,388
2024-03-07,Ximena Flores,Clase Individual,Reformer,Reformer,0,No,Condesa,503
2024-03-07,Diego Díaz,Clase Individual,Reformer,Reformer,0,No,Polanco,400
2024-03-07,Renata Gutiérrez,Paquete,Reformer,Reformer,8,No,Roma,3289
2024-03-07,Ana Martínez,Paquete,Cadillac,Cadillac,12,No,Roma,4547
2024-03-07,Miguel Pérez,Clase Individual,Reformer,Reformer,0,No,Polanco,491
2024-03-08,Santiago Gutiérrez,Paquete,Cadillac,Cadillac,24,No,Roma,8880
2024-03-08,Paula Flores,Paquete,Reformer,Reformer,24,No,Condesa,8069
2024-03-08,Claudia Martínez,Paquete,Cadillac,Cadillac,12,No,Condesa,4309
2024-03-08,Mariana Torres,Clase Individual,Chair,Chair,0,No,Condesa,438
2024-03-08,Camila Hernández,Paquete,Reformer,Reformer,8,No,Roma,2908
2024-03-08,Sofía Mendoza,Paquete,Chair,Chair,8,No,Roma,2951
2024-03-08,Regina Gómez,Paquete,Chair,Chair,12,No,Roma,4117
2024-03-08,Fernanda Torres,Clase Individual,Cadillac,Cadillac,0,No,Polanco,383
2024-03-08,Mateo Cruz,Paquete,Chair,Chair,12,No,Roma,4372
2024-03-08,Santiago Díaz,Fitpass,Reformer,Reformer,0,Sí,Polanco,231
2024-03-08,Mateo Díaz,Paquete,Mat Pilates,Ninguno,8,No,Roma,3184
2024-03-08,Fernanda López,Fitpass,Mat Pilates,Ninguno,0,Sí,Roma,195
2024-03-08,Carolina González,Paquete,Cadillac,Cadillac,24,No,Roma,8276
2024-03-08,Mariana Morales,Paquete,Mat Pilates,Ninguno,12,No,Condesa,4575
2024-03-08,Renata Reyes,Clase Individual,Reformer,Reformer,0,No,Roma,393
2024-03-08,Valeria Mendoza,Fitpass,Reformer,Reformer,0,Sí,Polanco,217
2024-03-08,Fernando Cruz,Fitpass,Reformer,Reformer,0,Sí,Condesa,239
2024-03-08,Gabriela Sánchez,Paquete,Mat Pilates,Ninguno,8,No,Condesa,3286
2024-03-08,Rodrigo Morales,Fitpass,Mat Pilates,Ninguno,0,Sí,Condesa,232
2024-03-08,Santiago Jiménez,Paquete,Reformer,Reformer,24,No,Roma,8484
2024-03-09,Luis Díaz,Paquete,Cadillac,Cadillac,8,No,Roma,3017
2024-03-09,Valeria Morales,Fitpass,Reformer,Reformer,0,Sí,Polanco,186
2024-03-09,Carlos Reyes,Paquete,Reformer,Reformer,12,No,Roma,4674
2024-03-09,Diego Hernández,Clase Individual,Mat Pilates,Ninguno,0,No,Condesa,436
2024-03-09,Regina López,Fitpass,Cadillac,Cadillac,0,Sí,Roma,213
2024-03-09,Mateo Gómez,Fitpass,Chair,Chair,0,Sí,Polanco,184
2024-03-09,Paula Rodríguez,Paquete,Reformer,Reformer,12,No,Polanco,4560
2024-03-09,Victoria Mendoza,Paquete,Reformer,Reformer,12,No,Condesa,4627
2024-03-09,Regina Cruz,Fitpass,Mat Pilates,Ninguno,0,Sí,Polanco,226
2024-03-09,Daniela Ramírez,Clase Individual,Reformer,Reformer,0,No,Condesa,482
2024-03-09,Natalia Ramírez,Paquete,Reformer,Reformer,24,No,Condesa,7976
2024-03-09,Mariana Ramírez,Fitpass,Cadillac,Cadillac,0,Sí,Condesa,191
2024-03-09,Javier Torres,Fitpass,Reformer,Reformer,0,Sí,Condesa,213
2024-03-10,Paula Rodríguez,Fitpass,Reformer,Reformer,0,Sí,Roma,192
2024-03-10,Ana Morales,Fitpass,Reformer,Reformer,0,Sí,Condesa,211
2024-03-10,Mariana Ramírez,Paquete,Cadillac,Cadillac,8,No,Polanco,3052
2024-03-10,Daniela Hernández,Fitpass,Cadillac,Cadillac,0,Sí,Roma,210
2024-03-10,Natalia Pérez,Clase Individual,Chair,Chair,0,No,Polanco,403
2024-03-10,Camila Flores,Paquete,Reformer,Reformer,8,No,Roma,2978
2024-03-10,Fernando Gutiérrez,Clase Individual,Cadillac,Cadillac,0,No,Roma,499
2024-03-10,Fernando Gutiérrez,Clase Individual,Mat Pilates,Ninguno,0,No,Roma,504
2024-03-10,Javier Morales,Clase Individual,Chair,Chair,0,No,Polanco,440
2024-03-10,Fernando Pérez,Paquete,Mat Pilates,Ninguno,12,No,Condesa,4170
2024-03-10,Camila Ramírez,Fitpass,Reformer,Reformer,0,Sí,Condesa,207
2024-03-10,Paula Cruz,Fitpass,Reformer,Reformer,0,Sí,Roma,234
2024-03-10,Carolina Díaz,Fitpass,Reformer,Reformer,0,Sí,Condesa,200
2024-03-11,Andrea Torres,Fitpass,Cadillac,Cadillac,0,Sí,Polanco,233
2024-03-11,Laura González,Fitpass,Chair,Chair,0,Sí,Polanco,232
2024-03-11,Rodrigo López,Fitpass,Reformer,Reformer,0,Sí,Roma,195
2024-03-11,Mariana Ramírez,Fitpass,Reformer,Reformer,0,Sí,Condesa,192
2024-03-11,Andrea Sánchez,Fitpass,Reformer,Reformer,0,Sí,Roma,237
2024-03-11,Natalia Díaz,Fitpass,Reformer,Reformer,0,Sí,Condesa,228
2024-03-11,Ana García,Fitpass,Reformer,Reformer,0,Sí,Polanco,233
2024-03-11,Fernanda Vázquez,Clase Individual,Mat Pilates,Ninguno,0,No,Polanco,449
2024-03-11,Camila Pérez,Fitpass,Reformer,Reformer,0,Sí,Roma,220
2024-03-11,Fernando Reyes,Clase Individual,Reformer,Reformer,0,No,Polanco,508
2024-03-11,Fernando García,Fitpass,Reformer,Reformer,0,Sí,Roma,212
2024-03-11,Valeria Vázquez,Fitpass,Reformer,Reformer,0,Sí,Polanco,231
2024-03-12,Laura García,Fitpass,Mat Pilates,Ninguno,0,Sí,Roma,238
2024-03-12,Carlos Rodríguez,Paquete,Reformer,Reformer,8,No,Roma,2920
2024-03-12,Lucía Flores,Clase Individual,Chair,Chair,0,No,Roma,465
2024-03-12,María Rodríguez,Fitpass,Reformer,Reformer,0,Sí,Condesa,221
2024-03-12,Renata Torres,Paquete,Mat Pilates,Ninguno,8,No,Condesa,3258
2024-03-12,Rodrigo Mendoza,Fitpass,Reformer,Reformer,0,Sí,Condesa,201
2024-03-12,Alejandro Vázquez,Clase Individual,Cadillac,Cadillac,0,No,Roma,447
2024-03-13,Luis González,Clase Individual,Cadillac,Cadillac,0,No,Roma,444
2024-03-13,Daniela Torres,Fitpass,Cadillac,Cadillac,0,Sí,Condesa,197
2024-03-13,Luis González,Fitpass,Reformer,Reformer,0,Sí,Polanco,217
2024-03-13,Carolina Mendoza,Paquete,Reformer,Reformer,8,No,Condesa,3041
2024-03-13,Mateo Sánchez,Paquete,Chair,Chair,12,No,Condesa,4406
2024-03-13,Regina Ramírez,Clase Individual,Mat Pilates,Ninguno,0,No,Roma,438
2024-03-13,Santiago Gómez,Paquete,Reformer,Reformer,8,No,Roma,3190
2024-03-13,Paula Gómez,Fitpass,Chair,Chair,0,Sí,Roma,204
2024-03-13,Fernanda Hernández,Paquete,Reformer,Reformer,8,No,Polanco,3053
2024-03-14,Carolina García,Fitpass,Chair,Chair,0,Sí,Roma,208
2024-03-14,Camila Ramírez,Paquete,Reformer,Reformer,12,No,Polanco,4315
2024-03-14,Santiago Rodríguez,Paquete,Chair,Chair,12,No,Polanco,4255
2024-03-14,Ana García,Paquete,Reformer,Reformer,8,No,Condesa,3242
2024-03-14,Luis Mendoza,Clase Individual,Reformer,Reformer,0,No,Roma,397
2024-03-14,Mariana Rodríguez,Fitpass,Chair,Chair,0,Sí,Condesa,188
2024-03-14,Ximena Jiménez,Paquete,Reformer,Reformer,12,No,Condesa,4512
2024-03-14,Carolina Gómez,Clase Individual,Reformer,Reformer,0,No,Roma,407
2024-03-14,Ximena Gutiérrez,Fitpass,Chair,Chair,0,Sí,Roma,189
2024-03-14,Fernando Hernández,Clase Individual,Mat Pilates,Ninguno,0,No,Polanco,395
2024-03-14,Lucía Jiménez,Fitpass,Mat Pilates,Ninguno,0,Sí,Roma,207
2024-03-14,Alejandro Gómez,Fitpass,Mat Pilates,Ninguno,0,Sí,Roma,195
2024-03-14,Fernanda García,Paquete,Reformer,Reformer,12,No,Condesa,4469
2024-03-14,Carolina Díaz,Paquete,Reformer,Reformer,8,No,Condesa,2920
2024-03-15,Gabriela Díaz,Fitpass,Reformer,Reformer,0,Sí,Roma,227
2024-03-15,Ximena Gutiérrez,Fitpass,Cadillac,Cadillac,0,Sí,Condesa,236
2024-03-15,Laura Mendoza,Fitpass,Reformer,Reformer,0,Sí,Roma,196
2024-03-15,Natalia Hernández,Paquete,Cadillac,Cadillac,8,No,Roma,3048
2024-03-15,Sofía Morales,Fitpass,Reformer,Reformer,0,Sí,Polanco,221
2024-03-15,Ximena Torres,Paquete,Cadillac,Cadillac,12,No,Roma,4462
2024-03-15,Daniela González,Fitpass,Reformer,Reformer,0,Sí,Roma,220
2024-03-15,Mateo García,Paquete,Chair,Chair,8,No,Roma,3265
2024-03-15,Mateo López,Paquete,Chair,Chair,24,No,Condesa,7927
2024-03-15,Sofía Jiménez,Clase Individual,Reformer,Reformer,0,No,Polanco,424
2024-03-15,Natalia Vázquez,Clase Individual,Reformer,Reformer,0,No,Polanco,434
2024-03-15,Carolina Mendoza,Paquete,Mat Pilates,Ninguno,8,No,Roma,3281
2024-03-15,Rodrigo Gómez,Fitpass,Cadillac,Cadillac,0,Sí,Condesa,207
2024-03-16,Laura Jiménez,Fitpass,Mat Pilates,Ninguno,0,Sí,Condesa,219
2024-03-16,Santiago Torres,Paquete,Reformer,Reformer,24,No,Polanco,8704
2024-03-16,Camila Ramírez,Fitpass,Chair,Chair,0,Sí,Roma,207
2024-03-16,Ximena González,Paquete,Chair,Chair,12,No,Polanco,4496
2024-03-16,Alejandro Rodríguez,Paquete,Reformer,Reformer,24,No,Condesa,8464
2024-03-16,Carolina Vázquez,Paquete,Chair,Chair,12,No,Condesa,4229
2024-03-16,Miguel Reyes,Paquete,Reformer,Reformer,8,No,Condesa,3123
2024-03-16,Miguel Sánchez,Clase Individual,Cadillac,Cadillac,0,No,Roma,475
2024-03-16,Claudia Rodríguez,Paquete,Cadillac,Cadillac,8,No,Roma,3181
2024-03-17,Victoria Jiménez,Paquete,Reformer,Reformer,12,No,Roma,4378
2024-03-17,Valeria Sánchez,Fitpass,Cadillac,Cadillac,0,Sí,Roma,237
2024-03-17,Claudia Rodríguez,Fitpass,Reformer,Reformer,0,Sí,Condesa,196
2024-03-17,Valeria Morales,Clase Individual,Mat Pilates,Ninguno,0,No,Condesa,389
2024-03-17,Rodrigo Gómez,Paquete,Mat Pilates,Ninguno,8,No,Condesa,2902
2024-03-17,Renata Gómez,Paquete,Reformer,Reformer,12,No,Polanco,4456
2024-03-17,Regina Ramírez,Clase Individual,Reformer,Reformer,0,No,Polanco,458
2024-03-17,María Flores,Fitpass,Reformer,Reformer,0,Sí,Polanco,218
2024-03-17,Ana Ramírez,Clase Individual,Chair,Chair,0,No,Roma,509
2024-03-17,Fernando Cruz,Fitpass,Reformer,Reformer,0,Sí,Roma,239
2024-03-17,Gabriela García,Clase Individual,Reformer,Reformer,0,No,Condesa,492
2024-03-18,Natalia Cruz,Fitpass,Chair,Chair,0,Sí,Condesa,198
2024-03-18,Fernanda Jiménez,Fitpass,Reformer,Reformer,0,Sí,Condesa,209
2024-03-18,María Hernández,Clase Individual,Reformer,Reformer,0,No,Roma,414
2024-03-18,María Mendoza,Fitpass,Reformer,Reformer,0,Sí,Polanco,213
2024-03-18,Victoria Gutiérrez,Paquete,Reformer,Reformer,8,No,Condesa,3183
2024-03-18,Andrea Reyes,Fitpass,Chair,Chair,0,Sí,Roma,180
2024-03-18,Ana Ramírez,Paquete,Reformer,Reformer,8,No,Condesa,3113
2024-03-18,Fernanda Gómez,Fitpass,Reformer,Reformer,0,Sí,Polanco,227
2024-03-19,Rodrigo Gómez,Paquete,Chair,Chair,24,No,Roma,8345
2024-03-19,Alejandro Pérez,Clase Individual,Mat Pilates,Ninguno,0,No,Roma,475
2024-03-19,Claudia Pérez,Paquete,Mat Pilates,Ninguno,12,No,Condesa,4280
2024-03-19,Javier Díaz,Clase Individual,Chair,Chair,0,No,Condesa,500
2024-03-19,Luis Pérez,Fitpass,Reformer,Reformer,0,Sí,Roma,195
2024-03-19,Fernanda Rodríguez,Fitpass,Reformer,Reformer,0,Sí,Condesa,215
2024-03-19,María Morales,Clase Individual,Cadillac,Cadillac,0,No,Roma,454
2024-03-19,Diego Díaz,Paquete,Chair,Chair,12,No,Roma,4328
2024-03-19,Natalia Ramírez,Clase Individual,Reformer,Reformer,0,No,Polanco,429
2024-03-19,Luis Sánchez,Fitpass,Chair,Chair,0,Sí,Roma,216
2024-03-19,Santiago Ramírez,Paquete,Reformer,Reformer,24,No,Condesa,8101
2024-03-19,Carlos Morales,Paquete,Reformer,Reformer,12,No,Roma,4354
2024-03-20,Camila Morales,Fitpass,Chair,Chair,0,Sí,Condesa,204
2024-03-20,Diego Gutiérrez,Clase Individual,Cadillac,Cadillac,0,No,Polanco,444
2024-03-20,Andrea Jiménez,Paquete,Cadillac,Cadillac,24,No,Roma,8156
2024-03-20,Mateo Gómez,Paquete,Reformer,Reformer,12,No,Roma,4580
2024-03-20,Natalia Torres,Fitpass,Cadillac,Cadillac,0,Sí,Condesa,181
2024-03-20,Natalia Pérez,Paquete,Mat Pilates,Ninguno,24,No,Condesa,8775
2024-03-20,Santiago Martínez,Clase Individual,Cadillac,Cadillac,0,No,Condesa,420
2024-03-20,Camila Cruz,Paquete,Reformer,Reformer,8,No,Condesa,3066
2024-03-20,Fernando González,Paquete,Reformer,Reformer,8,No,Polanco,2996
2024-03-20,Fernanda Morales,Paquete,Cadillac,Cadillac,12,No,Roma,4218
2024-03-20,Javier Rodríguez,Paquete,Mat Pilates,Ninguno,8,No,Roma,3010
2024-03-20,Rodrigo Gutiérrez,Paquete,Cadillac,Cadillac,12,No,Roma,4296
2024-03-20,Andrea Pérez,Fitpass,Mat Pilates,Ninguno,0,Sí,Condesa,204
2024-03-20,Natalia Pérez,Paquete,Reformer,Reformer,24,No,Polanco,8773
2024-03-21,Alejandro Mendoza,Fitpass,Cadillac,Cadillac,0,Sí,Roma,205
2024-03-21,Valeria Morales,Fitpass,Chair,Chair,0,Sí,Roma,195
2024-03-21,Lucía Gutiérrez,Fitpass,Reformer,Reformer,0,Sí,Condesa,233
2024-03-21,Regina Gutiérrez,Fitpass,Reformer,Reformer,0,Sí,Roma,197
2024-03-21,Miguel Reyes,Paquete,Reformer,Reformer,8,No,Polanco,3143
2024-03-21,Claudia García,Fitpass,Cadillac,Cadillac,0,Sí,Roma,236
2024-03-21,Gabriela Reyes,Fitpass,Chair,Chair,0,Sí,Roma,189
2024-03-21,Sofía Gutiérrez,Fitpass,Mat Pilates,Ninguno,0,Sí,Roma,187
2024-03-21,Alejandro Jiménez,Fitpass,Mat Pilates,Ninguno,0,Sí,Roma,230
2024-03-22,Paula Martínez,Clase Individual,Chair,Chair,0,No,Roma,442
2024-03-22,Natalia Pérez,Fitpass,Cadillac,Cadillac,0,Sí,Roma,209
2024-03-22,María Flores,Paquete,Mat Pilates,Ninguno,24,No,Polanco,8503
2024-03-22,Rodrigo Ramírez,Paquete,Reformer,Reformer,12,No,Condesa,4450
2024-03-22,Camila Gutiérrez,Fitpass,Mat Pilates,Ninguno,0,Sí,Roma,188
2024-03-22,Rodrigo Cruz,Fitpass,Mat Pilates,Ninguno,0,Sí,Condesa,224
2024-03-22,Camila Martínez,Fitpass,Chair,Chair,0,Sí,Condesa,214
2024-03-22,Regina García,Paquete,Mat Pilates,Ninguno,8,No,Roma,3189
2024-03-22,Carolina Martínez,Paquete,Mat Pilates,Ninguno,8,No,Roma,3195
2024-03-22,Miguel González,Paquete,Cadillac,Cadillac,24,No,Polanco,8325
2024-03-23,Regina Torres,Fitpass,Reformer,Reformer,0,Sí,Condesa,222
2024-03-23,Luis Vázquez,Paquete,Mat Pilates,Ninguno,8,No,Roma,3228
2024-03-23,María Morales,Paquete,Reformer,Reformer,12,No,Roma,4643
2024-03-23,Gabriela Jiménez,Fitpass,Mat Pilates,Ninguno,0,Sí,Roma,210
2024-03-23,Claudia Gómez,Fitpass,Reformer,Reformer,0,Sí,Condesa,231
2024-03-23,Mariana López,Paquete,Reformer,Reformer,8,No,Polanco,3285
2024-03-23,Regina Gutiérrez,Paquete,Mat Pilates,Ninguno,24,No,Roma,8062
2024-03-23,Mateo Flores,Clase Individual,Cadillac,Cadillac,0,No,Condesa,415
2024-03-23,Santiago Mendoza,Paquete,Chair,Chair,12,No,Polanco,4488
2024-03-23,Laura Jiménez,Paquete,Reformer,Reformer,12,No,Roma,4481
2024-03-23,Alejandro Hernández,Paquete,Reformer,Reformer,12,No,Polanco,4373
2024-03-23,Fernando Sánchez,Clase Individual,Mat Pilates,Ninguno,0,No,Roma,384
2024-03-23,Carlos Gómez,Paquete,Chair,Chair,12,No,Roma,4256
2024-03-24,María García,Clase Individual,Cadillac,Cadillac,0,No,Condesa,407
2024-03-24,Miguel Rodríguez,Clase Individual,Reformer,Reformer,0,No,Condesa,433
2024-03-24,Andrea Morales,Paquete,Cadillac,Cadillac,12,No,Roma,4685
2024-03-24,Carolina Jiménez,Paquete,Cadillac,Cadillac,8,No,Roma,3250
2024-03-24,Natalia Gutiérrez,Fitpass,Chair,Chair,0,Sí,Condesa,189
2024-03-24,Daniela Vázquez,Fitpass,Reformer,Reformer,0,Sí,Condesa,219
2024-03-24,Ximena Gutiérrez,Paquete,Reformer,Reformer,24,No,Polanco,7961
2024-03-24,Laura Vázquez,Fitpass,Mat Pilates,Ninguno,0,Sí,Roma,181
2024-03-24,Miguel Cruz,Paquete,Mat Pilates,Ninguno,12,No,Condesa,4636
2024-03-24,Regina Torres,Fitpass,Reformer,Reformer,0,Sí,Polanco,195
2024-03-24,Gabriela González,Fitpass,Chair,Chair,0,Sí,Condesa,219
2024-03-24,Valeria Sánchez,Paquete,Reformer,Reformer,8,No,Polanco,3299
2024-03-25,Andrea López,Paquete,Chair,Chair,8,No,Roma,3081
2024-03-25,Santiago Ramírez,Paquete,Mat Pilates,Ninguno,8,No,Condesa,2971
2024-03-25,Santiago Jiménez,Clase Individual,Reformer,Reformer,0,No,Roma,478
2024-03-25,Andrea Jiménez,Paquete,Reformer,Reformer,12,No,Condesa,4601
2024-03-25,Renata Reyes,Paquete,Cadillac,Cadillac,12,No,Roma,4673
2024-03-25,Mateo González,Fitpass,Cadillac,Cadillac,0,Sí,Roma,211
2024-03-25,Victoria Rodríguez,Fitpass,Cadillac,Cadillac,0,Sí,Condesa,212
2024-03-25,Lucía González,Paquete,Chair,Chair,12,No,Roma,4608
2024-03-25,Gabriela Hernández,Fitpass,Reformer,Reformer,0,Sí,Condesa,187
2024-03-25,Valeria Flores,Paquete,Chair,Chair,8,No,Polanco,3114
2024-03-25,Andrea Gutiérrez,Clase Individual,Mat Pilates,Ninguno,0,No,Roma,449
2024-03-25,Fernanda Morales,Paquete,Reformer,Reformer,8,No,Condesa,2978
2024-03-25,Ana Morales,Paquete,Reformer,Reformer,8,No,Roma,3096
2024-03-25,Daniela Ramírez,Paquete,Reformer,Reformer,12,No,Condesa,4168
2024-03-25,Fernando González,Fitpass,Reformer,Reformer,0,Sí,Condesa,231
2024-03-25,Valeria Pérez,Fitpass,Reformer,Reformer,0,Sí,Roma,232
2024-03-25,Daniela Reyes,Fitpass,Reformer,Reformer,0,Sí,Condesa,187
2024-03-25,Victoria Torres,Paquete,Cadillac,Cadillac,8,No,Condesa,3130
2024-03-25,Regina Reyes,Fitpass,Chair,Chair,0,Sí,Roma,228
2024-03-26,Carolina Díaz,Paquete,Reformer,Reformer,8,No,Roma,2997
2024-03-26,Victoria Sánchez,Fitpass,Chair,Chair,0,Sí,Polanco,220
2024-03-26,Carolina González,Fitpass,Reformer,Reformer,0,Sí,Condesa,232
2024-03-26,Regina Cruz,Paquete,Chair,Chair,24,No,Roma,8757
2024-03-26,María Gutiérrez,Paquete,Reformer,Reformer,8,No,Polanco,3151
2024-03-26,Andrea Martínez,Fitpass,Mat Pilates,Ninguno,0,Sí,Condesa,200
2024-03-26,Renata Cruz,Paquete,Cadillac,Cadillac,8,No,Roma,3226
2024-03-26,Andrea Morales,Paquete,Chair,Chair,8,No,Polanco,3251
2024-03-26,María Hernández,Paquete,Mat Pilates,Ninguno,8,No,Condesa,3056
2024-03-26,Santiago Ramírez,Fitpass,Mat Pilates,Ninguno,0,Sí,Roma,219
2024-03-26,Ximena Hernández,Paquete,Mat Pilates,Ninguno,8,No,Roma,2932
2024-03-26,Laura Pérez,Fitpass,Reformer,Reformer,0,Sí,Condesa,186
2024-03-26,María Gómez,Paquete,Reformer,Reformer,12,No,Polanco,4292
2024-03-27,Valeria Flores,Fitpass,Chair,Chair,0,Sí,Roma,210
2024-03-27,Fernando Vázquez,Clase Individual,Reformer,Reformer,0,No,Condesa,501
2024-03-27,Carlos Vázquez,Clase Individual,Mat Pilates,Ninguno,0,No,Roma,452
2024-03-27,Ximena Hernández,Fitpass,Cadillac,Cadillac,0,Sí,Condesa,200
2024-03-27,Victoria Mendoza,Fitpass,Mat Pilates,Ninguno,0,Sí,Polanco,182
2024-03-27,Claudia González,Clase Individual,Reformer,Reformer,0,No,Condesa,461
2024-03-27,Natalia Díaz,Paquete,Chair,Chair,8,No,Condesa,3099
2024-03-27,Gabriela González,Paquete,Cadillac,Cadillac,8,No,Polanco,3177
2024-03-27,Fernando Díaz,Paquete,Chair,Chair,12,No,Condesa,4481
2024-03-27,Mateo Rodríguez,Paquete,Reformer,Reformer,8,No,Roma,3069
2024-03-27,Daniela Cruz,Paquete,Chair,Chair,12,No,Polanco,4103
2024-03-27,Valeria Reyes,Fitpass,Reformer,Reformer,0,Sí,Polanco,188
2024-03-28,Miguel Flores,Paquete,Cadillac,Cadillac,12,No,Condesa,4202
2024-03-28,Mateo Reyes,Paquete,Reformer,Reformer,8,No,Polanco,3171
2024-03-28,Fernanda Morales,Fitpass,Cadillac,Cadillac,0,Sí,Polanco,206
2024-03-28,Laura Ramírez,Fitpass,Chair,Chair,0,Sí,Condesa,202
2024-03-28,Fernanda García,Paquete,Reformer,Reformer,12,No,Polanco,4693
2024-03-28,Gabriela García,Paquete,Chair,Chair,8,No,Condesa,3206
2024-03-28,Gabriela Reyes,Paquete,Reformer,Reformer,12,No,Roma,4348
2024-03-28,Lucía González,Paquete,Reformer,Reformer,8,No,Condesa,3128
2024-03-28,Daniela Torres,Fitpass,Reformer,Reformer,0,Sí,Condesa,199
2024-03-28,Luis González,Paquete,Chair,Chair,8,No,Condesa,3283
2024-03-29,Diego Vázquez,Clase Individual,Chair,Chair,0,No,Roma,440
2024-03-29,Gabriela Gutiérrez,Paquete,Reformer,Reformer,24,No,Condesa,8238
2024-03-29,Fernando Morales,Paquete,Cadillac,Cadillac,8,No,Condesa,3257
2024-03-29,Laura Reyes,Fitpass,Reformer,Reformer,0,Sí,Polanco,190
2024-03-29,Ximena Flores,Fitpass,Cadillac,Cadillac,0,Sí,Polanco,231
2024-03-29,Regina Gómez,Fitpass,Mat Pilates,Ninguno,0,Sí,Polanco,205
2024-03-29,Javier Mendoza,Clase Individual,Reformer,Reformer,0,No,Polanco,415
2024-03-29,Victoria Gutiérrez,Paquete,Reformer,Reformer,24,No,Roma,8161
2024-03-29,Ximena Hernández,Fitpass,Mat Pilates,Ninguno,0,Sí,Condesa,201
2024-03-30,Ana Flores,Clase Individual,Reformer,Reformer,0,No,Polanco,507
2024-03-30,Natalia Ramírez,Fitpass,Mat Pilates,Ninguno,0,Sí,Roma,214
2024-03-30,Alejandro Rodríguez,Fitpass,Reformer,Reformer,0,Sí,Polanco,215
2024-03-30,Santiago Jiménez,Fitpass,Chair,Chair,0,Sí,Condesa,180
2024-03-30,Carlos Pérez,Paquete,Mat Pilates,Ninguno,12,No,Condesa,4659
2024-03-30,Sofía Pérez,Fitpass,Reformer,Reformer,0,Sí,Roma,207
2024-03-30,Fernando González,Clase Individual,Reformer,Reformer,0,No,Condesa,445
2024-03-30,Santiago Vázquez,Clase Individual,Chair,Chair,0,No,Polanco,520
2024-03-30,Daniela Morales,Paquete,Reformer,Reformer,8,No,Polanco,3121
2024-03-30,Ximena López,Paquete,Mat Pilates,Ninguno,8,No,Condesa,3204
2024-03-30,Mateo Díaz,Paquete,Cadillac,Cadillac,8,No,Condesa,2915
2024-03-30,Lucía Vázquez,Paquete,Reformer,Reformer,12,No,Polanco,4273
2024-03-30,Sofía Torres,Paquete,Reformer,Reformer,8,No,Polanco,3068
2024-03-30,Ana Morales,Paquete,Mat Pilates,Ninguno,8,No,Roma,3058
2024-03-30,Javier Torres,Paquete,Reformer,Reformer,8,No,Polanco,3107
2024-03-30,Laura Flores,Clase Individual,Mat Pilates,Ninguno,0,No,Condesa,483
2024-03-30,Luis Cruz,Paquete,Reformer,Reformer,8,No,Polanco,3211
2024-03-30,Victoria Cruz,Fitpass,Reformer,Reformer,0,Sí,Condesa,185
2024-03-30,Ximena Pérez,Fitpass,Reformer,Reformer,0,Sí,Roma,222
2024-03-30,María Flores,Paquete,Cadillac,Cadillac,12,No,Roma,4687
2024-03-30,Paula Sánchez,Paquete,Reformer,Reformer,8,No,Condesa,3170
2024-03-31,Carolina Mendoza,Clase Individual,Chair,Chair,0,No,Polanco,429
2024-03-31,Mariana Díaz,Paquete,Mat Pilates,Ninguno,8,No,Condesa,3217
2024-03-31,Diego Gómez,Fitpass,Reformer,Reformer,0,Sí,Roma,219
2024-03-31,Miguel Rodríguez,Clase Individual,Reformer,Reformer,0,No,Roma,495
2024-03-31,Rodrigo Gómez,Clase Individual,Chair,Chair,0,No,Roma,449
2024-03-31,Gabriela Gutiérrez,Paquete,Reformer,Reformer,12,No,Polanco,4699
2024-03-31,Diego Hernández,Clase Individual,Reformer,Reformer,0,No,Polanco,413
2024-03-31,Gabriela González,Fitpass,Reformer,Reformer,0,Sí,Condesa,210
2024-03-31,Diego López,Paquete,Cadillac,Cadillac,24,No,Polanco,8567
2024-03-31,María Rodríguez,Fitpass,Reformer,Reformer,0,Sí,Condesa,226
2024-03-31,Victoria González,Clase Individual,Cadillac,Cadillac,0,No,Roma,486
2024-03-31,Daniela González,Clase Individual,Chair,Chair,0,No,Roma,460
2024-03-31,Mariana Díaz,Fitpass,Chair,Chair,0,Sí,Roma,211
2024-03-31,Natalia García,Paquete,Reformer,Reformer,8,No,Polanco,3258
2024-03-31,Rodrigo García,Fitpass,Mat Pilates,Ninguno,0,Sí,Roma,200
2024-03-31,Ximena Gómez,Paquete,Reformer,Reformer,8,No,Polanco,3065
2024-03-31,Valeria Mendoza,Paquete,Reformer,Reformer,8,No,Polanco,3200
2024-03-31,Carlos Gómez,Paquete,Reformer,Reformer,12,No,Roma,4661
2024-03-31,Camila Cruz,Paquete,Mat Pilates,Ninguno,12,No,Condesa,4178
2024-03-31,Sofía Torres,Fitpass,Reformer,Reformer,0,Sí,Roma,210
2024-03-31,Claudia Gutiérrez,Fitpass,Chair,Chair,0,Sí,Roma,204
2024-04-01,Victoria Cruz,Clase Individual,Chair,Chair,0,No,Roma,451
2024-04-01,Daniela González,Paquete,Chair,Chair,8,No,Polanco,3084
2024-04-01,Victoria Pérez,Fitpass,Reformer,Reformer,0,Sí,Condesa,204
2024-04-01,Javier González,Paquete,Chair,Chair,24,No,Roma,8143
2024-04-01,Andrea Gutiérrez,Clase Individual,Reformer,Reformer,0,No,Condesa,488
2024-04-01,Regina Cruz,Paquete,Reformer,Reformer,8,No,Condesa,3159
2024-04-01,Lucía Gutiérrez,Fitpass,Reformer,Reformer,0,Sí,Polanco,228
2024-04-01,Andrea Sánchez,Fitpass,Reformer,Reformer,0,Sí,Polanco,227
2024-04-01,Ximena García,Fitpass,Reformer,Reformer,0,Sí,Polanco,195
2024-04-01,Fernando Hernández,Paquete,Chair,Chair,8,No,Polanco,2984
2024-04-01,Ximena Hernández,Fitpass,Chair,Chair,0,Sí,Polanco,208
2024-04-01,Carolina González,Paquete,Reformer,Reformer,8,No,Roma,2915
2024-04-01,Mateo López,Paquete,Chair,Chair,8,No,Roma,3281
2024-04-02,Laura Sánchez,Fitpass,Reformer,Reformer,0,Sí,Roma,233
2024-04-02,Paula Vázquez,Paquete,Chair,Chair,12,No,Roma,4496
2024-04-02,María García,Paquete,Reformer,Reformer,12,No,Polanco,4608
2024-04-02,Camila Gómez,Paquete,Reformer,Reformer,12,No,Roma,4243
2024-04-02,Fernando Cruz,Paquete,Mat Pilates,Ninguno,24,No,Roma,8540
2024-04-02,Mariana Torres,Paquete,Chair,Chair,12,No,Roma,4401
2024-04-02,Mateo Vázquez,Paquete,Chair,Chair,12,No,Roma,4156
2024-04-02,Fernanda Vázquez,Clase Individual,Mat Pilates,Ninguno,0,No,Roma,422
2024-04-02,Sofía Gutiérrez,Paquete,Reformer,Reformer,8,No,Roma,2967
2024-04-02,María Díaz,Clase Individual,Cadillac,Cadillac,0,No,Polanco,439
2024-04-02,Claudia Jiménez,Fitpass,Chair,Chair,0,Sí,Roma,203
2024-04-03,Carolina Gómez,Paquete,Mat Pilates,Ninguno,8,No,Polanco,2937
2024-04-03,Mariana Torres,Paquete,Reformer,Reformer,24,No,Condesa,8533
2024-04-03,Javier Gutiérrez,Clase Individual,Mat Pilates,Ninguno,0,No,Polanco,453
2024-04-03,Diego Rodríguez,Fitpass,Chair,Chair,0,Sí,Condesa,186
2024-04-03,Paula López,Clase Individual,Cadillac,Cadillac,0,No,Condesa,503
2024-04-03,Fernando García,Clase Individual,Cadillac,Cadillac,0,No,Roma,496
2024-04-03,Lucía Martínez,Paquete,Chair,Chair,12,No,Condesa,4686
2024-04-03,Sofía Reyes,Clase Individual,Reformer,Reformer,0,No,Condesa,405
2024-04-03,Gabriela Gómez,Paquete,Reformer,Reformer,12,No,Polanco,4571
2024-04-03,Ximena Morales,Paquete,Mat Pilates,Ninguno,8,No,Polanco,3099
2024-04-03,Gabriela Martínez,Clase Individual,Reformer,Reformer,0,No,Condesa,400
2024-04-04,Mariana Torres,Paquete,Mat Pilates,Ninguno,8,No,Polanco,3279
2024-04-04,Camila Torres,Clase Individual,Reformer,Reformer,0,No,Roma,430
2024-04-04,Valeria Cruz,Clase Individual,Reformer,Reformer,0,No,Roma,384
2024-04-04,Ximena Morales,Paquete,Reformer,Reformer,8,No,Polanco,3108
2024-04-04,Diego Ramírez,Clase Individual,Cadillac,Cadillac,0,No,Condesa,512
2024-04-04,Mateo González,Fitpass,Mat Pilates,Ninguno,0,Sí,Condesa,215
2024-04-04,María Mendoza,Paquete,Chair,Chair,12,No,Roma,4103
2024-04-04,Daniela Cruz,Clase Individual,Chair,Chair,0,No,Roma,514
2024-04-04,Fernanda Martínez,Paquete,Reformer,Reformer,8,No,Polanco,3089
2024-04-04,Mateo García,Paquete,Reformer,Reformer,8,No,Roma,3030
2024-04-05,Gabriela Gutiérrez,Paquete,Chair,Chair,8,No,Roma,3212
2024-04-05,Mateo Díaz,Paquete,Reformer,Reformer,8,No,Polanco,2999
2024-04-05,Ana Morales,Paquete,Cadillac,Cadillac,8,No,Roma,3169
2024-04-05,María Morales,Fitpass,Chair,Chair,0,Sí,Condesa,240
2024-04-05,Claudia Vázquez,Paquete,Cadillac,Cadillac,12,No,Condesa,4117
2024-04-05,Fernanda Morales,Paquete,Reformer,Reformer,8,No,Polanco,3170
2024-04-05,María Flores,Fitpass,Cadillac,Cadillac,0,Sí,Roma,216
2024-04-05,Alejandro Flores,Paquete,Mat Pilates,Ninguno,12,No,Roma,4275
2024-04-05,Miguel Cruz,Fitpass,Chair,Chair,0,Sí,Condesa,187
2024-04-06,Victoria Torres,Fitpass,Reformer,Reformer,0,Sí,Condesa,240
2024-04-06,Camila Sánchez,Paquete,Chair,Chair,8,No,Condesa,3099
2024-04-06,Ana Mendoza,Fitpass,Mat Pilates,Ninguno,0,Sí,Condesa,234
2024-04-06,Sofía Pérez,Clase Individual,Reformer,Reformer,0,No,Condesa,436
2024-04-06,María García,Paquete,Chair,Chair,12,No,Roma,4477
2024-04-06,Renata Jiménez,Clase Individual,Chair,Chair,0,No,Polanco,448
2024-04-06,Laura Flores,Clase Individual,Reformer,Reformer,0,No,Roma,427
2024-04-06,Laura Flores,Clase Individual,Cadillac,Cadillac,0,No,Roma,464
2024-04-06,Alejandro Flores,Fitpass,Reformer,Reformer,0,Sí,Condesa,189
2024-04-06,Renata González,Paquete,Reformer,Reformer,8,No,Polanco,3067
2024-04-06,Renata Jiménez,Paquete,Chair,Chair,24,No,Roma,7938
2024-04-06,Claudia Gómez,Paquete,Cadillac,Cadillac,8,No,Roma,3010
2024-04-06,Camila Ramírez,Paquete,Cadillac,Cadillac,8,No,Roma,3155
2024-04-06,Lucía Martínez,Paquete,Reformer,Reformer,8,No,Condesa,3273
2024-04-07,María Gómez,Clase Individual,Reformer,Reformer,0,No,Roma,434
2024-04-07,Renata Sánchez,Paquete,Reformer,Reformer,8,No,Roma,3270
2024-04-07,Daniela Gutiérrez,Paquete,Mat Pilates,Ninguno,12,No,Condesa,4325
2024-04-07,Luis Sánchez,Clase Individual,Mat Pilates,Ninguno,0,No,Roma,387
2024-04-07,Fernando Sánchez,Paquete,Mat Pilates,Ninguno,24,No,Condesa,7923
2024-04-07,Renata Reyes,Paquete,Mat Pilates,Ninguno,8,No,Polanco,3126
2024-04-07,Diego Gómez,Clase Individual,Mat Pilates,Ninguno,0,No,Condesa,519
2024-04-08,Gabriela Gómez,Paquete,Mat Pilates,Ninguno,8,No,Polanco,2957
2024-04-08,Lucía Pérez,Fitpass,Reformer,Reformer,0,Sí,Polanco,201
2024-04-08,Rodrigo Morales,Paquete,Reformer,Reformer,12,No,Condesa,4135
2024-04-08,Santiago Díaz,Fitpass,Reformer,Reformer,0,Sí,Polanco,229
2024-04-08,Sofía Gómez,Fitpass,Reformer,Reformer,0,Sí,Roma,186
2024-04-08,María Morales,Paquete,Chair,Chair,24,No,Roma,8233
2024-04-08,Santiago Sánchez,Clase Individual,Chair,Chair,0,No,Roma,430
2024-04-08,Lucía Pérez,Fitpass,Mat Pilates,Ninguno,0,Sí,Roma,196
2024-04-08,Fernando Hernández,Paquete,Reformer,Reformer,12,No,Polanco,4313
2024-04-08,Lucía Torres,Paquete,Mat Pilates,Ninguno,8,No,Condesa,3024
2024-04-08,Regina Pérez,Clase Individual,Reformer,Reformer,0,No,Roma,410
2024-04-08,Lucía Reyes,Paquete,Cadillac,Cadillac,8,No,Roma,3060
2024-04-08,Mariana Morales,Fitpass,Cadillac,Cadillac,0,Sí,Roma,225
2024-04-08,Paula Cruz,Paquete,Cadillac,Cadillac,12,No,Roma,4188
2024-04-08,Daniela Ramírez,Paquete,Reformer,Reformer,24,No,Roma,8218
2024-04-08,Gabriela Díaz,Clase Individual,Reformer,Reformer,0,No,Roma,448
2024-04-08,Diego González,Paquete,Mat Pilates,Ninguno,24,No,Condesa,8416
2024-04-08,Ana Pérez,Clase Individual,Mat Pilates,Ninguno,0,No,Condesa,441
2024-04-08,Laura Mendoza,Paquete,Reformer,Reformer,24,No,Polanco,8247
2024-04-08,Ximena Sánchez,Fitpass,Mat Pilates,Ninguno,0,Sí,Roma,232
2024-04-08,Ximena Pérez,Fitpass,Reformer,Reformer,0,Sí,Polanco,222
2024-04-09,Regina Hernández,Paquete,Reformer,Reformer,8,No,Condesa,3106
2024-04-09,Mariana Martínez,Paquete,Reformer,Reformer,8,No,Roma,3125
2024-04-09,Camila Flores,Fitpass,Cadillac,Cadillac,0,Sí,Polanco,236
2024-04-09,Paula Mendoza,Paquete,Mat Pilates,Ninguno,8,No,Condesa,3229
2024-04-09,María Gómez,Fitpass,Reformer,Reformer,0,Sí,Roma,218
2024-04-09,Ana Morales,Fitpass,Cadillac,Cadillac,0,Sí,Polanco,218
2024-04-10,Ximena Torres,Clase Individual,Chair,Chair,0,No,Polanco,466
2024-04-10,Mariana Mendoza,Paquete,Reformer,Reformer,8,No,Roma,3058
2024-04-10,Laura Hernández,Fitpass,Mat Pilates,Ninguno,0,Sí,Roma,229
2024-04-10,Diego Reyes,Fitpass,Mat Pilates,Ninguno,0,Sí,Roma,213
2024-04-10,Javier Morales,Clase Individual,Reformer,Reformer,0,No,Polanco,490
2024-04-10,Carolina Díaz,Paquete,Reformer,Reformer,12,No,Condesa,4136
2024-04-10,Carlos Martínez,Fitpass,Reformer,Reformer,0,Sí,Polanco,183
2024-04-10,Ana Flores,Fitpass,Reformer,Reformer,0,Sí,Condesa,181
2024-04-10,Carolina Reyes,Fitpass,Mat Pilates,Ninguno,0,Sí,Roma,202
2024-04-11,Diego Cruz,Fitpass,Mat Pilates,Ninguno,0,Sí,Polanco,186
2024-04-11,Valeria Hernández,Paquete,Mat Pilates,Ninguno,12,No,Roma,4548
2024-04-11,Claudia Hernández,Fitpass,Reformer,Reformer,0,Sí,Polanco,214
2024-04-11,Andrea Gutiérrez,Paquete,Reformer,Reformer,12,No,Polanco,4616
2024-04-11,María Reyes,Clase Individual,Reformer,Reformer,0,No,Condesa,382
2024-04-11,Camila Martínez,Fitpass,Cadillac,Cadillac,0,Sí,Polanco,182
2024-04-11,Gabriela Vázquez,Paquete,Chair,Chair,12,No,Condesa,4605
2024-04-11,Camila Torres,Paquete,Mat Pilates,Ninguno,8,No,Polanco,3050
2024-04-11,Sofía Martínez,Paquete,Reformer,Reformer,12,No,Condesa,4609
2024-04-11,Mariana Martínez,Paquete,Cadillac,Cadillac,12,No,Roma,4599
2024-04-11,Ana Mendoza,Fitpass,Chair,Chair,0,Sí,Roma,205
2024-04-11,Daniela Cruz,Clase Individual,Reformer,Reformer,0,No,Polanco,425
2024-04-12,Laura Reyes,Paquete,Mat Pilates,Ninguno,8,No,Roma,3283
2024-04-12,Fernanda Hernández,Paquete,Chair,Chair,24,No,Condesa,8804
2024-04-12,Fernanda Mendoza,Paquete,Reformer,Reformer,8,No,Roma,3003
2024-04-12,Natalia Gutiérrez,Paquete,Chair,Chair,12,No,Condesa,4166
2024-04-12,Lucía Sánchez,Fitpass,Reformer,Reformer,0,Sí,Condesa,213
2024-04-12,Lucía Pérez,Paquete,Reformer,Reformer,12,No,Condesa,4619
2024-04-12,Sofía Jiménez,Paquete,Cadillac,Cadillac,8,No,Roma,2968
2024-04-12,Victoria Díaz,Paquete,Mat Pilates,Ninguno,8,No,Roma,3150
2024-04-12,Natalia García,Paquete,Cadillac,Cadillac,24,No,Roma,8011
2024-04-12,Mariana Gómez,Clase Individual,Reformer,Reformer,0,No,Condesa,518
2024-04-13,Claudia Gutiérrez,Clase Individual,Cadillac,Cadillac,0,No,Polanco,491
2024-04-13,Mateo Gómez,Fitpass,Reformer,Reformer,0,Sí,Polanco,189
2024-04-13,Rodrigo Cruz,Paquete,Mat Pilates,Ninguno,8,No,Roma,2928
2024-04-13,Alejandro Sánchez,Fitpass,Reformer,Reformer,0,Sí,Polanco,214
2024-04-13,Valeria Martínez,Paquete,Reformer,Reformer,8,No,Polanco,2945
2024-04-13,Carolina Sánchez,Paquete,Chair,Chair,24,No,Condesa,8737
2024-04-13,Valeria Reyes,Clase Individual,Reformer,Reformer,0,No,Roma,451
2024-04-13,Valeria Martínez,Fitpass,Reformer,Reformer,0,Sí,Roma,184
2024-04-13,Mariana Ramírez,Paquete,Mat Pilates,Ninguno,12,No,Roma,4164
2024-04-13,Paula Cruz,Fitpass,Mat Pilates,Ninguno,0,Sí,Roma,223
2024-04-13,Luis González,Paquete,Cadillac,Cadillac,24,No,Roma,8457
2024-04-13,Camila Cruz,Clase Individual,Reformer,Reformer,0,No,Roma,455
2024-04-13,Fernando Flores,Fitpass,Mat Pilates,Ninguno,0,Sí,Condesa,223
2024-04-13,Diego Gómez,Fitpass,Reformer,Reformer,0,Sí,Condesa,192
2024-04-14,Miguel Torres,Paquete,Reformer,Reformer,24,No,Polanco,8471
2024-04-14,Regina Torres,Fitpass,Reformer,Reformer,0,Sí,Roma,183
2024-04-14,Natalia Ramírez,Clase Individual,Mat Pilates,Ninguno,0,No,Roma,417
2024-04-14,Luis Rodríguez,Clase Individual,Cadillac,Cadillac,0,No,Roma,513
2024-04-14,Javier Sánchez,Paquete,Cadillac,Cadillac,12,No,Roma,4671
2024-04-14,Fernanda Rodríguez,Clase Individual,Reformer,Reformer,0,No,Polanco,444
2024-04-14,Victoria González,Fitpass,Reformer,Reformer,0,Sí,Polanco,198
2024-04-14,Mateo Flores,Clase Individual,Cadillac,Cadillac,0,No,Condesa,389
2024-04-14,María Rodríguez,Paquete,Chair,Chair,12,No,Roma,4546
2024-04-15,Victoria Flores,Paquete,Chair,Chair,8,No,Roma,2959
2024-04-15,Renata Vázquez,Fitpass,Reformer,Reformer,0,Sí,Roma,181
2024-04-15,Victoria Sánchez,Fitpass,Cadillac,Cadillac,0,Sí,Condesa,190
2024-04-15,Lucía Martínez,Paquete,Reformer,Reformer,8,No,Roma,3231
2024-04-15,Victoria Díaz,Clase Individual,Reformer,Reformer,0,No,Roma,392
2024-04-15,Daniela Jiménez,Fitpass,Reformer,Reformer,0,Sí,Polanco,181
2024-04-15,Camila Torres,Paquete,Chair,Chair,12,No,Roma,4575
2024-04-15,Valeria Morales,Paquete,Reformer,Reformer,24,No,Condesa,7936
2024-04-15,Sofía Jiménez,Paquete,Reformer,Reformer,8,No,Condesa,2931
2024-04-15,Camila Rodríguez,Clase Individual,Reformer,Reformer,0,No,Roma,519
2024-04-15,Natalia Cruz,Paquete,Reformer,Reformer,8,No,Condesa,2920
2024-04-15,Mariana Gómez,Fitpass,Mat Pilates,Ninguno,0,Sí,Roma,237
2024-04-16,Santiago Reyes,Fitpass,Reformer,Reformer,0,Sí,Polanco,187
2024-04-16,Rodrigo Pérez,Fitpass,Reformer,Reformer,0,Sí,Polanco,195
2024-04-16,Carolina González,Paquete,Mat Pilates,Ninguno,8,No,Polanco,3181
2024-04-16,Fernanda Reyes,Fitpass,Reformer,Reformer,0,Sí,Condesa,180
2024-04-16,Valeria Morales,Fitpass,Reformer,Reformer,0,Sí,Condesa,223
2024-04-16,Mateo Rodríguez,Clase Individual,Cadillac,Cadillac,0,No,Polanco,462
2024-04-16,Ximena Sánchez,Paquete,Chair,Chair,12,No,Polanco,4498
2024-04-16,Laura Jiménez,Paquete,Cadillac,Cadillac,8,No,Polanco,3200
2024-04-16,Sofía Jiménez,Fitpass,Cadillac,Cadillac,0,Sí,Condesa,204
2024-04-16,Javier Torres,Fitpass,Chair,Chair,0,Sí,Condesa,230
2024-04-16,Fernando González,Paquete,Reformer,Reformer,8,No,Roma,3229
2024-04-17,Alejandro Sánchez,Clase Individual,Chair,Chair,0,No,Polanco,473
2024-04-17,Andrea Torres,Fitpass,Mat Pilates,Ninguno,0,Sí,Roma,204
2024-04-17,Andrea Morales,Fitpass,Mat Pilates,Ninguno,0,Sí,Condesa,207
2024-04-17,Laura Mendoza,Clase Individual,Mat Pilates,Ninguno,0,No,Polanco,446
2024-04-17,Miguel Torres,Paquete,Reformer,Reformer,24,No,Polanco,8221
2024-04-17,Valeria Sánchez,Paquete,Cadillac,Cadillac,8,No,Roma,3089
2024-04-17,Santiago Vázquez,Paquete,Cadillac,Cadillac,8,No,Condesa,2937
2024-04-17,Daniela Martínez,Clase Individual,Reformer,Reformer,0,No,Condesa,429
2024-04-17,Paula López,Paquete,Cadillac,Cadillac,12,No,Roma,4695
2024-04-17,María Pérez,Paquete,Cadillac,Cadillac,24,No,Roma,8706
2024-04-17,Mariana Hernández,Paquete,Reformer,Reformer,12,No,Roma,4225
2024-04-17,Andrea Cruz,Paquete,Mat Pilates,Ninguno,8,No,Condesa,2948
2024-04-17,Sofía Pérez,Paquete,Cadillac,Cadillac,8,No,Condesa,3171
2024-04-17,Renata Ramírez,Paquete,Reformer,Reformer,8,No,Roma,3295
2024-04-17,Alejandro López,Paquete,Reformer,Reformer,8,No,Condesa,3186
2024-04-18,Diego Hernández,Fitpass,Reformer,Reformer,0,Sí,Polanco,221
2024-04-18,Ana Mendoza,Paquete,Chair,Chair,12,No,Roma,4518
2024-04-18,Carolina Morales,Paquete,Cadillac,Cadillac,12,No,Roma,4511
2024-04-18,Daniela López,Fitpass,Reformer,Reformer,0,Sí,Polanco,191
2024-04-18,Luis González,Fitpass,Reformer,Reformer,0,Sí,Roma,223
2024-04-18,Lucía Gómez,Paquete,Reformer,Reformer,8,No,Roma,2908
2024-04-18,Camila Mendoza,Paquete,Reformer,Reformer,8,No,Condesa,2995
2024-04-18,Luis Jiménez,Paquete,Reformer,Reformer,8,No,Roma,3194
2024-04-18,Natalia García,Fitpass,Reformer,Reformer,0,Sí,Roma,180
2024-04-19,Daniela Gutiérrez,Fitpass,Reformer,Reformer,0,Sí,Roma,205
2024-04-19,Mateo Cruz,Paquete,Reformer,Reformer,8,No,Polanco,2934
2024-04-19,Luis Jiménez,Paquete,Reformer,Reformer,8,No,Roma,3167
2024-04-19,Valeria Martínez,Fitpass,Mat Pilates,Ninguno,0,Sí,Condesa,192
2024-04-19,Mariana Jiménez,Paquete,Chair,Chair,8,No,Condesa,3191
2024-04-19,Daniela Jiménez,Paquete,Reformer,Reformer,12,No,Condesa,4299
2024-04-19,Carolina García,Fitpass,Mat Pilates,Ninguno,0,Sí,Condesa,206
2024-04-19,Claudia Reyes,Fitpass,Reformer,Reformer,0,Sí,Roma,234
2024-04-19,Ximena Gutiérrez,Paquete,Mat Pilates,Ninguno,8,No,Polanco,2969
2024-04-19,Ana Cruz,Paquete,Reformer,Reformer,8,No,Condesa,3274
2024-04-20,Santiago Torres,Paquete,Chair,Chair,24,No,Roma,8388
2024-04-20,Valeria Reyes,Paquete,Reformer,Reformer,8,No,Condesa,2962
2024-04-20,Victoria Díaz,Paquete,Reformer,Reformer,8,No,Condesa,3080
2024-04-20,Alejandro Díaz,Paquete,Chair,Chair,8,No,Roma,3247
2024-04-20,Javier Sánchez,Fitpass,Cadillac,Cadillac,0,Sí,Roma,184
2024-04-20,Santiago Gómez,Clase Individual,Reformer,Reformer,0,No,Condesa,430
2024-04-20,Lucía Sánchez,Clase Individual,Reformer,Reformer,0,No,Condesa,406
2024-04-20,Fernanda Mendoza,Paquete,Reformer,Reformer,12,No,Roma,4619
2024-04-20,Fernando Díaz,Clase Individual,Cadillac,Cadillac,0,No,Condesa,519
2024-04-20,Luis Pérez,Paquete,Reformer,Reformer,12,No,Roma,4204
2024-04-20,Andrea López,Paquete,Reformer,Reformer,8,No,Roma,2976
2024-04-21,Claudia Martínez,Paquete,Mat Pilates,Ninguno,12,No,Roma,4151
2024-04-21,Daniela Flores,Paquete,Reformer,Reformer,24,No,Roma,8815
2024-04-21,Andrea Reyes,Paquete,Chair,Chair,12,No,Condesa,4343
2024-04-21,Renata Gómez,Paquete,Reformer,Reformer,24,No,Roma,8190
2024-04-21,Mateo Martínez,Paquete,Reformer,Reformer,12,No,Polanco,4632
2024-04-21,Santiago Mendoza,Paquete,Cadillac,Cadillac,12,No,Condesa,4367
2024-04-21,Carolina Díaz,Paquete,Mat Pilates,Ninguno,12,No,Roma,4174
2024-04-21,Rodrigo Sánchez,Paquete,Cadillac,Cadillac,8,No,Condesa,3193
2024-04-22,Renata Mendoza,Fitpass,Mat Pilates,Ninguno,0,Sí,Roma,224
2024-04-22,Fernando Martínez,Fitpass,Reformer,Reformer,0,Sí,Polanco,226
2024-04-22,Carlos Reyes,Clase Individual,Reformer,Reformer,0,No,Roma,480
2024-04-22,Natalia Martínez,Clase Individual,Reformer,Reformer,0,No,Condesa,434
2024-04-22,Lucía Torres,Paquete,Cadillac,Cadillac,12,No,Condesa,4115
2024-04-22,Sofía López,Clase Individual,Chair,Chair,0,No,Polanco,454
2024-04-22,Natalia García,Fitpass,Reformer,Reformer,0,Sí,Condesa,214
2024-04-22,Alejandro Flores,Fitpass,Mat Pilates,Ninguno,0,Sí,Roma,199
2024-04-22,Alejandro Sánchez,Paquete,Reformer,Reformer,8,No,Roma,3167
2024-04-22,Miguel López,Clase Individual,Reformer,Reformer,0,No,Condesa,421
2024-04-22,Sofía Reyes,Fitpass,Reformer,Reformer,0,Sí,Condesa,198
2024-04-22,Sofía Gómez,Fitpass,Reformer,Reformer,0,Sí,Roma,197
2024-04-22,Victoria Martínez,Paquete,Cadillac,Cadillac,8,No,Polanco,3076
2024-04-22,Daniela González,Paquete,Chair,Chair,12,No,Polanco,4470
2024-04-22,Miguel Ramírez,Fitpass,Reformer,Reformer,0,Sí,Condesa,232
2024-04-22,Natalia Díaz,Fitpass,Mat Pilates,Ninguno,0,Sí,Condesa,218
2024-04-23,Mariana Gómez,Clase Individual,Chair,Chair,0,No,Roma,396
2024-04-23,Mariana Reyes,Clase Individual,Reformer,Reformer,0,No,Roma,417
2024-04-23,Alejandro Díaz,Paquete,Reformer,Reformer,12,No,Polanco,4401
2024-04-23,Gabriela Jiménez,Paquete,Reformer,Reformer,12,No,Roma,4211
2024-04-23,Claudia Pérez,Fitpass,Reformer,Reformer,0,Sí,Condesa,202
2024-04-23,Luis González,Fitpass,Cadillac,Cadillac,0,Sí,Polanco,215
2024-04-24,María García,Paquete,Reformer,Reformer,12,No,Roma,4521
2024-04-24,Fernanda Morales,Fitpass,Mat Pilates,Ninguno,0,Sí,Polanco,197
2024-04-24,Carolina Jiménez,Fitpass,Reformer,Reformer,0,Sí,Roma,186
2024-04-24,Andrea Vázquez,Fitpass,Chair,Chair,0,Sí,Condesa,206
2024-04-24,Fernanda García,Paquete,Reformer,Reformer,8,No,Polanco,3172
2024-04-24,Mateo Flores,Paquete,Mat Pilates,Ninguno,12,No,Roma,4617
2024-04-24,Fernanda Torres,Paquete,Mat Pilates,Ninguno,8,No,Polanco,3222
2024-04-24,Natalia Sánchez,Paquete,Chair,Chair,8,No,Condesa,3065
2024-04-24,Mariana Reyes,Fitpass,Mat Pilates,Ninguno,0,Sí,Condesa,223
2024-04-24,Diego Ramírez,Paquete,Chair,Chair,8,No,Roma,3136
2024-04-25,Fernando Cruz,Paquete,Reformer,Reformer,24,No,Polanco,8437
2024-04-25,Mateo Flores,Paquete,Reformer,Reformer,12,No,Roma,4165
2024-04-25,Fernando Ramírez,Paquete,Reformer,Reformer,8,No,Condesa,3147
2024-04-25,Sofía Pérez,Fitpass,Reformer,Reformer,0,Sí,Condesa,214
2024-04-25,Sofía Torres,Fitpass,Reformer,Reformer,0,Sí,Polanco,219
2024-04-25,Miguel Gutiérrez,Fitpass,Chair,Chair,0,Sí,Polanco,233
2024-04-25,Rodrigo Reyes,Paquete,Cadillac,Cadillac,12,No,Roma,4638
2024-04-25,Javier Mendoza,Fitpass,Reformer,Reformer,0,Sí,Condesa,208
2024-04-25,Victoria Díaz,Paquete,Cadillac,Cadillac,8,No,Roma,3253
2024-04-25,Ana Mendoza,Fitpass,Mat Pilates,Ninguno,0,Sí,Polanco,196
2024-04-25,Fernando García,Fitpass,Reformer,Reformer,0,Sí,Roma,195
2024-04-25,Javier González,Fitpass,Reformer,Reformer,0,Sí,Polanco,205
2024-04-25,Victoria Sánchez,Paquete,Reformer,Reformer,8,No,Polanco,3219
2024-04-25,Andrea López,Fitpass,Reformer,Reformer,0,Sí,Polanco,189
2024-04-25,Alejandro Pérez,Clase Individual,Chair,Chair,0,No,Condesa,478
2024-04-25,Fernanda Vázquez,Fitpass,Mat Pilates,Ninguno,0,Sí,Condesa,236
2024-04-25,Laura Martínez,Clase Individual,Chair,Chair,0,No,Roma,472
2024-04-25,Fernando Gutiérrez,Paquete,Reformer,Reformer,12,No,Roma,4143
2024-04-26,Natalia Morales,Paquete,Mat Pilates,Ninguno,12,No,Polanco,4501
2024-04-26,Rodrigo Díaz,Paquete,Chair,Chair,8,No,Condesa,3000
2024-04-26,Miguel López,Clase Individual,Reformer,Reformer,0,No,Condesa,496
2024-04-26,Santiago Morales,Clase Individual,Chair,Chair,0,No,Polanco,393
2024-04-26,Valeria Reyes,Fitpass,Reformer,Reformer,0,Sí,Roma,201
2024-04-26,Fernando Gómez,Paquete,Reformer,Reformer,8,No,Roma,2987
2024-04-26,Victoria Gutiérrez,Paquete,Cadillac,Cadillac,24,No,Roma,8554
2024-04-26,Santiago Mendoza,Fitpass,Reformer,Reformer,0,Sí,Condesa,191
2024-04-26,Sofía Gómez,Paquete,Reformer,Reformer,8,No,Roma,2907
2024-04-26,Daniela Rodríguez,Paquete,Reformer,Reformer,12,No,Roma,4403
2024-04-26,Renata Jiménez,Fitpass,Reformer,Reformer,0,Sí,Condesa,183
2024-04-27,Mateo Sánchez,Fitpass,Reformer,Reformer,0,Sí,Roma,234
2024-04-27,Santiago Ramírez,Fitpass,Chair,Chair,0,Sí,Roma,232
2024-04-27,Fernando Cruz,Paquete,Chair,Chair,24,No,Roma,8677
2024-04-27,Camila Reyes,Fitpass,Reformer,Reformer,0,Sí,Roma,191
2024-04-27,Camila Martínez,Paquete,Reformer,Reformer,12,No,Polanco,4294
2024-04-27,Javier Morales,Paquete,Chair,Chair,8,No,Condesa,3014
2024-04-27,Mariana Cruz,Paquete,Cadillac,Cadillac,8,No,Polanco,2901
2024-04-27,Miguel López,Fitpass,Chair,Chair,0,Sí,Polanco,214
2024-04-27,Regina Ramírez,Fitpass,Cadillac,Cadillac,0,Sí,Condesa,199
2024-04-27,Regina Torres,Fitpass,Cadillac,Cadillac,0,Sí,Roma,188
2024-04-27,Sofía Morales,Fitpass,Reformer,Reformer,0,Sí,Roma,182
2024-04-28,Santiago Morales,Fitpass,Reformer,Reformer,0,Sí,Condesa,213
2024-04-28,Laura Hernández,Paquete,Reformer,Reformer,8,No,Polanco,3142
2024-04-28,Paula Cruz,Paquete,Cadillac,Cadillac,12,No,Polanco,4327
2024-04-28,Fernando Gutiérrez,Fitpass,Reformer,Reformer,0,Sí,Polanco,191
2024-04-28,Fernando Morales,Paquete,Reformer,Reformer,8,No,Roma,2966
2024-04-28,Daniela Gómez,Clase Individual,Reformer,Reformer,0,No,Roma,419
2024-04-28,Valeria Hernández,Paquete,Mat Pilates,Ninguno,8,No,Polanco,3183
2024-04-28,Carolina Torres,Paquete,Cadillac,Cadillac,12,No,Condesa,4335
2024-04-28,María Rodríguez,Fitpass,Reformer,Reformer,0,Sí,Condesa,237
2024-04-28,Victoria Díaz,Clase Individual,Reformer,Reformer,0,No,Roma,396
2024-04-28,Gabriela Gómez,Fitpass,Chair,Chair,0,Sí,Roma,209
2024-04-28,Fernando García,Fitpass,Reformer,Reformer,0,Sí,Roma,237
2024-04-29,Camila Díaz,Paquete,Mat Pilates,Ninguno,8,No,Roma,3195
2024-04-29,Laura Reyes,Clase Individual,Reformer,Reformer,0,No,Condesa,398
2024-04-29,Alejandro Vázquez,Paquete,Reformer,Reformer,8,No,Condesa,2990
2024-04-29,Fernando Pérez,Clase Individual,Mat Pilates,Ninguno,0,No,Roma,467
2024-04-29,Ana Vázquez,Clase Individual,Reformer,Reformer,0,No,Condesa,427
2024-04-29,Natalia López,Fitpass,Reformer,Reformer,0,Sí,Roma,204
2024-04-29,Carlos Sánchez,Paquete,Reformer,Reformer,12,No,Condesa,4501
2024-04-29,Natalia Ramírez,Fitpass,Reformer,Reformer,0,Sí,Condesa,232
2024-04-29,Regina Mendoza,Paquete,Chair,Chair,12,No,Roma,4637
2024-04-29,Valeria Martínez,Paquete,Reformer,Reformer,12,No,Roma,4220
2024-04-30,Mariana Jiménez,Paquete,Cadillac,Cadillac,8,No,Condesa,2982
2024-04-30,Carolina Rodríguez,Paquete,Chair,Chair,8,No,Condesa,3034
2024-04-30,Miguel Pérez,Clase Individual,Reformer,Reformer,0,No,Condesa,429
2024-04-30,Ximena Martínez,Fitpass,Reformer,Reformer,0,Sí,Polanco,215
2024-04-30,Andrea Reyes,Clase Individual,Cadillac,Cadillac,0,No,Condesa,421
2024-04-30,Mateo Sánchez,Clase Individual,Chair,Chair,0,No,Condesa,519
2024-04-30,Paula Ramírez,Paquete,Mat Pilates,Ninguno,12,No,Roma,4448
2024-04-30,Diego Gutiérrez,Fitpass,Reformer,Reformer,0,Sí,Condesa,224
2024-04-30,Mariana Martínez,Paquete,Mat Pilates,Ninguno,8,No,Condesa,3131
2024-04-30,Ximena Jiménez,Paquete,Reformer,Reformer,12,No,Roma,4514
2024-04-30,Miguel Rodríguez,Fitpass,Chair,Chair,0,Sí,Polanco,214
2024-04-30,Fernanda Flores,Fitpass,Mat Pilates,Ninguno,0,Sí,Condesa,225
2024-04-30,Carlos Díaz,Fitpass,Cadillac,Cadillac,0,Sí,Roma,204
2024-04-30,Carolina Rodríguez,Fitpass,Chair,Chair,0,Sí,Roma,217
2024-05-01,Javier González,Clase Individual,Reformer,Reformer,0,No,Condesa,422
2024-05-01,Renata Flores,Paquete,Chair,Chair,12,No,Condesa,4200
2024-05-01,Carlos Pérez,Paquete,Reformer,Reformer,24,No,Polanco,8037
2024-05-01,Fernando Martínez,Paquete,Reformer,Reformer,12,No,Polanco,4298
2024-05-01,Ana González,Paquete,Reformer,Reformer,24,No,Polanco,8711
2024-05-01,Daniela Reyes,Clase Individual,Reformer,Reformer,0,No,Condesa,431
2024-05-01,Claudia Gómez,Paquete,Mat Pilates,Ninguno,12,No,Roma,4172
2024-05-01,Victoria Martínez,Fitpass,Reformer,Reformer,0,Sí,Roma,212
2024-05-01,Sofía Rodríguez,Paquete,Chair,Chair,8,No,Condesa,3298
2024-05-01,Rodrigo Reyes,Paquete,Reformer,Reformer,8,No,Polanco,2945
2024-05-01,Fernando Sánchez,Fitpass,Chair,Chair,0,Sí,Roma,233
2024-05-01,Paula Gómez,Fitpass,Reformer,Reformer,0,Sí,Polanco,240
2024-05-01,Fernando González,Clase Individual,Cadillac,Cadillac,0,No,Condesa,474
2024-05-01,Diego Jiménez,Paquete,Chair,Chair,8,No,Roma,3258
2024-05-01,Regina Martínez,Clase Individual,Reformer,Reformer,0,No,Roma,386
2024-05-02,Fernando Martínez,Clase Individual,Reformer,Reformer,0,No,Condesa,387
2024-05-02,Renata Cruz,Paquete,Reformer,Reformer,12,No,Roma,4539
2024-05-02,Mariana Mendoza,Paquete,Chair,Chair,24,No,Condesa,8168
2024-05-02,Laura Reyes,Paquete,Mat Pilates,Ninguno,24,No,Condesa,8312
2024-05-02,Natalia López,Clase Individual,Chair,Chair,0,No,Polanco,384
2024-05-02,Carolina Gómez,Paquete,Cadillac,Cadillac,8,No,Roma,3120
2024-05-02,Carlos Morales,Paquete,Mat Pilates,Ninguno,24,No,Condesa,7932
2024-05-02,Ana Vázquez,Paquete,Reformer,Reformer,12,No,Polanco,4535
2024-05-02,Claudia Reyes,Fitpass,Reformer,Reformer,0,Sí,Roma,201
2024-05-02,Alejandro Vázquez,Paquete,Reformer,Reformer,8,No,Polanco,3281
2024-05-02,Ximena Pérez,Fitpass,Chair,Chair,0,Sí,Polanco,232
2024-05-03,Alejandro Reyes,Paquete,Reformer,Reformer,8,No,Roma,3274
2024-05-03,Fernanda Mendoza,Paquete,Reformer,Reformer,8,No,Polanco,3125
2024-05-03,Diego Vázquez,Paquete,Reformer,Reformer,12,No,Polanco,4611
2024-05-03,Regina García,Fitpass,Reformer,Reformer,0,Sí,Roma,191
2024-05-03,Paula Torres,Clase Individual,Cadillac,Cadillac,0,No,Polanco,395
2024-05-03,Valeria Gutiérrez,Paquete,Chair,Chair,12,No,Condesa,4248
2024-05-03,Laura Díaz,Paquete,Mat Pilates,Ninguno,8,No,Condesa,3157
2024-05-04,Gabriela Mendoza,Fitpass,Reformer,Reformer,0,Sí,Polanco,233
2024-05-04,Victoria Gutiérrez,Paquete,Reformer,Reformer,8,No,Polanco,3269
2024-05-04,Fernanda González,Clase Individual,Reformer,Reformer,0,No,Roma,384
2024-05-04,Alejandro Jiménez,Clase Individual,Reformer,Reformer,0,No,Roma,438
2024-05-04,Daniela Ramírez,Paquete,Chair,Chair,8,No,Roma,3271
2024-05-04,Renata Vázquez,Paquete,Chair,Chair,8,No,Condesa,3179
2024-05-04,Valeria Mendoza,Paquete,Chair,Chair,12,No,Roma,4338
2024-05-04,Daniela Gutiérrez,Paquete,Reformer,Reformer,8,No,Condesa,2978
2024-05-04,Miguel Flores,Paquete,Reformer,Reformer,12,No,Polanco,4357
2024-05-04,Paula Morales,Clase Individual,Reformer,Reformer,0,No,Roma,405
2024-05-04,Luis Jiménez,Paquete,Reformer,Reformer,12,No,Polanco,4388
2024-05-04,Javier Gómez,Fitpass,Reformer,Reformer,0,Sí,Polanco,200
2024-05-04,Paula Torres,Paquete,Cadillac,Cadillac,12,No,Polanco,4505
2024-05-04,Daniela Morales,Clase Individual,Reformer,Reformer,0,No,Roma,471
2024-05-05,Carolina González,Paquete,Reformer,Reformer,8,No,Roma,2916
2024-05-05,Gabriela Ramírez,Paquete,Reformer,Reformer,24,No,Condesa,8868
2024-05-05,Ximena Hernández,Fitpass,Reformer,Reformer,0,Sí,Condesa,226
2024-05-05,Paula Vázquez,Fitpass,Chair,Chair,0,Sí,Roma,187
2024-05-05,Carlos Torres,Fitpass,Mat Pilates,Ninguno,0,Sí,Roma,196
2024-05-05,Camila Cruz,Paquete,Cadillac,Cadillac,24,No,Condesa,8077
2024-05-05,Victoria Díaz,Fitpass,Chair,Chair,0,Sí,Polanco,183
2024-05-05,Paula Rodríguez,Paquete,Mat Pilates,Ninguno,24,No,Roma,8804
2024-05-05,Alejandro López,Clase Individual,Cadillac,Cadillac,0,No,Roma,404
2024-05-05,Mateo Cruz,Paquete,Reformer,Reformer,12,No,Roma,4119
2024-05-05,Claudia Jiménez,Paquete,Chair,Chair,12,No,Condesa,4365
2024-05-05,Victoria Díaz,Clase Individual,Mat Pilates,Ninguno,0,No,Polanco,503
2024-05-05,Luis Cruz,Paquete,Reformer,Reformer,12,No,Condesa,4501
2024-05-05,Santiago Sánchez,Clase Individual,Reformer,Reformer,0,No,Roma,407
2024-05-05,Mateo Cruz,Fitpass,Reformer,Reformer,0,Sí,Roma,214
2024-05-05,Lucía Rodríguez,Fitpass,Reformer,Reformer,0,Sí,Condesa,188
2024-05-05,Andrea López,Paquete,Reformer,Reformer,8,No,Roma,3017
2024-05-05,Lucía Morales,Paquete,Chair,Chair,12,No,Condesa,4107
2024-05-05,Carolina Gómez,Clase Individual,Mat Pilates,Ninguno,0,No,Polanco,495
2024-05-06,Daniela Mendoza,Fitpass,Reformer,Reformer,0,Sí,Condesa,195
2024-05-06,Fernando Hernández,Paquete,Reformer,Reformer,8,No,Roma,3137
2024-05-06,Victoria Rodríguez,Fitpass,Chair,Chair,0,Sí,Roma,237
2024-05-06,Carolina Morales,Clase Individual,Reformer,Reformer,0,No,Condesa,424
2024-05-06,Paula Gutiérrez,Clase Individual,Mat Pilates,Ninguno,0,No,Polanco,434
2024-05-06,Carlos Torres,Clase Individual,Reformer,Reformer,0,No,Roma,385
2024-05-06,Sofía Rodríguez,Clase Individual,Reformer,Reformer,0,No,Condesa,410
2024-05-06,María Flores,Clase Individual,Reformer,Reformer,0,No,Roma,457
2024-05-06,Javier Jiménez,Fitpass,Mat Pilates,Ninguno,0,Sí,Roma,222
2024-05-06,Carolina Sánchez,Fitpass,Chair,Chair,0,Sí,Condesa,222
2024-05-06,Diego Cruz,Paquete,Reformer,Reformer,12,No,Polanco,4107
2024-05-06,Paula Gómez,Clase Individual,Reformer,Reformer,0,No,Condesa,397
2024-05-06,Andrea Vázquez,Fitpass,Reformer,Reformer,0,Sí,Condesa,232
2024-05-07,Luis Pérez,Fitpass,Chair,Chair,0,Sí,Condesa,218
2024-05-07,Paula Gutiérrez,Clase Individual,Reformer,Reformer,0,No,Condesa,391
2024-05-07,Valeria Reyes,Fitpass,Reformer,Reformer,0,Sí,Condesa,227
2024-05-07,Mariana Flores,Paquete,Mat Pilates,Ninguno,12,No,Roma,4415
2024-05-07,María Rodríguez,Clase Individual,Reformer,Reformer,0,No,Roma,495
2024-05-07,Mariana Martínez,Fitpass,Mat Pilates,Ninguno,0,Sí,Polanco,199
2024-05-07,Laura Martínez,Fitpass,Reformer,Reformer,0,Sí,Condesa,235
2024-05-08,Carlos Rodríguez,Paquete,Chair,Chair,12,No,Roma,4167
2024-05-08,Andrea López,Fitpass,Reformer,Reformer,0,Sí,Roma,214
2024-05-08,Paula Díaz,Paquete,Chair,Chair,8,No,Condesa,3046
2024-05-08,Claudia Martínez,Paquete,Chair,Chair,8,No,Polanco,3231
2024-05-08,Lucía Díaz,Paquete,Reformer,Reformer,8,No,Polanco,3021
2024-05-08,Carolina López,Paquete,Chair,Chair,8,No,Condesa,3207
2024-05-08,Paula López,Paquete,Reformer,Reformer,12,No,Roma,4668
2024-05-08,Javier Ramírez,Fitpass,Chair,Chair,0,Sí,Condesa,185
2024-05-09,Gabriela González,Paquete,Reformer,Reformer,8,No,Roma,3210
2024-05-09,Gabriela Sánchez,Clase Individual,Reformer,Reformer,0,No,Roma,459
2024-05-09,Victoria Jiménez,Fitpass,Reformer,Reformer,0,Sí,Roma,222
2024-05-09,Javier Hernández,Paquete,Reformer,Reformer,8,No,Roma,2925
2024-05-09,Santiago Ramírez,Fitpass,Reformer,Reformer,0,Sí,Roma,197
2024-05-09,Natalia Reyes,Clase Individual,Reformer,Reformer,0,No,Condesa,498
2024-05-09,Lucía Flores,Paquete,Reformer,Reformer,12,No,Roma,4392
2024-05-09,Valeria Cruz,Paquete,Reformer,Reformer,12,No,Condesa,4675
2024-05-09,Natalia López,Fitpass,Mat Pilates,Ninguno,0,Sí,Polanco,191
2024-05-09,Regina Martínez,Clase Individual,Reformer,Reformer,0,No,Roma,501
2024-05-09,Camila Vázquez,Paquete,Mat Pilates,Ninguno,12,No,Roma,4694
2024-05-09,Miguel Rodríguez,Clase Individual,Reformer,Reformer,0,No,Polanco,476
2024-05-09,Santiago Rodríguez,Fitpass,Reformer,Reformer,0,Sí,Roma,204
2024-05-09,Regina Morales,Paquete,Cadillac,Cadillac,12,No,Condesa,4241
2024-05-10,Diego Vázquez,Paquete,Chair,Chair,8,No,Roma,2935
2024-05-10,Camila Mendoza,Fitpass,Cadillac,Cadillac,0,Sí,Roma,194
2024-05-10,Carlos Ramírez,Fitpass,Chair,Chair,0,Sí,Roma,228
2024-05-10,Regina Jiménez,Fitpass,Cadillac,Cadillac,0,Sí,Roma,233
2024-05-10,Lucía Morales,Paquete,Mat Pilates,Ninguno,24,No,Roma,8079
2024-05-10,Miguel Ramírez,Fitpass,Reformer,Reformer,0,Sí,Polanco,216
2024-05-10,Renata Vázquez,Fitpass,Reformer,Reformer,0,Sí,Condesa,219
2024-05-10,Paula Rodríguez,Fitpass,Cadillac,Cadillac,0,Sí,Roma,227
2024-05-11,Paula Torres,Paquete,Reformer,Reformer,8,No,Roma,2992
2024-05-11,Mariana Torres,Paquete,Reformer,Reformer,24,No,Polanco,8423
2024-05-11,Victoria Díaz,Clase Individual,Reformer,Reformer,0,No,Condesa,381
2024-05-11,Natalia Hernández,Fitpass,Mat Pilates,Ninguno,0,Sí,Roma,233
2024-05-11,Lucía Sánchez,Fitpass,Cadillac,Cadillac,0,Sí,Polanco,186
2024-05-11,Santiago Ramírez,Clase Individual,Reformer,Reformer,0,No,Polanco,387
2024-05-11,Paula Morales,Paquete,Reformer,Reformer,8,No,Roma,3047
2024-05-11,Laura Díaz,Paquete,Mat Pilates,Ninguno,12,No,Roma,4488
2024-05-11,Fernanda González,Clase Individual,Mat Pilates,Ninguno,0,No,Polanco,401
2024-05-11,Miguel Mendoza,Fitpass,Mat Pilates,Ninguno,0,Sí,Condesa,202
2024-05-11,Alejandro Gómez,Fitpass,Reformer,Reformer,0,Sí,Condesa,199
2024-05-11,Lucía López,Paquete,Reformer,Reformer,8,No,Polanco,3150
2024-05-11,Lucía Martínez,Clase Individual,Reformer,Reformer,0,No,Condesa,445
2024-05-11,Andrea Reyes,Paquete,Cadillac,Cadillac,8,No,Condesa,2922
2024-05-11,Fernanda Pérez,Fitpass,Chair,Chair,0,Sí,Polanco,200
2024-05-11,Mariana Flores,Fitpass,Chair,Chair,0,Sí,Condesa,235
2024-05-11,Rodrigo Torres,Clase Individual,Reformer,Reformer,0,No,Roma,432
2024-05-12,Sofía López,Fitpass,Cadillac,Cadillac,0,Sí,Condesa,221
2024-05-12,Alejandro Jiménez,Paquete,Reformer,Reformer,24,No,Polanco,8290
2024-05-12,Valeria Vázquez,Fitpass,Chair,Chair,0,Sí,Roma,191
2024-05-12,Luis Gutiérrez,Fitpass,Reformer,Reformer,0,Sí,Roma,227
2024-05-12,Mariana Rodríguez,Fitpass,Mat Pilates,Ninguno,0,Sí,Roma,239
2024-05-12,Daniela González,Clase Individual,Mat Pilates,Ninguno,0,No,Condesa,457
2024-05-12,Regina López,Paquete,Chair,Chair,12,No,Polanco,4603
2024-05-12,Rodrigo Mendoza,Fitpass,Mat Pilates,Ninguno,0,Sí,Roma,229
2024-05-13,Mariana Jiménez,Fitpass,Chair,Chair,0,Sí,Polanco,226
2024-05-13,Daniela Morales,Paquete,Cadillac,Cadillac,24,No,Condesa,8633
2024-05-13,María Flores,Paquete,Chair,Chair,8,No,Polanco,3279
2024-05-13,Fernando Sánchez,Paquete,Cadillac,Cadillac,8,No,Roma,2924
2024-05-13,Regina Torres,Paquete,Reformer,Reformer,8,No,Condesa,2946
2024-05-13,Fernando Ramírez,Fitpass,Reformer,Reformer,0,Sí,Condesa,180
2024-05-13,Diego Hernández,Clase Individual,Chair,Chair,0,No,Roma,514
2024-05-13,Ximena Jiménez,Clase Individual,Reformer,Reformer,0,No,Roma,426
2024-05-13,Camila Rodríguez,Clase Individual,Cadillac,Cadillac,0,No,Roma,403
2024-05-13,Natalia Morales,Paquete,Reformer,Reformer,8,No,Roma,3274
2024-05-13,Natalia González,Clase Individual,Reformer,Reformer,0,No,Roma,390
2024-05-13,Luis Gutiérrez,Clase Individual,Reformer,Reformer,0,No,Polanco,398
2024-05-13,Santiago Díaz,Paquete,Chair,Chair,8,No,Condesa,3023
2024-05-13,Carlos Mendoza,Fitpass,Reformer,Reformer,0,Sí,Polanco,237
2024-05-14,Fernanda González,Fitpass,Chair,Chair,0,Sí,Roma,196
2024-05-14,Miguel Gutiérrez,Clase Individual,Cadillac,Cadillac,0,No,Condesa,470
2024-05-14,Claudia Sánchez,Fitpass,Reformer,Reformer,0,Sí,Condesa,188
2024-05-14,Fernando González,Clase Individual,Mat Pilates,Ninguno,0,No,Roma,464
2024-05-14,Claudia Díaz,Paquete,Mat Pilates,Ninguno,8,No,Polanco,2998
2024-05-14,Diego López,Fitpass,Reformer,Reformer,0,Sí,Polanco,182
2024-05-14,Ana Martínez,Fitpass,Chair,Chair,0,Sí,Condesa,222
2024-05-14,Andrea Gómez,Paquete,Reformer,Reformer,8,No,Roma,3273
2024-05-14,Lucía Díaz,Fitpass,Reformer,Reformer,0,Sí,Roma,208
2024-05-14,Natalia Reyes,Clase Individual,Mat Pilates,Ninguno,0,No,Condesa,463
2024-05-14,Carolina López,Fitpass,Cadillac,Cadillac,0,Sí,Condesa,214
2024-05-14,Victoria González,Fitpass,Reformer,Reformer,0,Sí,Roma,190
2024-05-14,María Pérez,Paquete,Reformer,Reformer,12,No,Roma,4242
2024-05-14,Valeria Sánchez,Clase Individual,Chair,Chair,0,No,Condesa,452
2024-05-14,Laura Sánchez,Paquete,Reformer,Reformer,8,No,Condesa,2911
2024-05-15,Luis González,Fitpass,Reformer,Reformer,0,Sí,Condesa,187
2024-05-15,Lucía Díaz,Fitpass,Reformer,Reformer,0,Sí,Polanco,232
2024-05-15,Diego Gutiérrez,Clase Individual,Chair,Chair,0,No,Roma,428
2024-05-15,Javier Sánchez,Paquete,Cadillac,Cadillac,8,No,Polanco,3117
2024-05-15,Natalia Hernández,Paquete,Reformer,Reformer,8,No,Roma,2943
2024-05-15,Regina Gómez,Paquete,Mat Pilates,Ninguno,8,No,Roma,3103
2024-05-15,Carolina Cruz,Paquete,Reformer,Reformer,24,No,Roma,8577
2024-05-15,Camila González,Paquete,Reformer,Reformer,24,No,Condesa,8853
2024-05-15,Mariana Morales,Paquete,Reformer,Reformer,12,No,Condesa,4634
2024-05-15,Laura Gómez,Fitpass,Reformer,Reformer,0,Sí,Condesa,239
2024-05-15,Ximena López,Fitpass,Reformer,Reformer,0,Sí,Roma,234
2024-05-15,Carlos García,Fitpass,Chair,Chair,0,Sí,Roma,184
2024-05-15,Carlos López,Clase Individual,Reformer,Reformer,0,No,Condesa,466
2024-05-15,Luis González,Paquete,Mat Pilates,Ninguno,8,No,Roma,3078
2024-05-15,Daniela Sánchez,Clase Individual,Reformer,Reformer,0,No,Polanco,391
2024-05-16,Natalia Hernández,Fitpass,Mat Pilates,Ninguno,0,Sí,Roma,180
2024-05-16,Santiago Díaz,Paquete,Chair,Chair,8,No,Roma,3027
2024-05-16,Regina Pérez,Clase Individual,Reformer,Reformer,0,No,Condesa,457
2024-05-16,Luis Morales,Fitpass,Chair,Chair,0,Sí,Condesa,201
2024-05-16,Fernanda Gómez,Fitpass,Cadillac,Cadillac,0,Sí,Condesa,237
2024-05-16,Ximena Gutiérrez,Fitpass,Chair,Chair,0,Sí,Roma,215
2024-05-16,Sofía Jiménez,Paquete,Mat Pilates,Ninguno,8,No,Roma,2959
2024-05-16,María García,Fitpass,Reformer,Reformer,0,Sí,Polanco,185
2024-05-16,Javier Sánchez,Paquete,Mat Pilates,Ninguno,8,No,Condesa,3130
2024-05-16,Luis Mendoza,Fitpass,Reformer,Reformer,0,Sí,Roma,228
2024-05-16,Claudia Martínez,Clase Individual,Mat Pilates,Ninguno,0,No,Condesa,491
2024-05-16,Rodrigo García,Paquete,Chair,Chair,12,No,Roma,4434
2024-05-16,Natalia Sánchez,Clase Individual,Reformer,Reformer,0,No,Roma,517
2024-05-16,María Reyes,Fitpass,Reformer,Reformer,0,Sí,Polanco,215
2024-05-16,Renata Morales,Clase Individual,Reformer,Reformer,0,No,Roma,395
2024-05-16,Gabriela Sánchez,Fitpass,Mat Pilates,Ninguno,0,Sí,Roma,182
2024-05-16,Natalia Cruz,Paquete,Mat Pilates,Ninguno,24,No,Condesa,8818
2024-05-16,Regina Mendoza,Fitpass,Chair,Chair,0,Sí,Condesa,234
2024-05-17,Rodrigo Ramírez,Paquete,Cadillac,Cadillac,12,No,Polanco,4653
2024-05-17,Diego Rodríguez,Paquete,Reformer,Reformer,24,No,Condesa,8270
2024-05-17,Carlos Ramírez,Fitpass,Reformer,Reformer,0,Sí,Polanco,229
2024-05-17,Laura González,Fitpass,Reformer,Reformer,0,Sí,Condesa,211
2024-05-17,Carolina Vázquez,Paquete,Mat Pilates,Ninguno,8,No,Polanco,2988
2024-05-17,Luis García,Paquete,Cadillac,Cadillac,12,No,Condesa,4209
2024-05-17,Fernando Mendoza,Fitpass,Reformer,Reformer,0,Sí,Polanco,232
2024-05-17,Gabriela Gómez,Paquete,Reformer,Reformer,12,No,Roma,4684
2024-05-17,Laura Gómez,Paquete,Mat Pilates,Ninguno,8,No,Condesa,3124
2024-05-17,Javier Díaz,Clase Individual,Mat Pilates,Ninguno,0,No,Roma,516
2024-05-17,Daniela Gutiérrez,Paquete,Reformer,Reformer,24,No,Roma,8780
2024-05-18,Carlos Díaz,Fitpass,Reformer,Reformer,0,Sí,Condesa,231
2024-05-18,Miguel Flores,Clase Individual,Cadillac,Cadillac,0,No,Roma,410
2024-05-18,Fernando Jiménez,Paquete,Reformer,Reformer,8,No,Polanco,3055
2024-05-18,Alejandro Hernández,Fitpass,Chair,Chair,0,Sí,Roma,212
2024-05-18,Sofía Mendoza,Clase Individual,Reformer,Reformer,0,No,Roma,400
2024-05-18,Regina Díaz,Paquete,Reformer,Reformer,8,No,Roma,3188
2024-05-18,Fernando Pérez,Paquete,Chair,Chair,8,No,Condesa,3273
2024-05-18,Valeria Morales,Paquete,Reformer,Reformer,8,No,Condesa,3297
2024-05-18,Paula García,Paquete,Chair,Chair,24,No,Condesa,8716
2024-05-18,Mariana Morales,Fitpass,Reformer,Reformer,0,Sí,Condesa,184
2024-05-19,Ximena López,Paquete,Mat Pilates,Ninguno,24,No,Condesa,8514
2024-05-19,Carlos Ramírez,Paquete,Chair,Chair,8,No,Condesa,3083
2024-05-19,Alejandro Pérez,Fitpass,Chair,Chair,0,Sí,Roma,187
2024-05-19,Gabriela González,Fitpass,Chair,Chair,0,Sí,Polanco,220
2024-05-19,Valeria Mendoza,Paquete,Reformer,Reformer,12,No,Condesa,4588
2024-05-19,Regina Morales,Paquete,Chair,Chair,8,No,Roma,3206
2024-05-19,Diego Gómez,Paquete,Cadillac,Cadillac,8,No,Roma,2957
2024-05-19,Daniela Sánchez,Clase Individual,Reformer,Reformer,0,No,Condesa,516
2024-05-19,Regina Gutiérrez,Fitpass,Chair,Chair,0,Sí,Roma,233
2024-05-19,Natalia Reyes,Fitpass,Reformer,Reformer,0,Sí,Condesa,184
2024-05-19,Carlos Ramírez,Fitpass,Cadillac,Cadillac,0,Sí,Condesa,216
2024-05-19,Ana Morales,Fitpass,Cadillac,Cadillac,0,Sí,Condesa,240
2024-05-19,Fernanda Reyes,Fitpass,Reformer,Reformer,0,Sí,Condesa,182
2024-05-20,Renata Torres,Clase Individual,Mat Pilates,Ninguno,0,No,Polanco,502
2024-05-20,María García,Clase Individual,Chair,Chair,0,No,Roma,492
2024-05-20,Valeria Gutiérrez,Fitpass,Reformer,Reformer,0,Sí,Condesa,239
2024-05-20,Gabriela Sánchez,Fitpass,Reformer,Reformer,0,Sí,Roma,215
2024-05-20,Lucía Martínez,Fitpass,Mat Pilates,Ninguno,0,Sí,Polanco,195
2024-05-20,Lucía Ramírez,Paquete,Reformer,Reformer,12,No,Roma,4485
2024-05-20,Valeria Martínez,Clase Individual,Chair,Chair,0,No,Roma,507
2024-05-20,Valeria Gutiérrez,Fitpass,Reformer,Reformer,0,Sí,Roma,231
2024-05-20,Javier García,Paquete,Mat Pilates,Ninguno,8,No,Polanco,3107
2024-05-21,Camila Reyes,Clase Individual,Mat Pilates,Ninguno,0,No,Roma,397
2024-05-21,Natalia Sánchez,Fitpass,Mat Pilates,Ninguno,0,Sí,Condesa,196
2024-05-21,Mariana Rodríguez,Paquete,Chair,Chair,8,No,Condesa,2903
2024-05-21,Claudia Gómez,Clase Individual,Reformer,Reformer,0,No,Roma,432
2024-05-21,Carolina Jiménez,Paquete,Chair,Chair,12,No,Polanco,4531
2024-05-21,Renata Flores,Fitpass,Chair,Chair,0,Sí,Polanco,189
2024-05-21,Fernando García,Clase Individual,Reformer,Reformer,0,No,Condesa,438
2024-05-21,Renata González,Paquete,Cadillac,Cadillac,12,No,Roma,4303
2024-05-21,Andrea Sánchez,Paquete,Cadillac,Cadillac,8,No,Roma,2985
2024-05-21,Alejandro Torres,Fitpass,Chair,Chair,0,Sí,Roma,227
2024-05-21,Paula Flores,Fitpass,Reformer,Reformer,0,Sí,Condesa,189
2024-05-21,Fernando Pérez,Clase Individual,Reformer,Reformer,0,No,Roma,397
2024-05-21,Lucía Pérez,Fitpass,Reformer,Reformer,0,Sí,Roma,237
2024-05-21,Santiago Martínez,Paquete,Reformer,Reformer,24,No,Roma,8165
2024-05-21,Claudia Gutiérrez,Clase Individual,Reformer,Reformer,0,No,Roma,497
2024-05-21,Camila Martínez,Paquete,Chair,Chair,12,No,Roma,4428
2024-05-21,Lucía Gutiérrez,Paquete,Reformer,Reformer,8,No,Roma,3116
2024-05-21,Lucía Flores,Paquete,Reformer,Reformer,24,No,Condesa,7960
2024-05-21,Santiago Torres,Clase Individual,Chair,Chair,0,No,Condesa,420
2024-05-21,Andrea López,Fitpass,Reformer,Reformer,0,Sí,Polanco,204
2024-05-21,Javier Gómez,Fitpass,Reformer,Reformer,0,Sí,Polanco,240
2024-05-22,Paula Díaz,Paquete,Cadillac,Cadillac,24,No,Condesa,8485
2024-05-22,Mateo Rodríguez,Clase Individual,Chair,Chair,0,No,Condesa,435
2024-05-22,Natalia Martínez,Clase Individual,Mat Pilates,Ninguno,0,No,Condesa,426
2024-05-22,Paula Flores,Clase Individual,Reformer,Reformer,0,No,Roma,444
2024-05-22,Laura Mendoza,Paquete,Reformer,Reformer,12,No,Polanco,4354
2024-05-22,Lucía López,Paquete,Reformer,Reformer,8,No,Roma,3158
2024-05-22,Mariana Reyes,Clase Individual,Cadillac,Cadillac,0,No,Polanco,391
2024-05-22,Lucía Reyes,Clase Individual,Chair,Chair,0,No,Polanco,477
2024-05-22,Miguel Rodríguez,Fitpass,Mat Pilates,Ninguno,0,Sí,Condesa,236
2024-05-22,Renata Flores,Fitpass,Reformer,Reformer,0,Sí,Polanco,213
2024-05-22,Andrea Sánchez,Fitpass,Chair,Chair,0,Sí,Roma,198
2024-05-23,Camila Torres,Paquete,Reformer,Reformer,8,No,Roma,2954
2024-05-23,Lucía Martínez,Paquete,Reformer,Reformer,8,No,Polanco,2907
2024-05-23,Laura González,Paquete,Reformer,Reformer,8,No,Roma,3176
2024-05-23,Claudia Morales,Fitpass,Reformer,Reformer,0,Sí,Condesa,219
2024-05-23,Laura Ramírez,Fitpass,Reformer,Reformer,0,Sí,Roma,202
2024-05-23,Javier Vázquez,Fitpass,Reformer,Reformer,0,Sí,Condesa,237
2024-05-23,Sofía López,Fitpass,Mat Pilates,Ninguno,0,Sí,Condesa,219
2024-05-23,Santiago Mendoza,Fitpass,Reformer,Reformer,0,Sí,Roma,230
2024-05-23,Ana Flores,Clase Individual,Mat Pilates,Ninguno,0,No,Condesa,434
2024-05-23,Ximena López,Paquete,Mat Pilates,Ninguno,8,No,Roma,3061
2024-05-23,Luis López,Fitpass,Reformer,Reformer,0,Sí,Roma,182
2024-05-23,Diego Torres,Paquete,Reformer,Reformer,8,No,Roma,3084
2024-05-24,Andrea Vázquez,Paquete,Mat Pilates,Ninguno,12,No,Roma,4654
2024-05-24,Miguel Mendoza,Paquete,Reformer,Reformer,12,No,Polanco,4154
2024-05-24,Miguel González,Clase Individual,Reformer,Reformer,0,No,Roma,477
2024-05-24,Laura Sánchez,Paquete,Chair,Chair,8,No,Condesa,3236
2024-05-24,Carlos García,Clase Individual,Chair,Chair,0,No,Condesa,430
2024-05-24,Claudia Martínez,Paquete,Reformer,Reformer,12,No,Condesa,4203
2024-05-24,Natalia González,Fitpass,Cadillac,Cadillac,0,Sí,Roma,208
2024-05-24,Sofía Reyes,Paquete,Chair,Chair,8,No,Roma,3242
2024-05-24,Miguel López,Fitpass,Chair,Chair,0,Sí,Roma,215
2024-05-24,Luis Hernández,Paquete,Chair,Chair,24,No,Roma,8124
2024-05-24,Fernanda González,Paquete,Mat Pilates,Ninguno,24,No,Condesa,8583
2024-05-24,Andrea Gutiérrez,Paquete,Mat Pilates,Ninguno,12,No,Polanco,4167
2024-05-24,Carolina Mendoza,Clase Individual,Reformer,Reformer,0,No,Condesa,396
2024-05-24,Laura Hernández,Paquete,Cadillac,Cadillac,12,No,Condesa,4186
2024-05-24,Fernanda González,Clase Individual,Reformer,Reformer,0,No,Roma,474
2024-05-24,Valeria Mendoza,Fitpass,Reformer,Reformer,0,Sí,Roma,186
2024-05-25,Camila Vázquez,Paquete,Reformer,Reformer,8,No,Roma,2907
2024-05-25,Mateo Cruz,Paquete,Reformer,Reformer,8,No,Roma,3223
2024-05-25,Rodrigo González,Fitpass,Reformer,Reformer,0,Sí,Condesa,198
2024-05-25,Fernando Díaz,Fitpass,Reformer,Reformer,0,Sí,Polanco,237
2024-05-25,Gabriela Martínez,Fitpass,Cadillac,Cadillac,0,Sí,Polanco,193
2024-05-25,Laura Mendoza,Paquete,Mat Pilates,Ninguno,8,No,Roma,3277
2024-05-25,María Gómez,Paquete,Reformer,Reformer,24,No,Condesa,8667
2024-05-25,Mateo Sánchez,Fitpass,Reformer,Reformer,0,Sí,Roma,198
2024-05-25,Carolina Sánchez,Fitpass,Reformer,Reformer,0,Sí,Polanco,194
2024-05-25,Rodrigo Ramírez,Paquete,Chair,Chair,8,No,Roma,3237
2024-05-26,Victoria Martínez,Paquete,Reformer,Reformer,12,No,Roma,4288
2024-05-26,Fernanda Reyes,Paquete,Cadillac,Cadillac,12,No,Roma,4374
2024-05-26,Alejandro Torres,Paquete,Chair,Chair,8,No,Roma,3163
2024-05-26,Valeria Flores,Paquete,Reformer,Reformer,8,No,Roma,3014
2024-05-26,Mateo Morales,Fitpass,Reformer,Reformer,0,Sí,Roma,225
2024-05-26,Ximena Gutiérrez,Paquete,Cadillac,Cadillac,8,No,Polanco,3047
2024-05-26,Regina Reyes,Clase Individual,Reformer,Reformer,0,No,Roma,447
2024-05-26,Paula Vázquez,Clase Individual,Reformer,Reformer,0,No,Roma,504
2024-05-26,María Mendoza,Paquete,Chair,Chair,12,No,Polanco,4661
2024-05-26,Camila Martínez,Paquete,Chair,Chair,12,No,Polanco,4631
2024-05-26,Fernanda Gutiérrez,Clase Individual,Chair,Chair,0,No,Polanco,433
2024-05-26,Carlos Martínez,Paquete,Cadillac,Cadillac,8,No,Polanco,3089
2024-05-26,Carolina Cruz,Fitpass,Mat Pilates,Ninguno,0,Sí,Condesa,217
2024-05-26,Natalia Cruz,Fitpass,Chair,Chair,0,Sí,Condesa,208
2024-05-26,Javier Torres,Fitpass,Reformer,Reformer,0,Sí,Roma,200
2024-05-26,Regina Cruz,Fitpass,Cadillac,Cadillac,0,Sí,Roma,211
2024-05-26,Fernanda Rodríguez,Paquete,Reformer,Reformer,24,No,Roma,8482
2024-05-26,Gabriela Flores,Paquete,Mat Pilates,Ninguno,8,No,Roma,2900
2024-05-26,Ximena González,Paquete,Chair,Chair,8,No,Condesa,3220
2024-05-27,Mariana Martínez,Paquete,Reformer,Reformer,24,No,Polanco,8134
2024-05-27,Carolina Hernández,Fitpass,Cadillac,Cadillac,0,Sí,Roma,185
2024-05-27,Laura Mendoza,Fitpass,Cadillac,Cadillac,0,Sí,Condesa,217
2024-05-27,Fernanda Torres,Fitpass,Reformer,Reformer,0,Sí,Condesa,225
2024-05-27,Mateo Pérez,Paquete,Reformer,Reformer,12,No,Polanco,4564
2024-05-27,Paula Reyes,Paquete,Reformer,Reformer,12,No,Condesa,4504
2024-05-27,Paula Vázquez,Paquete,Cadillac,Cadillac,24,No,Condesa,8789
2024-05-27,Luis Reyes,Fitpass,Reformer,Reformer,0,Sí,Condesa,215
2024-05-27,Renata Reyes,Clase Individual,Reformer,Reformer,0,No,Polanco,433
2024-05-27,Mariana Díaz,Fitpass,Reformer,Reformer,0,Sí,Roma,213
2024-05-27,Paula Ramírez,Paquete,Mat Pilates,Ninguno,12,No,Polanco,4687
2024-05-28,Camila Cruz,Paquete,Chair,Chair,12,No,Roma,4178
2024-05-28,Valeria Reyes,Paquete,Chair,Chair,12,No,Condesa,4557
2024-05-28,Victoria Flores,Fitpass,Reformer,Reformer,0,Sí,Polanco,217
2024-05-28,Ximena González,Paquete,Cadillac,Cadillac,8,No,Polanco,3120
2024-05-28,Rodrigo Díaz,Paquete,Chair,Chair,8,No,Condesa,3112
2024-05-28,Paula Sánchez,Paquete,Cadillac,Cadillac,12,No,Roma,4223
2024-05-28,Gabriela García,Clase Individual,Reformer,Reformer,0,No,Polanco,457
2024-05-28,Claudia Torres,Paquete,Chair,Chair,8,No,Polanco,3296
2024-05-28,María Gutiérrez,Clase Individual,Mat Pilates,Ninguno,0,No,Roma,485
2024-05-28,Diego González,Paquete,Chair,Chair,12,No,Roma,4102
2024-05-28,Mateo Gómez,Paquete,Reformer,Reformer,8,No,Polanco,2947
2024-05-28,Camila Martínez,Paquete,Reformer,Reformer,12,No,Roma,4571
2024-05-29,Santiago Morales,Clase Individual,Chair,Chair,0,No,Polanco,409
2024-05-29,Diego Díaz,Clase Individual,Chair,Chair,0,No,Roma,440
2024-05-29,Mateo Hernández,Fitpass,Reformer,Reformer,0,Sí,Roma,200
2024-05-29,Ximena Flores,Fitpass,Reformer,Reformer,0,Sí,Roma,203
2024-05-29,Lucía Rodríguez,Fitpass,Reformer,Reformer,0,Sí,Condesa,213
2024-05-29,Victoria Hernández,Fitpass,Reformer,Reformer,0,Sí,Roma,180
2024-05-29,Rodrigo Morales,Clase Individual,Reformer,Reformer,0,No,Roma,458
2024-05-29,Fernanda Flores,Clase Individual,Reformer,Reformer,0,No,Polanco,446
2024-05-30,Rodrigo Pérez,Fitpass,Chair,Chair,0,Sí,Condesa,203
2024-05-30,Renata Morales,Paquete,Chair,Chair,8,No,Roma,3153
2024-05-30,Alejandro Vázquez,Paquete,Reformer,Reformer,12,No,Polanco,4556
2024-05-30,Victoria Jiménez,Fitpass,Mat Pilates,Ninguno,0,Sí,Roma,212
2024-05-30,María Díaz,Fitpass,Mat Pilates,Ninguno,0,Sí,Roma,189
2024-05-30,Paula Reyes,Paquete,Reformer,Reformer,12,No,Condesa,4319
2024-05-30,Valeria Cruz,Clase Individual,Cadillac,Cadillac,0,No,Condesa,512
2024-05-30,Miguel Morales,Paquete,Reformer,Reformer,12,No,Condesa,4581
2024-05-30,Camila Gómez,Paquete,Mat Pilates,Ninguno,24,No,Condesa,8192
2024-05-30,Natalia López,Clase Individual,Reformer,Reformer,0,No,Roma,434
2024-05-30,Victoria Jiménez,Paquete,Reformer,Reformer,8,No,Roma,3101
2024-05-30,Natalia Gutiérrez,Paquete,Reformer,Reformer,12,No,Roma,4290
2024-05-31,Regina Ramírez,Paquete,Reformer,Reformer,12,No,Polanco,4424
2024-05-31,Andrea González,Paquete,Chair,Chair,8,No,Roma,3119
2024-05-31,Laura Pérez,Fitpass,Reformer,Reformer,0,Sí,Condesa,207
2024-05-31,Paula Reyes,Paquete,Chair,Chair,8,No,Condesa,3293
2024-05-31,Fernanda Gutiérrez,Clase Individual,Mat Pilates,Ninguno,0,No,Roma,412
2024-05-31,Regina González,Paquete,Reformer,Reformer,8,No,Roma,3066
2024-05-31,Santiago Mendoza,Paquete,Mat Pilates,Ninguno,12,No,Roma,4620
2024-05-31,Mariana Mendoza,Paquete,Mat Pilates,Ninguno,8,No,Condesa,3033
2024-05-31,Santiago Rodríguez,Clase Individual,Reformer,Reformer,0,No,Polanco,474
2024-05-31,Victoria Gómez,Clase Individual,Chair,Chair,0,No,Roma,504
2024-05-31,Alejandro Jiménez,Fitpass,Chair,Chair,0,Sí,Condesa,233
2024-05-31,Sofía Morales,Fitpass,Reformer,Reformer,0,Sí,Roma,219
2024-05-31,Diego Martínez,Paquete,Chair,Chair,24,No,Condesa,8697
2024-06-01,Mariana Ramírez,Fitpass,Reformer,Reformer,0,Sí,Polanco,185
2024-06-01,Natalia Mendoza,Paquete,Cadillac,Cadillac,12,No,Polanco,4260
2024-06-01,Lucía Ramírez,Fitpass,Reformer,Reformer,0,Sí,Condesa,236
2024-06-01,Carlos Rodríguez,Paquete,Reformer,Reformer,24,No,Condesa,8004
2024-06-01,Victoria Torres,Paquete,Chair,Chair,8,No,Condesa,3176
2024-06-01,Renata Mendoza,Paquete,Cadillac,Cadillac,24,No,Roma,8185
2024-06-01,Renata Morales,Fitpass,Mat Pilates,Ninguno,0,Sí,Polanco,240
2024-06-01,Mariana Martínez,Clase Individual,Reformer,Reformer,0,No,Polanco,513
2024-06-01,María Flores,Paquete,Reformer,Reformer,12,No,Polanco,4158
2024-06-01,Laura Reyes,Clase Individual,Reformer,Reformer,0,No,Condesa,513
2024-06-01,Paula Rodríguez,Clase Individual,Mat Pilates,Ninguno,0,No,Condesa,489
2024-06-01,Claudia Ramírez,Clase Individual,Mat Pilates,Ninguno,0,No,Polanco,471
2024-06-01,Ana Gutiérrez,Paquete,Cadillac,Cadillac,12,No,Roma,4229
2024-06-02,Ana Flores,Fitpass,Reformer,Reformer,0,Sí,Condesa,192
2024-06-02,Regina Ramírez,Fitpass,Chair,Chair,0,Sí,Condesa,194
2024-06-02,Ana Vázquez,Paquete,Mat Pilates,Ninguno,8,No,Polanco,3047
2024-06-02,Valeria Gómez,Clase Individual,Cadillac,Cadillac,0,No,Polanco,503
2024-06-02,Renata Gutiérrez,Fitpass,Reformer,Reformer,0,Sí,Condesa,236
2024-06-02,Diego González,Paquete,Reformer,Reformer,8,No,Roma,3198
2024-06-02,Fernando Morales,Fitpass,Reformer,Reformer,0,Sí,Roma,215
2024-06-02,Natalia Torres,Fitpass,Reformer,Reformer,0,Sí,Polanco,182
2024-06-02,Carolina Martínez,Paquete,Reformer,Reformer,8,No,Condesa,3088
2024-06-02,Lucía Flores,Paquete,Chair,Chair,12,No,Roma,4422
2024-06-02,Alejandro Torres,Fitpass,Chair,Chair,0,Sí,Roma,183
2024-06-02,Diego Díaz,Paquete,Cadillac,Cadillac,12,No,Roma,4346
2024-06-03,Carlos Díaz,Paquete,Reformer,Reformer,8,No,Condesa,3101
2024-06-03,Fernanda Rodríguez,Paquete,Mat Pilates,Ninguno,8,No,Polanco,3271
2024-06-03,Camila Gutiérrez,Clase Individual,Reformer,Reformer,0,No,Roma,447
2024-06-03,Valeria Mendoza,Paquete,Reformer,Reformer,12,No,Roma,4599
2024-06-03,Natalia Torres,Fitpass,Reformer,Reformer,0,Sí,Polanco,230
2024-06-03,Mariana Flores,Clase Individual,Mat Pilates,Ninguno,0,No,Polanco,434
2024-06-03,Paula Vázquez,Paquete,Cadillac,Cadillac,12,No,Roma,4101
2024-06-03,Sofía Torres,Paquete,Mat Pilates,Ninguno,12,No,Roma,4655
2024-06-03,Regina Ramírez,Paquete,Reformer,Reformer,24,No,Roma,8063
2024-06-03,Gabriela López,Fitpass,Reformer,Reformer,0,Sí,Condesa,204
2024-06-03,Ana López,Fitpass,Chair,Chair,0,Sí,Polanco,208
2024-06-03,Paula Gómez,Fitpass,Mat Pilates,Ninguno,0,Sí,Condesa,205
2024-06-03,Camila Hernández,Fitpass,Reformer,Reformer,0,Sí,Condesa,197
2024-06-03,Luis Gutiérrez,Clase Individual,Chair,Chair,0,No,Roma,421
2024-06-03,Camila Reyes,Fitpass,Reformer,Reformer,0,Sí,Roma,183
2024-06-03,Victoria Jiménez,Fitpass,Reformer,Reformer,0,Sí,Polanco,209
2024-06-03,María Gutiérrez,Paquete,Reformer,Reformer,24,No,Roma,8507
2024-06-03,Rodrigo López,Paquete,Cadillac,Cadillac,12,No,Polanco,4637
2024-06-03,Santiago Hernández,Fitpass,Chair,Chair,0,Sí,Roma,204
2024-06-03,Mariana Jiménez,Fitpass,Chair,Chair,0,Sí,Roma,194
2024-06-03,Andrea Hernández,Fitpass,Reformer,Reformer,0,Sí,Condesa,203
2024-06-04,Lucía Reyes,Fitpass,Mat Pilates,Ninguno,0,Sí,Roma,189
2024-06-04,Fernando Pérez,Paquete,Reformer,Reformer,8,No,Roma,3230
2024-06-04,Lucía González,Paquete,Mat Pilates,Ninguno,12,No,Condesa,4119
2024-06-04,Mateo Sánchez,Fitpass,Mat Pilates,Ninguno,0,Sí,Polanco,212
2024-06-04,Ximena Torres,Paquete,Reformer,Reformer,12,No,Condesa,4275
2024-06-04,Ana Cruz,Paquete,Cadillac,Cadillac,24,No,Roma,8411
2024-06-04,Ximena Morales,Paquete,Chair,Chair,8,No,Roma,3098
2024-06-04,Sofía Rodríguez,Fitpass,Mat Pilates,Ninguno,0,Sí,Roma,214
2024-06-04,Claudia Sánchez,Paquete,Cadillac,Cadillac,8,No,Roma,3248
2024-06-05,Diego Mendoza,Paquete,Chair,Chair,12,No,Roma,4555
2024-06-05,Fernanda López,Paquete,Reformer,Reformer,8,No,Roma,3154
2024-06-05,Ximena Jiménez,Paquete,Mat Pilates,Ninguno,12,No,Roma,4454
2024-06-05,Fernanda Mendoza,Paquete,Reformer,Reformer,12,No,Roma,4323
2024-06-05,Claudia Cruz,Paquete,Reformer,Reformer,24,No,Condesa,8251
2024-06-05,Sofía López,Fitpass,Reformer,Reformer,0,Sí,Condesa,199
2024-06-05,Paula Morales,Clase Individual,Mat Pilates,Ninguno,0,No,Polanco,453
2024-06-05,Claudia Torres,Fitpass,Chair,Chair,0,Sí,Roma,182
2024-06-05,Miguel Sánchez,Fitpass,Cadillac,Cadillac,0,Sí,Condesa,216
2024-06-05,Fernando García,Fitpass,Cadillac,Cadillac,0,Sí,Condesa,206
2024-06-06,Fernanda González,Paquete,Chair,Chair,8,No,Polanco,3095
2024-06-06,Sofía Mendoza,Clase Individual,Reformer,Reformer,0,No,Polanco,409
2024-06-06,Alejandro Torres,Clase Individual,Reformer,Reformer,0,No,Polanco,474
2024-06-06,Rodrigo Gutiérrez,Clase Individual,Reformer,Reformer,0,No,Polanco,434
2024-06-06,Renata López,Clase Individual,Reformer,Reformer,0,No,Roma,423
2024-06-06,Fernanda Pérez,Fitpass,Reformer,Reformer,0,Sí,Roma,198
2024-06-06,Claudia Jiménez,Paquete,Reformer,Reformer,12,No,Polanco,4385
2024-06-06,Victoria Vázquez,Clase Individual,Chair,Chair,0,No,Condesa,517
2024-06-06,Sofía Reyes,Fitpass,Reformer,Reformer,0,Sí,Polanco,208
2024-06-07,Camila Reyes,Fitpass,Reformer,Reformer,0,Sí,Polanco,225
2024-06-07,Camila Hernández,Paquete,Cadillac,Cadillac,8,No,Roma,2986
2024-06-07,Mateo Cruz,Clase Individual,Reformer,Reformer,0,No,Condesa,412
2024-06-07,Laura Pérez,Paquete,Chair,Chair,24,No,Roma,8347
2024-06-07,Claudia García,Paquete,Reformer,Reformer,8,No,Roma,3015
2024-06-07,Ana Martínez,Paquete,Mat Pilates,Ninguno,24,No,Condesa,8645
2024-06-07,Natalia Gutiérrez,Clase Individual,Reformer,Reformer,0,No,Roma,382
2024-06-07,Gabriela Sánchez,Paquete,Chair,Chair,8,No,Polanco,2905
2024-06-08,Santiago Pérez,Fitpass,Cadillac,Cadillac,0,Sí,Condesa,201
2024-06-08,Regina Martínez,Fitpass,Mat Pilates,Ninguno,0,Sí,Polanco,215
2024-06-08,Renata Flores,Paquete,Reformer,Reformer,8,No,Polanco,3190
2024-06-08,Carlos Mendoza,Paquete,Reformer,Reformer,24,No,Roma,8054
2024-06-08,Lucía Morales,Paquete,Chair,Chair,12,No,Polanco,4345
2024-06-08,Natalia González,Paquete,Reformer,Reformer,24,No,Condesa,8250
2024-06-08,Paula Rodríguez,Paquete,Reformer,Reformer,12,No,Polanco,4250
2024-06-08,Victoria Flores,Clase Individual,Chair,Chair,0,No,Roma,487
2024-06-08,Victoria Reyes,Paquete,Cadillac,Cadillac,8,No,Polanco,2917
2024-06-08,Regina Reyes,Clase Individual,Reformer,Reformer,0,No,Roma,409
2024-06-09,Camila Vázquez,Paquete,Chair,Chair,8,No,Polanco,3234
2024-06-09,Lucía Ramírez,Paquete,Reformer,Reformer,12,No,Roma,4291
2024-06-09,Mariana Pérez,Fitpass,Cadillac,Cadillac,0,Sí,Roma,226
2024-06-09,Fernando Mendoza,Fitpass,Cadillac,Cadillac,0,Sí,Polanco,214
2024-06-09,Mateo García,Fitpass,Reformer,Reformer,0,Sí,Polanco,237
2024-06-09,Camila Gómez,Paquete,Reformer,Reformer,8,No,Condesa,3012
2024-06-09,Renata Morales,Fitpass,Cadillac,Cadillac,0,Sí,Polanco,197
2024-06-09,Alejandro Hernández,Paquete,Reformer,Reformer,8,No,Roma,3216
2024-06-09,Mateo Rodríguez,Paquete,Cadillac,Cadillac,24,No,Polanco,8581
2024-06-10,Fernando Sánchez,Clase Individual,Mat Pilates,Ninguno,0,No,Polanco,404
2024-06-10,Rodrigo Gutiérrez,Paquete,Reformer,Reformer,8,No,Roma,3177
2024-06-10,Daniela Morales,Paquete,Chair,Chair,8,No,Roma,2938
2024-06-10,Valeria Díaz,Paquete,Mat Pilates,Ninguno,12,No,Polanco,4567
2024-06-10,Mariana Flores,Paquete,Cadillac,Cadillac,8,No,Condesa,3228
2024-06-10,Claudia Morales,Paquete,Chair,Chair,12,No,Roma,4483
2024-06-10,María Jiménez,Paquete,Cadillac,Cadillac,12,No,Condesa,4400
2024-06-10,Regina Gutiérrez,Clase Individual,Reformer,Reformer,0,No,Roma,456
2024-06-11,Renata Cruz,Fitpass,Reformer,Reformer,0,Sí,Condesa,182
2024-06-11,Javier Mendoza,Clase Individual,Chair,Chair,0,No,Roma,493
2024-06-11,Victoria Jiménez,Clase Individual,Chair,Chair,0,No,Roma,480
2024-06-11,Daniela Vázquez,Paquete,Reformer,Reformer,12,No,Condesa,4386
2024-06-11,Santiago Rodríguez,Fitpass,Chair,Chair,0,Sí,Polanco,238
2024-06-11,Natalia Cruz,Paquete,Reformer,Reformer,24,No,Condesa,8476
2024-06-11,Carolina Morales,Paquete,Reformer,Reformer,8,No,Roma,2995
2024-06-11,Carlos Torres,Fitpass,Chair,Chair,0,Sí,Roma,232
2024-06-11,Ana Mendoza,Clase Individual,Reformer,Reformer,0,No,Polanco,503
2024-06-11,Luis Hernández,Paquete,Mat Pilates,Ninguno,8,No,Condesa,3124
2024-06-12,Diego Gómez,Paquete,Reformer,Reformer,12,No,Roma,4460
2024-06-12,María Reyes,Fitpass,Cadillac,Cadillac,0,Sí,Roma,217
2024-06-12,Mariana Rodríguez,Clase Individual,Reformer,Reformer,0,No,Roma,395
2024-06-12,Regina Gómez,Fitpass,Mat Pilates,Ninguno,0,Sí,Polanco,228
2024-06-12,Gabriela González,Paquete,Reformer,Reformer,8,No,Polanco,3091
2024-06-12,Rodrigo Cruz,Fitpass,Reformer,Reformer,0,Sí,Condesa,234
2024-06-12,Javier Mendoza,Fitpass,Cadillac,Cadillac,0,Sí,Roma,187
2024-06-12,Javier García,Clase Individual,Reformer,Reformer,0,No,Roma,453
2024-06-12,Ximena Gómez,Paquete,Reformer,Reformer,12,No,Polanco,4198
2024-06-12,Fernanda Mendoza,Paquete,Reformer,Reformer,8,No,Polanco,3018
2024-06-12,Fernando Martínez,Fitpass,Reformer,Reformer,0,Sí,Roma,238
2024-06-12,Daniela Reyes,Paquete,Reformer,Reformer,24,No,Roma,7983
2024-06-12,Claudia Hernández,Paquete,Cadillac,Cadillac,8,No,Roma,3042
2024-06-13,Carolina González,Fitpass,Chair,Chair,0,Sí,Condesa,214
2024-06-13,Lucía García,Clase Individual,Reformer,Reformer,0,No,Condesa,395
2024-06-13,Rodrigo Ramírez,Paquete,Reformer,Reformer,8,No,Roma,2920
2024-06-13,María Cruz,Paquete,Mat Pilates,Ninguno,8,No,Roma,2978
2024-06-13,Natalia García,Clase Individual,Cadillac,Cadillac,0,No,Polanco,392
2024-06-13,Ximena Morales,Fitpass,Reformer,Reformer,0,Sí,Roma,187
2024-06-13,Camila Cruz,Paquete,Reformer,Reformer,8,No,Roma,3209
2024-06-13,Regina Reyes,Fitpass,Reformer,Reformer,0,Sí,Polanco,185
2024-06-13,Carolina Mendoza,Fitpass,Mat Pilates,Ninguno,0,Sí,Condesa,233
2024-06-13,Valeria Gutiérrez,Paquete,Mat Pilates,Ninguno,24,No,Polanco,8420
2024-06-14,Laura Pérez,Paquete,Cadillac,Cadillac,8,No,Polanco,3263
2024-06-14,Victoria Rodríguez,Paquete,Reformer,Reformer,24,No,Condesa,8491
2024-06-14,Valeria Martínez,Clase Individual,Reformer,Reformer,0,No,Condesa,476
2024-06-14,Valeria Mendoza,Paquete,Reformer,Reformer,24,No,Polanco,8083
2024-06-14,Alejandro Martínez,Fitpass,Cadillac,Cadillac,0,Sí,Roma,234
2024-06-14,Fernanda García,Paquete,Chair,Chair,8,No,Roma,3129
2024-06-14,Ana Gómez,Paquete,Mat Pilates,Ninguno,8,No,Condesa,2922
2024-06-14,Claudia Sánchez,Paquete,Reformer,Reformer,24,No,Roma,8370
2024-06-14,Andrea López,Clase Individual,Reformer,Reformer,0,No,Condesa,416
2024-06-14,Camila Ramírez,Fitpass,Reformer,Reformer,0,Sí,Condesa,215
2024-06-15,Andrea Reyes,Paquete,Chair,Chair,8,No,Polanco,3241
2024-06-15,Renata Mendoza,Fitpass,Reformer,Reformer,0,Sí,Roma,191
2024-06-15,Victoria Rodríguez,Fitpass,Reformer,Reformer,0,Sí,Roma,225
2024-06-15,Alejandro Gómez,Paquete,Mat Pilates,Ninguno,12,No,Polanco,4634
2024-06-15,Camila Morales,Paquete,Reformer,Reformer,24,No,Roma,8507
2024-06-16,Lucía Sánchez,Clase Individual,Mat Pilates,Ninguno,0,No,Condesa,473
2024-06-16,Gabriela Hernández,Paquete,Reformer,Reformer,8,No,Roma,3258
2024-06-16,Renata Gómez,Clase Individual,Reformer,Reformer,0,No,Roma,469
2024-06-16,María Hernández,Clase Individual,Reformer,Reformer,0,No,Condesa,402
2024-06-16,Luis López,Fitpass,Reformer,Reformer,0,Sí,Condesa,223
2024-06-16,Regina Morales,Fitpass,Reformer,Reformer,0,Sí,Roma,218
2024-06-16,Carolina López,Paquete,Cadillac,Cadillac,8,No,Roma,2965
2024-06-16,Daniela Martínez,Paquete,Chair,Chair,8,No,Condesa,3175
2024-06-16,Gabriela Ramírez,Paquete,Reformer,Reformer,8,No,Polanco,3145
2024-06-16,Valeria García,Fitpass,Reformer,Reformer,0,Sí,Roma,234
2024-06-16,Sofía González,Paquete,Mat Pilates,Ninguno,8,No,Roma,3274
2024-06-16,Alejandro López,Clase Individual,Chair,Chair,0,No,Polanco,441
2024-06-16,Valeria Reyes,Paquete,Reformer,Reformer,24,No,Condesa,8576
2024-06-17,Paula Flores,Fitpass,Reformer,Reformer,0,Sí,Roma,215
2024-06-17,Fernando García,Fitpass,Mat Pilates,Ninguno,0,Sí,Polanco,191
2024-06-17,Fernando Sánchez,Fitpass,Reformer,Reformer,0,Sí,Polanco,183
2024-06-17,Santiago Ramírez,Paquete,Chair,Chair,8,No,Polanco,3289
2024-06-17,Fernando Gómez,Fitpass,Chair,Chair,0,Sí,Polanco,203
2024-06-17,Miguel Flores,Clase Individual,Reformer,Reformer,0,No,Polanco,502
2024-06-17,Valeria González,Paquete,Cadillac,Cadillac,24,No,Roma,8525
2024-06-17,Valeria Pérez,Paquete,Cadillac,Cadillac,12,No,Condesa,4221
2024-06-17,Renata Jiménez,Clase Individual,Reformer,Reformer,0,No,Condesa,416
2024-06-17,Daniela Flores,Fitpass,Reformer,Reformer,0,Sí,Condesa,236
2024-06-18,Fernanda Vázquez,Clase Individual,Reformer,Reformer,0,No,Polanco,474
2024-06-18,Valeria Hernández,Fitpass,Mat Pilates,Ninguno,0,Sí,Condesa,218
2024-06-18,Santiago Pérez,Paquete,Cadillac,Cadillac,8,No,Roma,3130
2024-06-18,Gabriela Vázquez,Clase Individual,Chair,Chair,0,No,Condesa,392
2024-06-18,Sofía Mendoza,Fitpass,Reformer,Reformer,0,Sí,Polanco,218
2024-06-18,Camila Sánchez,Fitpass,Chair,Chair,0,Sí,Condesa,196
2024-06-18,Andrea Sánchez,Paquete,Reformer,Reformer,12,No,Polanco,4160
2024-06-18,Natalia Martínez,Paquete,Chair,Chair,12,No,Condesa,4624
2024-06-18,Valeria Cruz,Paquete,Mat Pilates,Ninguno,8,No,Condesa,3263
2024-06-19,Miguel Torres,Fitpass,Chair,Chair,0,Sí,Roma,204
2024-06-19,Fernanda Rodríguez,Paquete,Reformer,Reformer,12,No,Roma,4522
2024-06-19,Valeria Reyes,Fitpass,Chair,Chair,0,Sí,Condesa,189
2024-06-19,Ximena Ramírez,Fitpass,Reformer,Reformer,0,Sí,Polanco,229
2024-06-19,Ana Gómez,Paquete,Chair,Chair,12,No,Roma,4307
2024-06-19,Rodrigo Morales,Paquete,Chair,Chair,12,No,Roma,4531
2024-06-19,Camila Gutiérrez,Clase Individual,Chair,Chair,0,No,Polanco,440
2024-06-19,Carolina Cruz,Clase Individual,Chair,Chair,0,No,Polanco,388
2024-06-19,Fernanda Martínez,Paquete,Reformer,Reformer,24,No,Polanco,8091
2024-06-19,Camila Díaz,Fitpass,Chair,Chair,0,Sí,Condesa,201
2024-06-20,Ximena Hernández,Paquete,Mat Pilates,Ninguno,8,No,Polanco,2972
2024-06-20,Paula Gómez,Paquete,Cadillac,Cadillac,8,No,Roma,3034
2024-06-20,Laura Martínez,Fitpass,Reformer,Reformer,0,Sí,Roma,217
2024-06-20,Lucía Reyes,Fitpass,Reformer,Reformer,0,Sí,Roma,236
2024-06-20,Carolina Gómez,Fitpass,Cadillac,Cadillac,0,Sí,Roma,220
2024-06-20,Alejandro Mendoza,Fitpass,Reformer,Reformer,0,Sí,Roma,201
2024-06-20,Santiago Vázquez,Fitpass,Reformer,Reformer,0,Sí,Condesa,215
2024-06-20,Mariana Rodríguez,Fitpass,Reformer,Reformer,0,Sí,Roma,189
2024-06-20,Daniela Cruz,Clase Individual,Chair,Chair,0,No,Roma,470
2024-06-20,Mateo Pérez,Fitpass,Reformer,Reformer,0,Sí,Condesa,231
2024-06-20,Miguel Rodríguez,Paquete,Mat Pilates,Ninguno,8,No,Polanco,2955
2024-06-20,Laura Mendoza,Fitpass,Cadillac,Cadillac,0,Sí,Condesa,229
2024-06-20,Rodrigo Ramírez,Paquete,Cadillac,Cadillac,12,No,Polanco,4640
2024-06-21,Fernando Ramírez,Paquete,Reformer,Reformer,8,No,Condesa,3215
2024-06-21,Diego Jiménez,Fitpass,Mat Pilates,Ninguno,0,Sí,Polanco,207
2024-06-21,Fernando Torres,Paquete,Reformer,Reformer,8,No,Roma,2937
2024-06-21,Mateo Reyes,Paquete,Chair,Chair,8,No,Polanco,3013
2024-06-21,Mateo López,Paquete,Cadillac,Cadillac,24,No,Condesa,8172
2024-06-21,Claudia Jiménez,Paquete,Mat Pilates,Ninguno,8,No,Polanco,3283
2024-06-21,Regina Sánchez,Paquete,Reformer,Reformer,12,No,Roma,4167
2024-06-21,Camila Sánchez,Paquete,Chair,Chair,8,No,Polanco,2993
2024-06-22,Carlos Mendoza,Fitpass,Cadillac,Cadillac,0,Sí,Condesa,182
2024-06-22,Sofía Jiménez,Fitpass,Mat Pilates,Ninguno,0,Sí,Roma,223
2024-06-22,Santiago Reyes,Clase Individual,Reformer,Reformer,0,No,Polanco,402
2024-06-22,Carolina Cruz,Clase Individual,Reformer,Reformer,0,No,Roma,460
2024-06-22,Miguel Torres,Fitpass,Mat Pilates,Ninguno,0,Sí,Polanco,199
2024-06-22,Carolina Gómez,Fitpass,Reformer,Reformer,0,Sí,Polanco,233
2024-06-22,Sofía Torres,Fitpass,Chair,Chair,0,Sí,Roma,185
2024-06-22,Javier Gutiérrez,Clase Individual,Cadillac,Cadillac,0,No,Polanco,511
2024-06-22,Paula Ramírez,Paquete,Reformer,Reformer,8,No,Roma,2976
2024-06-22,Daniela Jiménez,Clase Individual,Cadillac,Cadillac,0,No,Polanco,484
2024-06-22,Victoria Jiménez,Paquete,Chair,Chair,12,No,Condesa,4495
2024-06-22,Sofía Torres,Clase Individual,Cadillac,Cadillac,0,No,Polanco,425
2024-06-22,Diego García,Paquete,Cadillac,Cadillac,8,No,Polanco,2942
2024-06-22,Fernando García,Paquete,Cadillac,Cadillac,8,No,Condesa,3047
2024-06-23,Camila Flores,Fitpass,Reformer,Reformer,0,Sí,Condesa,222
2024-06-23,Andrea Martínez,Clase Individual,Mat Pilates,Ninguno,0,No,Condesa,475
2024-06-23,Fernando García,Clase Individual,Chair,Chair,0,No,Condesa,413
2024-06-23,Victoria Flores,Paquete,Reformer,Reformer,8,No,Condesa,3015
2024-06-23,Diego Pérez,Paquete,Mat Pilates,Ninguno,8,No,Roma,3137
2024-06-23,Miguel Pérez,Paquete,Reformer,Reformer,12,No,Condesa,4285
2024-06-23,Santiago Sánchez,Fitpass,Reformer,Reformer,0,Sí,Condesa,188
2024-06-23,Carlos Pérez,Paquete,Reformer,Reformer,8,No,Polanco,3008
2024-06-23,Carolina Jiménez,Fitpass,Reformer,Reformer,0,Sí,Polanco,237
2024-06-23,Luis Hernández,Paquete,Chair,Chair,12,No,Roma,4474
2024-06-23,Daniela Morales,Clase Individual,Reformer,Reformer,0,No,Condesa,520
2024-06-24,Rodrigo Díaz,Paquete,Reformer,Reformer,12,No,Polanco,4568
2024-06-24,Andrea López,Fitpass,Reformer,Reformer,0,Sí,Roma,209
2024-06-24,Ana Pérez,Fitpass,Mat Pilates,Ninguno,0,Sí,Condesa,238
2024-06-24,Diego Ramírez,Paquete,Mat Pilates,Ninguno,8,No,Polanco,2965
2024-06-24,Rodrigo Díaz,Paquete,Mat Pilates,Ninguno,12,No,Condesa,4443
2024-06-24,Javier García,Fitpass,Reformer,Reformer,0,Sí,Roma,232
2024-06-24,Camila Reyes,Paquete,Reformer,Reformer,8,No,Roma,3191
2024-06-24,Luis Cruz,Paquete,Cadillac,Cadillac,8,No,Roma,3140
2024-06-24,Regina López,Fitpass,Reformer,Reformer,0,Sí,Condesa,240
2024-06-24,Fernando Pérez,Paquete,Mat Pilates,Ninguno,8,No,Roma,2934
2024-06-24,Miguel Ramírez,Clase Individual,Reformer,Reformer,0,No,Roma,482
2024-06-25,Daniela Gómez,Paquete,Reformer,Reformer,8,No,Roma,3053
2024-06-25,Rodrigo Díaz,Fitpass,Reformer,Reformer,0,Sí,Condesa,195
2024-06-25,Lucía López,Fitpass,Cadillac,Cadillac,0,Sí,Roma,205
2024-06-25,Carolina Hernández,Paquete,Reformer,Reformer,8,No,Roma,3190
2024-06-25,María Hernández,Paquete,Reformer,Reformer,8,No,Polanco,3228
2024-06-25,Mateo Gómez,Fitpass,Cadillac,Cadillac,0,Sí,Condesa,224
2024-06-25,Renata Flores,Paquete,Reformer,Reformer,8,No,Roma,2925
2024-06-25,Fernanda Díaz,Clase Individual,Reformer,Reformer,0,No,Condesa,410
2024-06-25,María Jiménez,Paquete,Cadillac,Cadillac,24,No,Roma,8340
2024-06-25,Camila Morales,Clase Individual,Reformer,Reformer,0,No,Roma,465
2024-06-26,Regina Sánchez,Fitpass,Cadillac,Cadillac,0,Sí,Polanco,233
2024-06-26,Miguel Torres,Paquete,Cadillac,Cadillac,12,No,Condesa,4535
2024-06-26,Valeria Martínez,Paquete,Reformer,Reformer,8,No,Condesa,3015
2024-06-26,Renata López,Fitpass,Chair,Chair,0,Sí,Polanco,225
2024-06-26,Mariana Ramírez,Paquete,Cadillac,Cadillac,12,No,Roma,4405
2024-06-26,Santiago Gómez,Fitpass,Chair,Chair,0,Sí,Roma,230
2024-06-26,Victoria Gómez,Clase Individual,Mat Pilates,Ninguno,0,No,Polanco,430
2024-06-26,Lucía Reyes,Paquete,Mat Pilates,Ninguno,8,No,Condesa,3206
2024-06-26,Ximena Hernández,Paquete,Reformer,Reformer,12,No,Roma,4465
2024-06-26,Carolina Cruz,Paquete,Reformer,Reformer,8,No,Polanco,2903
2024-06-26,Ana Vázquez,Paquete,Reformer,Reformer,8,No,Condesa,2972
2024-06-26,Claudia Pérez,Paquete,Chair,Chair,8,No,Roma,3201
2024-06-26,Valeria Flores,Fitpass,Reformer,Reformer,0,Sí,Roma,185
2024-06-26,María Rodríguez,Fitpass,Reformer,Reformer,0,Sí,Condesa,236
2024-06-26,Victoria Gutiérrez,Fitpass,Chair,Chair,0,Sí,Polanco,238
2024-06-27,Diego Martínez,Fitpass,Reformer,Reformer,0,Sí,Polanco,237
2024-06-27,Santiago Hernández,Clase Individual,Reformer,Reformer,0,No,Roma,493
2024-06-27,Claudia Rodríguez,Clase Individual,Cadillac,Cadillac,0,No,Roma,442
2024-06-27,Rodrigo Gutiérrez,Paquete,Chair,Chair,8,No,Condesa,2909
2024-06-27,Miguel Pérez,Fitpass,Reformer,Reformer,0,Sí,Roma,191
2024-06-27,Carolina Jiménez,Fitpass,Reformer,Reformer,0,Sí,Condesa,229
2024-06-27,Camila Martínez,Paquete,Reformer,Reformer,12,No,Condesa,4175
2024-06-27,Claudia Vázquez,Clase Individual,Chair,Chair,0,No,Condesa,427
2024-06-28,Santiago Gutiérrez,Paquete,Cadillac,Cadillac,12,No,Polanco,4140
2024-06-28,Paula García,Clase Individual,Reformer,Reformer,0,No,Condesa,486
2024-06-28,Natalia Hernández,Paquete,Cadillac,Cadillac,12,No,Roma,4455
2024-06-28,Claudia Hernández,Clase Individual,Reformer,Reformer,0,No,Roma,492
2024-06-28,Diego Reyes,Clase Individual,Chair,Chair,0,No,Roma,480
2024-06-28,Victoria Mendoza,Fitpass,Reformer,Reformer,0,Sí,Roma,180
2024-06-28,Ximena Hernández,Fitpass,Chair,Chair,0,Sí,Polanco,232
2024-06-28,Gabriela Jiménez,Fitpass,Reformer,Reformer,0,Sí,Roma,191
2024-06-28,Carolina Rodríguez,Paquete,Reformer,Reformer,8,No,Roma,2933
2024-06-28,Camila Reyes,Fitpass,Reformer,Reformer,0,Sí,Roma,223
2024-06-28,Ximena Ramírez,Clase Individual,Reformer,Reformer,0,No,Roma,388
2024-06-29,Carolina Mendoza,Paquete,Reformer,Reformer,8,No,Roma,3044
2024-06-29,Natalia Hernández,Paquete,Chair,Chair,12,No,Roma,4374
2024-06-29,Daniela Vázquez,Paquete,Reformer,Reformer,8,No,Condesa,3206
2024-06-29,Carlos Mendoza,Fitpass,Chair,Chair,0,Sí,Roma,191
2024-06-29,Rodrigo Mendoza,Paquete,Reformer,Reformer,8,No,Condesa,2964
2024-06-29,Mateo García,Paquete,Cadillac,Cadillac,8,No,Condesa,3083
2024-06-29,María Cruz,Clase Individual,Cadillac,Cadillac,0,No,Roma,401
2024-06-29,María Hernández,Fitpass,Chair,Chair,0,Sí,Roma,182
2024-06-29,Miguel Gutiérrez,Fitpass,Mat Pilates,Ninguno,0,Sí,Polanco,235
2024-06-30,Ximena Martínez,Fitpass,Cadillac,Cadillac,0,Sí,Roma,209
2024-06-30,Lucía Sánchez,Fitpass,Cadillac,Cadillac,0,Sí,Polanco,215
2024-06-30,Luis Sánchez,Paquete,Chair,Chair,24,No,Roma,8573
2024-06-30,Renata Ramírez,Paquete,Reformer,Reformer,12,No,Roma,4580
2024-06-30,Daniela Gutiérrez,Paquete,Reformer,Reformer,8,No,Roma,3136
2024-06-30,Ximena Hernández,Paquete,Chair,Chair,8,No,Condesa,2903
2024-06-30,Renata Mendoza,Fitpass,Chair,Chair,0,Sí,Polanco,185
2024-06-30,Regina Torres,Paquete,Reformer,Reformer,8,No,Roma,3101
2024-06-30,María Cruz,Fitpass,Reformer,Reformer,0,Sí,Polanco,238
2024-06-30,Paula Cruz,Paquete,Reformer,Reformer,24,No,Roma,7985
2024-06-30,Valeria Gómez,Paquete,Chair,Chair,12,No,Condesa,4160
2024-06-30,Claudia Morales,Fitpass,Reformer,Reformer,0,Sí,Polanco,191
2024-06-30,Daniela Pérez,Paquete,Reformer,Reformer,24,No,Condesa,8038
2024-06-30,Javier Gutiérrez,Fitpass,Reformer,Reformer,0,Sí,Condesa,183
2024-07-01,Carolina Mendoza,Fitpass,Mat Pilates,Ninguno,0,Sí,Roma,216
2024-07-01,Gabriela Hernández,Paquete,Reformer,Reformer,8,No,Roma,3274
2024-07-01,Regina Gómez,Paquete,Reformer,Reformer,12,No,Polanco,4245
2024-07-01,Sofía Cruz,Fitpass,Cadillac,Cadillac,0,Sí,Roma,208
2024-07-01,Paula Ramírez,Fitpass,Reformer,Reformer,0,Sí,Polanco,233
2024-07-01,Daniela Gutiérrez,Fitpass,Cadillac,Cadillac,0,Sí,Polanco,215
2024-07-01,Claudia Torres,Clase Individual,Chair,Chair,0,No,Roma,420
2024-07-02,Fernando Cruz,Paquete,Reformer,Reformer,8,No,Condesa,3233
2024-07-02,Valeria Flores,Clase Individual,Cadillac,Cadillac,0,No,Condesa,502
2024-07-02,Claudia Gutiérrez,Fitpass,Mat Pilates,Ninguno,0,Sí,Polanco,238
2024-07-02,Lucía Pérez,Paquete,Reformer,Reformer,24,No,Polanco,8125
2024-07-02,Fernando Cruz,Paquete,Reformer,Reformer,24,No,Roma,7946
2024-07-02,Rodrigo Mendoza,Paquete,Reformer,Reformer,12,No,Roma,4595
2024-07-02,Laura Martínez,Paquete,Reformer,Reformer,8,No,Roma,2970
2024-07-03,Javier Hernández,Paquete,Reformer,Reformer,24,No,Polanco,8709
2024-07-03,Renata Sánchez,Clase Individual,Chair,Chair,0,No,Roma,498
2024-07-03,Sofía González,Paquete,Reformer,Reformer,12,No,Condesa,4436
2024-07-03,Renata Ramírez,Paquete,Cadillac,Cadillac,24,No,Roma,8187
2024-07-03,Fernanda Morales,Paquete,Reformer,Reformer,12,No,Roma,4557
2024-07-04,Lucía Jiménez,Fitpass,Cadillac,Cadillac,0,Sí,Roma,202
2024-07-04,Renata Morales,Paquete,Reformer,Reformer,8,No,Polanco,3230
2024-07-04,Regina Reyes,Fitpass,Cadillac,Cadillac,0,Sí,Condesa,189
2024-07-04,Carolina Cruz,Paquete,Mat Pilates,Ninguno,24,No,Roma,7991
2024-07-04,Alejandro Rodríguez,Paquete,Reformer,Reformer,8,No,Condesa,3082
2024-07-04,Natalia Cruz,Paquete,Chair,Chair,12,No,Condesa,4359
2024-07-04,Mateo Rodríguez,Fitpass,Cadillac,Cadillac,0,Sí,Roma,180
2024-07-05,Sofía Mendoza,Fitpass,Chair,Chair,0,Sí,Roma,193
2024-07-05,Renata González,Clase Individual,Chair,Chair,0,No,Polanco,464
2024-07-05,Carlos Martínez,Clase Individual,Reformer,Reformer,0,No,Roma,431
2024-07-05,Andrea Gómez,Paquete,Chair,Chair,12,No,Polanco,4679
2024-07-05,Javier González,Clase Individual,Reformer,Reformer,0,No,Roma,498
2024-07-05,Gabriela López,Paquete,Chair,Chair,8,No,Roma,3014
2024-07-05,Natalia Vázquez,Paquete,Mat Pilates,Ninguno,8,No,Polanco,3250
2024-07-05,Santiago Vázquez,Paquete,Reformer,Reformer,24,No,Condesa,7938
2024-07-05,Natalia Hernández,Fitpass,Mat Pilates,Ninguno,0,Sí,Condesa,219
2024-07-06,Ximena Morales,Fitpass,Chair,Chair,0,Sí,Roma,193
2024-07-06,Mariana Ramírez,Paquete,Reformer,Reformer,8,No,Polanco,3207
2024-07-06,Rodrigo Gutiérrez,Fitpass,Chair,Chair,0,Sí,Roma,234
2024-07-06,María Cruz,Clase Individual,Mat Pilates,Ninguno,0,No,Condesa,391
2024-07-06,Claudia Hernández,Fitpass,Reformer,Reformer,0,Sí,Condesa,204
2024-07-06,Carlos Morales,Paquete,Mat Pilates,Ninguno,8,No,Roma,3080
2024-07-06,Laura Sánchez,Fitpass,Mat Pilates,Ninguno,0,Sí,Polanco,210
2024-07-06,Javier Gutiérrez,Paquete,Reformer,Reformer,8,No,Condesa,3294
2024-07-06,Diego Gómez,Paquete,Chair,Chair,12,No,Roma,4263
2024-07-06,Gabriela Sánchez,Paquete,Reformer,Reformer,24,No,Condesa,8524
2024-07-07,Fernanda García,Fitpass,Reformer,Reformer,0,Sí,Polanco,233
2024-07-07,Renata Sánchez,Fitpass,Mat Pilates,Ninguno,0,Sí,Roma,191
2024-07-07,Lucía Morales,Clase Individual,Chair,Chair,0,No,Roma,419
2024-07-07,Andrea Vázquez,Fitpass,Mat Pilates,Ninguno,0,Sí,Roma,218
2024-07-07,Diego Rodríguez,Fitpass,Cadillac,Cadillac,0,Sí,Polanco,196
2024-07-07,Carlos Gómez,Paquete,Mat Pilates,Ninguno,24,No,Condesa,8306
2024-07-07,Ximena Martínez,Fitpass,Chair,Chair,0,Sí,Roma,239
2024-07-07,Laura Díaz,Paquete,Chair,Chair,12,No,Condesa,4498
2024-07-07,Javier Jiménez,Clase Individual,Reformer,Reformer,0,No,Roma,424
2024-07-08,Regina Morales,Paquete,Reformer,Reformer,12,No,Condesa,4368
2024-07-08,Carlos López,Clase Individual,Mat Pilates,Ninguno,0,No,Roma,451
2024-07-08,Regina Sánchez,Fitpass,Reformer,Reformer,0,Sí,Polanco,225
2024-07-08,Diego Torres,Fitpass,Cadillac,Cadillac,0,Sí,Condesa,196
2024-07-08,Luis Rodríguez,Fitpass,Mat Pilates,Ninguno,0,Sí,Condesa,205
2024-07-08,Claudia Gutiérrez,Clase Individual,Cadillac,Cadillac,0,No,Roma,478
2024-07-08,Paula López,Paquete,Mat Pilates,Ninguno,8,No,Condesa,3269
2024-07-08,Paula López,Paquete,Cadillac,Cadillac,12,No,Condesa,4364
2024-07-08,Paula Morales,Paquete,Chair,Chair,8,No,Roma,3294
2024-07-08,Victoria Mendoza,Clase Individual,Reformer,Reformer,0,No,Roma,382
2024-07-09,Mariana Martínez,Fitpass,Cadillac,Cadillac,0,Sí,Polanco,223
2024-07-09,Gabriela Ramírez,Fitpass,Mat Pilates,Ninguno,0,Sí,Roma,194
2024-07-09,Camila Morales,Clase Individual,Reformer,Reformer,0,No,Roma,467
2024-07-09,Andrea López,Paquete,Reformer,Reformer,24,No,Condesa,8566
2024-07-09,Ximena Gómez,Paquete,Chair,Chair,8,No,Condesa,3151
2024-07-09,Santiago Vázquez,Fitpass,Reformer,Reformer,0,Sí,Condesa,181
2024-07-09,Ana Flores,Fitpass,Cadillac,Cadillac,0,Sí,Polanco,186
2024-07-09,Natalia Gutiérrez,Fitpass,Reformer,Reformer,0,Sí,Roma,191
2024-07-09,Ximena Jiménez,Paquete,Reformer,Reformer,8,No,Condesa,2903
2024-07-09,Alejandro Martínez,Fitpass,Cadillac,Cadillac,0,Sí,Roma,239
2024-07-09,Luis Morales,Fitpass,Chair,Chair,0,Sí,Condesa,199
2024-07-10,Carolina Hernández,Clase Individual,Chair,Chair,0,No,Polanco,511
2024-07-10,Fernanda López,Fitpass,Mat Pilates,Ninguno,0,Sí,Condesa,187
2024-07-10,Paula Ramírez,Fitpass,Mat Pilates,Ninguno,0,Sí,Polanco,208
2024-07-10,Diego Hernández,Clase Individual,Chair,Chair,0,No,Condesa,392
2024-07-10,Sofía González,Paquete,Reformer,Reformer,12,No,Roma,4522
2024-07-11,Regina Hernández,Fitpass,Reformer,Reformer,0,Sí,Condesa,223
2024-07-11,Rodrigo González,Clase Individual,Cadillac,Cadillac,0,No,Roma,474
2024-07-11,Laura Reyes,Clase Individual,Cadillac,Cadillac,0,No,Roma,517
2024-07-11,Luis García,Fitpass,Cadillac,Cadillac,0,Sí,Condesa,182
2024-07-11,Paula Martínez,Fitpass,Mat Pilates,Ninguno,0,Sí,Condesa,216
2024-07-11,Victoria Mendoza,Fitpass,Reformer,Reformer,0,Sí,Roma,232
2024-07-11,Daniela Hernández,Paquete,Cadillac,Cadillac,8,No,Condesa,2972
2024-07-11,Santiago Vázquez,Fitpass,Reformer,Reformer,0,Sí,Roma,202
2024-07-12,Claudia Ramírez,Fitpass,Reformer,Reformer,0,Sí,Roma,226
2024-07-12,Mateo Hernández,Clase Individual,Chair,Chair,0,No,Condesa,515
2024-07-12,Daniela Hernández,Clase Individual,Reformer,Reformer,0,No,Roma,480
2024-07-12,Diego Torres,Fitpass,Mat Pilates,Ninguno,0,Sí,Roma,238
2024-07-12,Diego Cruz,Paquete,Mat Pilates,Ninguno,8,No,Roma,3237
2024-07-12,Claudia González,Paquete,Reformer,Reformer,8,No,Roma,3006
2024-07-12,Fernando Ramírez,Fitpass,Reformer,Reformer,0,Sí,Condesa,217
2024-07-12,Laura Sánchez,Paquete,Mat Pilates,Ninguno,8,No,Condesa,2917
2024-07-13,Javier Vázquez,Clase Individual,Chair,Chair,0,No,Condesa,437
2024-07-13,Carlos Torres,Fitpass,Cadillac,Cadillac,0,Sí,Roma,234
2024-07-13,Laura Reyes,Fitpass,Reformer,Reformer,0,Sí,Condesa,232
2024-07-14,Paula Flores,Fitpass,Chair,Chair,0,Sí,Polanco,226
2024-07-14,Laura Sánchez,Clase Individual,Cadillac,Cadillac,0,No,Condesa,469
2024-07-14,Laura Flores,Paquete,Reformer,Reformer,8,No,Condesa,3135
2024-07-14,Laura Vázquez,Fitpass,Reformer,Reformer,0,Sí,Condesa,185
2024-07-14,Claudia Gómez,Fitpass,Cadillac,Cadillac,0,Sí,Polanco,236
2024-07-14,Victoria Díaz,Paquete,Chair,Chair,12,No,Roma,4332
2024-07-14,Laura González,Fitpass,Chair,Chair,0,Sí,Condesa,224
2024-07-14,Carolina Hernández,Clase Individual,Mat Pilates,Ninguno,0,No,Polanco,380
2024-07-15,Javier Torres,Fitpass,Reformer,Reformer,0,Sí,Roma,214
2024-07-16,Gabriela Jiménez,Paquete,Reformer,Reformer,12,No,Polanco,4168
2024-07-16,Fernando García,Paquete,Reformer,Reformer,24,No,Condesa,8067
2024-07-16,Carolina Jiménez,Fitpass,Reformer,Reformer,0,Sí,Polanco,196
2024-07-16,Valeria Flores,Paquete,Mat Pilates,Ninguno,12,No,Roma,4327
2024-07-16,Santiago Torres,Fitpass,Reformer,Reformer,0,Sí,Polanco,234
2024-07-16,Fernando Flores,Paquete,Chair,Chair,12,No,Condesa,4303
2024-07-17,Claudia Ramírez,Paquete,Reformer,Reformer,8,No,Roma,2994
2024-07-17,Andrea Reyes,Fitpass,Reformer,Reformer,0,Sí,Roma,211
2024-07-17,Rodrigo Sánchez,Clase Individual,Chair,Chair,0,No,Condesa,502
2024-07-17,Ana González,Paquete,Reformer,Reformer,8,No,Polanco,2944
2024-07-17,Luis Morales,Paquete,Reformer,Reformer,12,No,Condesa,4294
2024-07-18,Paula Reyes,Fitpass,Reformer,Reformer,0,Sí,Condesa,191
2024-07-18,Gabriela Martínez,Clase Individual,Cadillac,Cadillac,0,No,Roma,398
2024-07-18,Lucía Flores,Paquete,Reformer,Reformer,8,No,Polanco,3234
2024-07-19,Rodrigo Pérez,Paquete,Chair,Chair,8,No,Roma,2972
2024-07-19,Fernando Vázquez,Paquete,Reformer,Reformer,12,No,Polanco,4490
2024-07-19,Camila Hernández,Fitpass,Reformer,Reformer,0,Sí,Polanco,200
2024-07-19,Sofía López,Fitpass,Mat Pilates,Ninguno,0,Sí,Polanco,238
2024-07-19,Claudia Jiménez,Paquete,Chair,Chair,24,No,Condesa,8361
2024-07-19,Ana Martínez,Fitpass,Reformer,Reformer,0,Sí,Condesa,206
2024-07-19,Regina Jiménez,Paquete,Reformer,Reformer,12,No,Polanco,4168
2024-07-19,Miguel Ramírez,Clase Individual,Mat Pilates,Ninguno,0,No,Condesa,402
2024-07-19,Carolina Martínez,Fitpass,Mat Pilates,Ninguno,0,Sí,Condesa,184
2024-07-19,Ximena Torres,Fitpass,Chair,Chair,0,Sí,Polanco,182
2024-07-19,Mateo Martínez,Paquete,Reformer,Reformer,8,No,Condesa,3120
2024-07-19,María Pérez,Paquete,Reformer,Reformer,24,No,Condesa,8083
2024-07-19,Santiago Vázquez,Paquete,Reformer,Reformer,12,No,Roma,4202
2024-07-19,Diego González,Fitpass,Chair,Chair,0,Sí,Roma,228
2024-07-20,Ana García,Fitpass,Reformer,Reformer,0,Sí,Roma,239
2024-07-20,Renata Vázquez,Paquete,Reformer,Reformer,8,No,Roma,3191
2024-07-20,Ximena Hernández,Fitpass,Reformer,Reformer,0,Sí,Condesa,188
2024-07-20,Camila Reyes,Fitpass,Reformer,Reformer,0,Sí,Roma,218
2024-07-20,Victoria Hernández,Paquete,Reformer,Reformer,12,No,Condesa,4530
2024-07-21,Camila Torres,Paquete,Reformer,Reformer,8,No,Polanco,3026
2024-07-21,Daniela González,Paquete,Reformer,Reformer,12,No,Polanco,4548
2024-07-21,Diego González,Clase Individual,Cadillac,Cadillac,0,No,Condesa,470
2024-07-21,Andrea Reyes,Paquete,Cadillac,Cadillac,24,No,Polanco,8546
2024-07-22,Laura Ramírez,Paquete,Reformer,Reformer,8,No,Roma,2961
2024-07-22,Gabriela Flores,Clase Individual,Reformer,Reformer,0,No,Condesa,443
2024-07-22,Ximena Hernández,Paquete,Mat Pilates,Ninguno,8,No,Roma,3122
2024-07-22,Regina Vázquez,Paquete,Cadillac,Cadillac,8,No,Condesa,2990
2024-07-22,Carolina Díaz,Fitpass,Reformer,Reformer,0,Sí,Polanco,186
2024-07-22,Laura Reyes,Fitpass,Reformer,Reformer,0,Sí,Condesa,198
2024-07-22,Fernando Jiménez,Fitpass,Reformer,Reformer,0,Sí,Condesa,233
2024-07-22,Daniela Gómez,Fitpass,Mat Pilates,Ninguno,0,Sí,Condesa,205
2024-07-22,Fernanda Rodríguez,Paquete,Reformer,Reformer,8,No,Condesa,2975
2024-07-22,Mariana Gómez,Clase Individual,Mat Pilates,Ninguno,0,No,Roma,466
2024-07-22,María Mendoza,Paquete,Reformer,Reformer,12,No,Condesa,4442
2024-07-22,Regina Reyes,Clase Individual,Chair,Chair,0,No,Roma,507
2024-07-23,Javier Díaz,Paquete,Chair,Chair,8,No,Polanco,3124
2024-07-23,Valeria Reyes,Fitpass,Reformer,Reformer,0,Sí,Polanco,201
2024-07-23,Gabriela Ramírez,Fitpass,Reformer,Reformer,0,Sí,Condesa,227
2024-07-23,Camila Díaz,Paquete,Reformer,Reformer,8,No,Roma,3102
2024-07-23,Renata Sánchez,Fitpass,Reformer,Reformer,0,Sí,Roma,218
2024-07-23,Carlos Pérez,Paquete,Mat Pilates,Ninguno,8,No,Polanco,3173
2024-07-23,Ana García,Paquete,Chair,Chair,24,No,Polanco,8338
2024-07-23,Fernando Morales,Clase Individual,Reformer,Reformer,0,No,Condesa,421
2024-07-24,Javier Vázquez,Fitpass,Reformer,Reformer,0,Sí,Condesa,196
2024-07-24,Paula Torres,Paquete,Reformer,Reformer,8,No,Polanco,3097
2024-07-24,Laura Reyes,Clase Individual,Reformer,Reformer,0,No,Condesa,474
2024-07-24,Carolina Vázquez,Paquete,Chair,Chair,8,No,Polanco,3242
2024-07-25,Andrea Cruz,Fitpass,Reformer,Reformer,0,Sí,Condesa,199
2024-07-25,Claudia Cruz,Fitpass,Cadillac,Cadillac,0,Sí,Roma,205
2024-07-25,Carlos Gómez,Paquete,Reformer,Reformer,8,No,Roma,2987
2024-07-25,Laura Martínez,Paquete,Reformer,Reformer,12,No,Roma,4455
2024-07-25,Javier Mendoza,Paquete,Reformer,Reformer,8,No,Roma,3078
2024-07-25,Natalia Vázquez,Paquete,Reformer,Reformer,8,No,Roma,2960
2024-07-25,Fernando Jiménez,Paquete,Reformer,Reformer,12,No,Roma,4430
2024-07-25,Ana Ramírez,Fitpass,Cadillac,Cadillac,0,Sí,Condesa,237
2024-07-26,Natalia Martínez,Fitpass,Reformer,Reformer,0,Sí,Roma,232
2024-07-26,Luis Sánchez,Fitpass,Reformer,Reformer,0,Sí,Polanco,181
2024-07-26,Valeria Pérez,Clase Individual,Reformer,Reformer,0,No,Polanco,486
2024-07-26,Victoria González,Paquete,Reformer,Reformer,8,No,Condesa,2924
2024-07-26,Laura Díaz,Paquete,Reformer,Reformer,24,No,Condesa,8306
2024-07-26,Miguel Sánchez,Fitpass,Reformer,Reformer,0,Sí,Roma,198
2024-07-26,Carlos Morales,Paquete,Mat Pilates,Ninguno,12,No,Roma,4262
2024-07-26,Alejandro Pérez,Fitpass,Chair,Chair,0,Sí,Polanco,194
2024-07-26,Regina Jiménez,Paquete,Reformer,Reformer,12,No,Condesa,4412
2024-07-27,Fernando Díaz,Fitpass,Cadillac,Cadillac,0,Sí,Condesa,219
2024-07-27,Claudia Vázquez,Paquete,Reformer,Reformer,8,No,Condesa,2987
2024-07-27,Carolina Jiménez,Paquete,Reformer,Reformer,8,No,Roma,3222
2024-07-27,Paula Vázquez,Fitpass,Mat Pilates,Ninguno,0,Sí,Roma,200
2024-07-27,Sofía Martínez,Paquete,Chair,Chair,8,No,Roma,3184
2024-07-27,Javier Rodríguez,Paquete,Cadillac,Cadillac,12,No,Roma,4634
2024-07-27,Victoria Vázquez,Clase Individual,Mat Pilates,Ninguno,0,No,Polanco,447
2024-07-27,Fernanda Vázquez,Clase Individual,Chair,Chair,0,No,Polanco,389
2024-07-27,Rodrigo Mendoza,Paquete,Mat Pilates,Ninguno,8,No,Roma,3148
2024-07-28,Ximena Torres,Paquete,Mat Pilates,Ninguno,12,No,Polanco,4125
2024-07-28,Regina Torres,Clase Individual,Mat Pilates,Ninguno,0,No,Condesa,474
2024-07-28,Javier Ramírez,Fitpass,Reformer,Reformer,0,Sí,Polanco,209
2024-07-28,Carlos Gómez,Paquete,Reformer,Reformer,12,No,Roma,4589
2024-07-28,Javier Hernández,Paquete,Chair,Chair,8,No,Roma,3168
2024-07-28,Ximena Torres,Clase Individual,Reformer,Reformer,0,No,Condesa,394
2024-07-28,Gabriela Gutiérrez,Paquete,Reformer,Reformer,12,No,Condesa,4399
2024-07-28,María Flores,Clase Individual,Reformer,Reformer,0,No,Polanco,412
2024-07-28,Fernando Torres,Paquete,Mat Pilates,Ninguno,8,No,Condesa,3076
2024-07-29,Gabriela Flores,Paquete,Reformer,Reformer,8,No,Roma,3013
2024-07-29,Mariana Reyes,Paquete,Mat Pilates,Ninguno,12,No,Polanco,4466
2024-07-29,Carlos Sánchez,Fitpass,Mat Pilates,Ninguno,0,Sí,Roma,214
2024-07-29,Natalia Díaz,Fitpass,Chair,Chair,0,Sí,Polanco,192
2024-07-29,Ximena González,Paquete,Reformer,Reformer,8,No,Polanco,3223
2024-07-29,Gabriela González,Paquete,Reformer,Reformer,8,No,Roma,2966
2024-07-29,Renata Sánchez,Fitpass,Reformer,Reformer,0,Sí,Condesa,231
2024-07-29,Daniela Jiménez,Paquete,Chair,Chair,8,No,Condesa,3072
2024-07-29,Gabriela Gómez,Paquete,Reformer,Reformer,8,No,Roma,2954
2024-07-29,Fernando Hernández,Fitpass,Reformer,Reformer,0,Sí,Roma,191
2024-07-29,Alejandro Reyes,Fitpass,Reformer,Reformer,0,Sí,Condesa,188
2024-07-29,Renata Torres,Fitpass,Reformer,Reformer,0,Sí,Condesa,187
2024-07-29,Victoria Vázquez,Clase Individual,Cadillac,Cadillac,0,No,Condesa,447
2024-07-30,Paula Ramírez,Paquete,Reformer,Reformer,12,No,Roma,4170
2024-07-30,Victoria González,Clase Individual,Cadillac,Cadillac,0,No,Polanco,412
2024-07-30,Renata Sánchez,Paquete,Reformer,Reformer,12,No,Polanco,4191
2024-07-30,Diego Díaz,Paquete,Chair,Chair,12,No,Roma,4669
2024-07-30,Daniela Jiménez,Paquete,Chair,Chair,8,No,Condesa,3056
2024-07-30,Regina Rodríguez,Clase Individual,Reformer,Reformer,0,No,Polanco,474
2024-07-30,Valeria Mendoza,Clase Individual,Chair,Chair,0,No,Roma,476
2024-07-30,Regina Gutiérrez,Clase Individual,Cadillac,Cadillac,0,No,Roma,437
2024-07-30,Ximena Gutiérrez,Fitpass,Reformer,Reformer,0,Sí,Roma,220
2024-07-30,Rodrigo García,Paquete,Reformer,Reformer,12,No,Condesa,4646
2024-07-30,Claudia Mendoza,Fitpass,Chair,Chair,0,Sí,Condesa,207
2024-07-30,Fernando Pérez,Paquete,Reformer,Reformer,24,No,Roma,7949
2024-07-30,Ximena Flores,Clase Individual,Reformer,Reformer,0,No,Roma,410
2024-07-31,Camila Hernández,Paquete,Reformer,Reformer,12,No,Condesa,4180
2024-07-31,Paula Ramírez,Paquete,Reformer,Reformer,12,No,Condesa,4226
2024-07-31,Regina Vázquez,Fitpass,Reformer,Reformer,0,Sí,Roma,201
2024-07-31,Luis Cruz,Fitpass,Cadillac,Cadillac,0,Sí,Condesa,187
2024-07-31,Mariana Ramírez,Paquete,Mat Pilates,Ninguno,24,No,Condesa,7918
2024-07-31,Paula Sánchez,Paquete,Mat Pilates,Ninguno,8,No,Polanco,3152
2024-07-31,Miguel Gutiérrez,Paquete,Chair,Chair,12,No,Condesa,4327
2024-07-31,Carolina Reyes,Paquete,Mat Pilates,Ninguno,8,No,Condesa,3257
2024-08-01,Laura Pérez,Paquete,Chair,Chair,8,No,Condesa,2976
2024-08-01,Fernanda Jiménez,Paquete,Mat Pilates,Ninguno,24,No,Roma,8234
2024-08-01,Sofía Flores,Clase Individual,Cadillac,Cadillac,0,No,Roma,430
2024-08-01,Victoria González,Paquete,Reformer,Reformer,12,No,Condesa,4627
2024-08-01,Mateo López,Paquete,Mat Pilates,Ninguno,8,No,Condesa,3193
2024-08-01,Claudia Jiménez,Clase Individual,Cadillac,Cadillac,0,No,Roma,468
2024-08-01,Diego González,Fitpass,Reformer,Reformer,0,Sí,Roma,223
2024-08-01,Diego López,Paquete,Mat Pilates,Ninguno,24,No,Roma,8108
2024-08-01,Alejandro Pérez,Paquete,Mat Pilates,Ninguno,12,No,Condesa,4265
2024-08-02,Camila Gutiérrez,Fitpass,Cadillac,Cadillac,0,Sí,Roma,224
2024-08-02,Ximena Gómez,Fitpass,Chair,Chair,0,Sí,Condesa,215
2024-08-02,Fernando Reyes,Paquete,Mat Pilates,Ninguno,12,No,Roma,4503
2024-08-02,Ximena Hernández,Fitpass,Reformer,Reformer,0,Sí,Polanco,216
2024-08-02,Diego Díaz,Fitpass,Cadillac,Cadillac,0,Sí,Condesa,198
2024-08-02,Andrea Cruz,Fitpass,Chair,Chair,0,Sí,Roma,214
2024-08-03,Santiago Ramírez,Paquete,Reformer,Reformer,8,No,Polanco,3060
2024-08-03,Renata López,Paquete,Cadillac,Cadillac,8,No,Polanco,2983
2024-08-03,Mateo Vázquez,Clase Individual,Chair,Chair,0,No,Polanco,458
2024-08-03,Mariana Gómez,Fitpass,Reformer,Reformer,0,Sí,Polanco,219
2024-08-03,Natalia Morales,Clase Individual,Mat Pilates,Ninguno,0,No,Roma,497
2024-08-04,Javier Díaz,Paquete,Reformer,Reformer,12,No,Condesa,4684
2024-08-04,Santiago Sánchez,Paquete,Chair,Chair,12,No,Roma,4464
2024-08-04,Andrea Gutiérrez,Fitpass,Reformer,Reformer,0,Sí,Polanco,217
2024-08-04,Rodrigo López,Paquete,Reformer,Reformer,8,No,Roma,3114
2024-08-04,Rodrigo Ramírez,Paquete,Mat Pilates,Ninguno,8,No,Roma,3255
2024-08-04,Laura Gutiérrez,Clase Individual,Reformer,Reformer,0,No,Condesa,474
2024-08-04,Claudia Mendoza,Paquete,Cadillac,Cadillac,8,No,Polanco,3161
2024-08-04,Rodrigo Gutiérrez,Paquete,Reformer,Reformer,12,No,Condesa,4294
2024-08-04,Fernando García,Fitpass,Chair,Chair,0,Sí,Roma,186
2024-08-04,Valeria Gutiérrez,Clase Individual,Chair,Chair,0,No,Condesa,440
2024-08-04,Claudia García,Paquete,Cadillac,Cadillac,12,No,Polanco,4607
2024-08-04,Sofía Rodríguez,Fitpass,Reformer,Reformer,0,Sí,Roma,203
2024-08-04,Paula López,Paquete,Mat Pilates,Ninguno,8,No,Roma,3136
2024-08-05,Ximena Pérez,Paquete,Cadillac,Cadillac,24,No,Condesa,8502
2024-08-05,Daniela González,Fitpass,Reformer,Reformer,0,Sí,Polanco,190
2024-08-05,Santiago López,Paquete,Cadillac,Cadillac,8,No,Polanco,3293
2024-08-05,Victoria Gómez,Paquete,Chair,Chair,12,No,Condesa,4620
2024-08-05,Mariana Martínez,Fitpass,Mat Pilates,Ninguno,0,Sí,Condesa,236
2024-08-05,Diego López,Fitpass,Reformer,Reformer,0,Sí,Condesa,204
2024-08-05,Daniela Torres,Clase Individual,Mat Pilates,Ninguno,0,No,Polanco,403
2024-08-06,Carlos Reyes,Paquete,Reformer,Reformer,24,No,Polanco,8480
2024-08-06,Ana Mendoza,Paquete,Cadillac,Cadillac,12,No,Condesa,4243
2024-08-06,Victoria Sánchez,Fitpass,Reformer,Reformer,0,Sí,Roma,236
2024-08-06,Natalia Torres,Paquete,Cadillac,Cadillac,24,No,Condesa,8224
2024-08-06,Fernando Jiménez,Clase Individual,Reformer,Reformer,0,No,Polanco,497
2024-08-06,Paula Díaz,Paquete,Reformer,Reformer,8,No,Roma,3205
2024-08-06,Regina Gutiérrez,Paquete,Reformer,Reformer,8,No,Roma,2942
2024-08-06,Renata Vázquez,Clase Individual,Cadillac,Cadillac,0,No,Roma,424
2024-08-06,Diego Cruz,Paquete,Reformer,Reformer,12,No,Polanco,4403
2024-08-06,Ximena López,Fitpass,Reformer,Reformer,0,Sí,Condesa,196
2024-08-06,Fernanda Gutiérrez,Paquete,Chair,Chair,8,No,Condesa,2956
2024-08-06,Ximena Gómez,Fitpass,Reformer,Reformer,0,Sí,Condesa,195
2024-08-06,Lucía Ramírez,Paquete,Cadillac,Cadillac,8,No,Condesa,2992
2024-08-06,Santiago López,Paquete,Reformer,Reformer,8,No,Roma,3060
2024-08-06,Daniela Torres,Paquete,Chair,Chair,12,No,Polanco,4163
2024-08-06,Mateo García,Clase Individual,Reformer,Reformer,0,No,Condesa,506
2024-08-06,Diego López,Paquete,Reformer,Reformer,8,No,Roma,3266
2024-08-07,Renata García,Paquete,Reformer,Reformer,8,No,Roma,3158
2024-08-07,Santiago Díaz,Fitpass,Mat Pilates,Ninguno,0,Sí,Roma,218
2024-08-07,Fernanda Rodríguez,Paquete,Reformer,Reformer,12,No,Polanco,4517
2024-08-07,Mariana Reyes,Paquete,Chair,Chair,8,No,Condesa,3050
2024-08-07,Lucía Pérez,Paquete,Chair,Chair,8,No,Roma,2939
2024-08-07,Javier Gómez,Paquete,Reformer,Reformer,24,No,Polanco,8408
2024-08-07,Santiago Mendoza,Fitpass,Reformer,Reformer,0,Sí,Polanco,208
2024-08-08,Carolina Díaz,Clase Individual,Cadillac,Cadillac,0,No,Roma,412
2024-08-08,Ximena González,Fitpass,Chair,Chair,0,Sí,Condesa,190
2024-08-08,Miguel Reyes,Fitpass,Chair,Chair,0,Sí,Condesa,181
2024-08-08,Fernando García,Clase Individual,Reformer,Reformer,0,No,Condesa,435
2024-08-08,Lucía Gómez,Paquete,Cadillac,Cadillac,8,No,Condesa,3165
2024-08-08,Mariana Gómez,Fitpass,Chair,Chair,0,Sí,Condesa,193
2024-08-08,Claudia Pérez,Fitpass,Chair,Chair,0,Sí,Condesa,234
2024-08-08,Javier Ramírez,Paquete,Reformer,Reformer,12,No,Roma,4246
2024-08-09,Mateo López,Fitpass,Mat Pilates,Ninguno,0,Sí,Condesa,204
2024-08-09,Rodrigo Reyes,Paquete,Reformer,Reformer,8,No,Polanco,2993
2024-08-09,Diego Ramírez,Fitpass,Chair,Chair,0,Sí,Condesa,228
2024-08-09,Luis Cruz,Clase Individual,Chair,Chair,0,No,Condesa,422
2024-08-10,Lucía Flores,Paquete,Chair,Chair,12,No,Roma,4100
2024-08-10,Claudia Torres,Clase Individual,Reformer,Reformer,0,No,Polanco,391
2024-08-10,Miguel Cruz,Fitpass,Cadillac,Cadillac,0,Sí,Condesa,212
2024-08-10,Diego Hernández,Paquete,Reformer,Reformer,24,No,Roma,8210
2024-08-10,Santiago Morales,Clase Individual,Reformer,Reformer,0,No,Roma,437
2024-08-11,Renata Ramírez,Clase Individual,Reformer,Reformer,0,No,Roma,392
2024-08-11,Diego Rodríguez,Fitpass,Reformer,Reformer,0,Sí,Roma,197
2024-08-11,Ximena Pérez,Fitpass,Reformer,Reformer,0,Sí,Roma,186
2024-08-11,María Gutiérrez,Clase Individual,Chair,Chair,0,No,Roma,458
2024-08-11,María Gómez,Fitpass,Reformer,Reformer,0,Sí,Polanco,186
2024-08-11,Ximena Gutiérrez,Paquete,Reformer,Reformer,24,No,Condesa,8467
2024-08-11,Mateo Díaz,Paquete,Chair,Chair,8,No,Roma,3197
2024-08-11,María Gutiérrez,Clase Individual,Cadillac,Cadillac,0,No,Roma,439
2024-08-11,Santiago Gómez,Fitpass,Reformer,Reformer,0,Sí,Polanco,232
2024-08-12,Lucía Rodríguez,Fitpass,Reformer,Reformer,0,Sí,Condesa,207
2024-08-12,Camila Martínez,Paquete,Reformer,Reformer,24,No,Condesa,8484
2024-08-12,Ximena Hernández,Clase Individual,Chair,Chair,0,No,Roma,519
2024-08-12,Carlos Martínez,Paquete,Reformer,Reformer,8,No,Roma,3032
2024-08-12,María Morales,Clase Individual,Reformer,Reformer,0,No,Condesa,436
2024-08-12,Rodrigo Díaz,Clase Individual,Reformer,Reformer,0,No,Roma,492
2024-08-13,María Cruz,Fitpass,Reformer,Reformer,0,Sí,Polanco,209
2024-08-13,Victoria Cruz,Paquete,Reformer,Reformer,24,No,Polanco,8882
2024-08-13,Santiago Gómez,Fitpass,Reformer,Reformer,0,Sí,Condesa,201
2024-08-13,Regina Morales,Paquete,Reformer,Reformer,12,No,Polanco,4206
2024-08-13,Fernanda Morales,Paquete,Cadillac,Cadillac,12,No,Roma,4508
2024-08-13,Laura Sánchez,Paquete,Cadillac,Cadillac,8,No,Roma,3007
2024-08-13,Fernando Torres,Clase Individual,Reformer,Reformer,0,No,Polanco,380
2024-08-13,Mariana López,Fitpass,Reformer,Reformer,0,Sí,Polanco,189
2024-08-13,Valeria Díaz,Fitpass,Reformer,Reformer,0,Sí,Polanco,204
2024-08-13,María Hernández,Fitpass,Reformer,Reformer,0,Sí,Condesa,202
2024-08-13,Miguel González,Clase Individual,Reformer,Reformer,0,No,Condesa,446
2024-08-14,Fernando Cruz,Fitpass,Reformer,Reformer,0,Sí,Polanco,229
2024-08-14,Fernanda García,Fitpass,Cadillac,Cadillac,0,Sí,Polanco,212
2024-08-14,Diego Gómez,Paquete,Chair,Chair,8,No,Roma,3157
2024-08-14,Natalia Torres,Paquete,Reformer,Reformer,8,No,Polanco,2917
2024-08-14,Valeria González,Paquete,Chair,Chair,8,No,Polanco,3287
2024-08-14,Andrea González,Paquete,Reformer,Reformer,24,No,Roma,7970
2024-08-14,Laura Díaz,Paquete,Mat Pilates,Ninguno,8,No,Condesa,2962
2024-08-14,Mateo Martínez,Paquete,Reformer,Reformer,24,No,Roma,8081
2024-08-14,Miguel Sánchez,Clase Individual,Reformer,Reformer,0,No,Roma,446
2024-08-14,Carolina Vázquez,Clase Individual,Reformer,Reformer,0,No,Roma,461
2024-08-14,Camila Torres,Fitpass,Reformer,Reformer,0,Sí,Condesa,211
2024-08-14,María Cruz,Fitpass,Chair,Chair,0,Sí,Condesa,208
2024-08-15,Fernanda Vázquez,Clase Individual,Reformer,Reformer,0,No,Roma,504
2024-08-15,Regina Cruz,Fitpass,Mat Pilates,Ninguno,0,Sí,Condesa,206
2024-08-15,Renata López,Fitpass,Chair,Chair,0,Sí,Condesa,210
2024-08-15,Ximena Hernández,Clase Individual,Reformer,Reformer,0,No,Polanco,507
2024-08-15,Fernando Hernández,Fitpass,Cadillac,Cadillac,0,Sí,Roma,212
2024-08-15,Lucía Morales,Fitpass,Cadillac,Cadillac,0,Sí,Roma,234
2024-08-15,Victoria Torres,Fitpass,Mat Pilates,Ninguno,0,Sí,Polanco,195
2024-08-15,Gabriela Gómez,Paquete,Reformer,Reformer,8,No,Roma,2932
2024-08-16,Miguel Rodríguez,Paquete,Reformer,Reformer,8,No,Roma,2908
2024-08-16,Camila Cruz,Clase Individual,Mat Pilates,Ninguno,0,No,Polanco,491
2024-08-17,Fernando Martínez,Fitpass,Reformer,Reformer,0,Sí,Polanco,212
2024-08-17,Carlos Torres,Paquete,Mat Pilates,Ninguno,12,No,Condesa,4372
2024-08-17,Daniela González,Paquete,Chair,Chair,12,No,Condesa,4215
2024-08-17,Laura Martínez,Fitpass,Reformer,Reformer,0,Sí,Condesa,240
2024-08-17,Santiago Díaz,Fitpass,Chair,Chair,0,Sí,Condesa,225
2024-08-17,Claudia Cruz,Paquete,Reformer,Reformer,8,No,Polanco,2993
2024-08-18,Ximena Morales,Paquete,Reformer,Reformer,24,No,Condesa,8881
2024-08-18,Luis Pérez,Paquete,Reformer,Reformer,8,No,Condesa,3057
2024-08-18,Gabriela Reyes,Paquete,Mat Pilates,Ninguno,12,No,Condesa,4401
2024-08-18,Mariana Jiménez,Paquete,Reformer,Reformer,12,No,Condesa,4462
2024-08-18,Laura Flores,Clase Individual,Reformer,Reformer,0,No,Condesa,397
2024-08-18,Javier Torres,Clase Individual,Chair,Chair,0,No,Condesa,404
2024-08-18,Lucía Gómez,Paquete,Chair,Chair,12,No,Condesa,4433
2024-08-18,Ana Gutiérrez,Fitpass,Reformer,Reformer,0,Sí,Polanco,222
2024-08-18,Fernando Cruz,Fitpass,Chair,Chair,0,Sí,Condesa,218
2024-08-18,Diego Pérez,Paquete,Reformer,Reformer,8,No,Condesa,2921
2024-08-18,Alejandro Sánchez,Fitpass,Cadillac,Cadillac,0,Sí,Condesa,240
2024-08-18,Diego Reyes,Fitpass,Chair,Chair,0,Sí,Condesa,211
2024-08-18,Regina Sánchez,Fitpass,Mat Pilates,Ninguno,0,Sí,Condesa,200
2024-08-19,Natalia Díaz,Fitpass,Reformer,Reformer,0,Sí,Polanco,195
2024-08-19,Carolina González,Paquete,Cadillac,Cadillac,8,No,Condesa,3127
2024-08-19,María Mendoza,Paquete,Reformer,Reformer,12,No,Roma,4254
2024-08-19,Mariana Morales,Paquete,Mat Pilates,Ninguno,24,No,Condesa,8770
2024-08-19,Ximena Martínez,Clase Individual,Reformer,Reformer,0,No,Polanco,462
2024-08-19,Natalia Gutiérrez,Paquete,Reformer,Reformer,12,No,Polanco,4266
2024-08-19,Valeria Flores,Fitpass,Cadillac,Cadillac,0,Sí,Condesa,221
2024-08-19,Victoria Vázquez,Clase Individual,Reformer,Reformer,0,No,Roma,462
2024-08-20,Gabriela Gutiérrez,Clase Individual,Reformer,Reformer,0,No,Condesa,519
2024-08-20,Claudia Martínez,Fitpass,Reformer,Reformer,0,Sí,Condesa,199
2024-08-20,Alejandro Flores,Fitpass,Reformer,Reformer,0,Sí,Condesa,183
2024-08-20,Daniela Jiménez,Fitpass,Reformer,Reformer,0,Sí,Roma,202
2024-08-20,Claudia Torres,Fitpass,Reformer,Reformer,0,Sí,Roma,230
2024-08-20,Carlos Ramírez,Paquete,Chair,Chair,12,No,Roma,4384
2024-08-20,Javier Gutiérrez,Fitpass,Reformer,Reformer,0,Sí,Condesa,217
2024-08-20,Rodrigo Morales,Paquete,Mat Pilates,Ninguno,8,No,Polanco,3199
2024-08-20,Fernanda Gutiérrez,Clase Individual,Chair,Chair,0,No,Polanco,466
2024-08-20,Claudia Morales,Paquete,Reformer,Reformer,12,No,Condesa,4112
2024-08-20,Camila González,Paquete,Chair,Chair,8,No,Polanco,2993
2024-08-20,Lucía Rodríguez,Fitpass,Reformer,Reformer,0,Sí,Condesa,210
2024-08-21,Fernando Hernández,Clase Individual,Reformer,Reformer,0,No,Polanco,471
2024-08-21,Alejandro Vázquez,Paquete,Reformer,Reformer,8,No,Polanco,3177
2024-08-21,Sofía Gómez,Fitpass,Reformer,Reformer,0,Sí,Condesa,235
2024-08-21,Diego Gutiérrez,Fitpass,Reformer,Reformer,0,Sí,Condesa,190
2024-08-21,Luis Cruz,Fitpass,Reformer,Reformer,0,Sí,Roma,207
2024-08-21,Fernando Pérez,Fitpass,Cadillac,Cadillac,0,Sí,Condesa,235
2024-08-22,Natalia Hernández,Paquete,Reformer,Reformer,12,No,Roma,4518
2024-08-22,Mariana Gómez,Paquete,Reformer,Reformer,12,No,Roma,4143
2024-08-22,Andrea Díaz,Clase Individual,Mat Pilates,Ninguno,0,No,Roma,393
2024-08-22,Fernanda Jiménez,Paquete,Reformer,Reformer,8,No,Condesa,3033
2024-08-22,Daniela Sánchez,Paquete,Cadillac,Cadillac,8,No,Polanco,2904
2024-08-22,Ana Mendoza,Fitpass,Cadillac,Cadillac,0,Sí,Roma,215
2024-08-23,Santiago Vázquez,Fitpass,Mat Pilates,Ninguno,0,Sí,Polanco,205
2024-08-23,Lucía Díaz,Fitpass,Reformer,Reformer,0,Sí,Condesa,238
2024-08-23,Lucía Morales,Fitpass,Cadillac,Cadillac,0,Sí,Condesa,221
2024-08-23,Luis Sánchez,Paquete,Reformer,Reformer,12,No,Condesa,4500
2024-08-23,Regina Gutiérrez,Clase Individual,Mat Pilates,Ninguno,0,No,Condesa,421
2024-08-23,Laura Díaz,Fitpass,Reformer,Reformer,0,Sí,Condesa,235
2024-08-24,Mateo Reyes,Clase Individual,Chair,Chair,0,No,Polanco,398
2024-08-24,Victoria Martínez,Fitpass,Reformer,Reformer,0,Sí,Polanco,222
2024-08-24,Mariana Rodríguez,Paquete,Reformer,Reformer,8,No,Roma,3044
2024-08-24,Rodrigo Gutiérrez,Paquete,Cadillac,Cadillac,12,No,Roma,4300
2024-08-24,Sofía Reyes,Paquete,Chair,Chair,8,No,Roma,3261
2024-08-24,Alejandro Jiménez,Paquete,Mat Pilates,Ninguno,8,No,Roma,3184
2024-08-24,Carolina García,Paquete,Cadillac,Cadillac,8,No,Roma,3112
2024-08-24,Paula Torres,Fitpass,Cadillac,Cadillac,0,Sí,Roma,234
2024-08-24,Daniela Cruz,Clase Individual,Reformer,Reformer,0,No,Roma,436
2024-08-24,Claudia Morales,Fitpass,Reformer,Reformer,0,Sí,Condesa,214
2024-08-24,Renata González,Fitpass,Reformer,Reformer,0,Sí,Polanco,191
2024-08-24,Sofía Torres,Paquete,Chair,Chair,8,No,Condesa,3106
2024-08-24,Gabriela Sánchez,Fitpass,Reformer,Reformer,0,Sí,Roma,192
2024-08-25,Alejandro Díaz,Clase Individual,Chair,Chair,0,No,Roma,491
2024-08-25,Renata Jiménez,Clase Individual,Reformer,Reformer,0,No,Roma,468
2024-08-25,Diego Hernández,Paquete,Chair,Chair,8,No,Condesa,2909
2024-08-25,Regina Hernández,Clase Individual,Mat Pilates,Ninguno,0,No,Roma,463
2024-08-25,Valeria Hernández,Paquete,Cadillac,Cadillac,8,No,Roma,2910
2024-08-25,Ximena López,Fitpass,Reformer,Reformer,0,Sí,Condesa,214
2024-08-25,Gabriela Hernández,Fitpass,Chair,Chair,0,Sí,Roma,196
2024-08-25,Alejandro Reyes,Paquete,Mat Pilates,Ninguno,12,No,Roma,4239
2024-08-25,Natalia Gutiérrez,Clase Individual,Cadillac,Cadillac,0,No,Condesa,492
2024-08-26,Andrea Reyes,Clase Individual,Chair,Chair,0,No,Roma,401
2024-08-26,Sofía Reyes,Fitpass,Cadillac,Cadillac,0,Sí,Condesa,205
2024-08-26,Mariana Pérez,Paquete,Reformer,Reformer,12,No,Roma,4434
2024-08-26,Sofía Gutiérrez,Clase Individual,Chair,Chair,0,No,Condesa,474
2024-08-26,Mateo Flores,Fitpass,Reformer,Reformer,0,Sí,Polanco,198
2024-08-26,Miguel Rodríguez,Fitpass,Mat Pilates,Ninguno,0,Sí,Polanco,236
2024-08-26,Renata Mendoza,Paquete,Cadillac,Cadillac,12,No,Condesa,4148
2024-08-26,Claudia Morales,Paquete,Reformer,Reformer,12,No,Roma,4116
2024-08-27,Renata Ramírez,Fitpass,Reformer,Reformer,0,Sí,Condesa,199
2024-08-27,Claudia Morales,Clase Individual,Reformer,Reformer,0,No,Condesa,517
2024-08-27,Javier Hernández,Fitpass,Reformer,Reformer,0,Sí,Polanco,229
2024-08-27,Ana Gómez,Paquete,Reformer,Reformer,8,No,Condesa,3047
2024-08-28,Renata Vázquez,Fitpass,Reformer,Reformer,0,Sí,Polanco,234
2024-08-28,Claudia González,Clase Individual,Mat Pilates,Ninguno,0,No,Condesa,494
2024-08-28,Sofía Cruz,Clase Individual,Reformer,Reformer,0,No,Roma,498
2024-08-28,Valeria Reyes,Paquete,Cadillac,Cadillac,12,No,Roma,4402
2024-08-28,Diego López,Clase Individual,Cadillac,Cadillac,0,No,Roma,494
2024-08-28,Mateo López,Paquete,Chair,Chair,8,No,Roma,3005
2024-08-29,Valeria Cruz,Clase Individual,Reformer,Reformer,0,No,Roma,466
2024-08-29,Javier Sánchez,Fitpass,Chair,Chair,0,Sí,Condesa,201
2024-08-29,Fernando Vázquez,Fitpass,Reformer,Reformer,0,Sí,Condesa,181
2024-08-29,Camila Vázquez,Paquete,Chair,Chair,12,No,Roma,4412
2024-08-29,Renata Reyes,Fitpass,Chair,Chair,0,Sí,Roma,237
2024-08-29,Mariana Gómez,Clase Individual,Reformer,Reformer,0,No,Polanco,406
2024-08-29,Fernando Gutiérrez,Clase Individual,Chair,Chair,0,No,Roma,485
2024-08-30,Claudia García,Fitpass,Reformer,Reformer,0,Sí,Condesa,236
2024-08-30,Natalia Reyes,Paquete,Reformer,Reformer,24,No,Condesa,8530
2024-08-30,Alejandro Hernández,Clase Individual,Reformer,Reformer,0,No,Condesa,500
2024-08-30,Renata Flores,Paquete,Cadillac,Cadillac,12,No,Polanco,4512
2024-08-30,Sofía Morales,Clase Individual,Reformer,Reformer,0,No,Roma,472
2024-08-30,Mariana Morales,Paquete,Chair,Chair,8,No,Roma,3258
2024-08-30,Laura Gómez,Paquete,Reformer,Reformer,8,No,Roma,2975
2024-08-30,Regina Gutiérrez,Clase Individual,Mat Pilates,Ninguno,0,No,Condesa,461
2024-08-30,Gabriela Jiménez,Paquete,Reformer,Reformer,8,No,Condesa,3293
2024-08-30,Carolina Ramírez,Clase Individual,Chair,Chair,0,No,Polanco,500
2024-08-30,Fernanda Flores,Paquete,Reformer,Reformer,8,No,Condesa,2991
2024-08-30,Paula Reyes,Fitpass,Cadillac,Cadillac,0,Sí,Polanco,230
2024-08-30,Sofía Rodríguez,Paquete,Mat Pilates,Ninguno,8,No,Roma,3154
2024-08-31,Sofía González,Fitpass,Chair,Chair,0,Sí,Polanco,205
2024-08-31,Lucía López,Paquete,Mat Pilates,Ninguno,12,No,Roma,4510
2024-08-31,Mateo Vázquez,Paquete,Chair,Chair,8,No,Roma,3278
2024-08-31,Luis Díaz,Fitpass,Mat Pilates,Ninguno,0,Sí,Polanco,199
2024-08-31,Mariana Rodríguez,Paquete,Reformer,Reformer,12,No,Roma,4355
2024-08-31,Santiago Gutiérrez,Clase Individual,Reformer,Reformer,0,No,Polanco,468
2024-08-31,María Gutiérrez,Clase Individual,Reformer,Reformer,0,No,Condesa,388
2024-08-31,Alejandro Jiménez,Fitpass,Reformer,Reformer,0,Sí,Roma,220
2024-08-31,Fernanda García,Fitpass,Reformer,Reformer,0,Sí,Roma,230
2024-09-01,Gabriela Ramírez,Paquete,Mat Pilates,Ninguno,8,No,Condesa,2947
2024-09-01,Claudia Rodríguez,Clase Individual,Mat Pilates,Ninguno,0,No,Polanco,468
2024-09-01,Regina Mendoza,Fitpass,Mat Pilates,Ninguno,0,Sí,Polanco,193
2024-09-01,Diego Vázquez,Fitpass,Chair,Chair,0,Sí,Roma,239
2024-09-01,Carlos García,Paquete,Chair,Chair,12,No,Roma,4548
2024-09-01,Ana Vázquez,Fitpass,Reformer,Reformer,0,Sí,Polanco,190
2024-09-01,Diego Vázquez,Fitpass,Cadillac,Cadillac,0,Sí,Condesa,201
2024-09-01,Fernando Jiménez,Paquete,Mat Pilates,Ninguno,8,No,Polanco,3041
2024-09-01,Gabriela Vázquez,Fitpass,Reformer,Reformer,0,Sí,Condesa,229
2024-09-01,Carolina García,Paquete,Mat Pilates,Ninguno,12,No,Roma,4440
2024-09-01,Andrea Gómez,Paquete,Chair,Chair,12,No,Condesa,4203
2024-09-01,Camila Ramírez,Fitpass,Chair,Chair,0,Sí,Roma,195
2024-09-01,Luis Jiménez,Fitpass,Reformer,Reformer,0,Sí,Polanco,208
2024-09-01,Natalia Cruz,Paquete,Mat Pilates,Ninguno,12,No,Polanco,4112
2024-09-01,Rodrigo Pérez,Clase Individual,Chair,Chair,0,No,Condesa,442
2024-09-02,Miguel Torres,Fitpass,Chair,Chair,0,Sí,Condesa,219
2024-09-02,Fernanda Gómez,Clase Individual,Reformer,Reformer,0,No,Condesa,437
2024-09-02,Paula Sánchez,Clase Individual,Chair,Chair,0,No,Roma,474
2024-09-02,Paula Ramírez,Clase Individual,Reformer,Reformer,0,No,Polanco,515
2024-09-02,Luis Mendoza,Paquete,Chair,Chair,12,No,Condesa,4640
2024-09-02,Fernando Gutiérrez,Paquete,Mat Pilates,Ninguno,8,No,Condesa,2919
2024-09-03,Rodrigo González,Paquete,Mat Pilates,Ninguno,12,No,Roma,4448
2024-09-03,Mariana Cruz,Clase Individual,Reformer,Reformer,0,No,Polanco,515
2024-09-03,Fernanda Vázquez,Paquete,Chair,Chair,8,No,Polanco,3180
2024-09-03,Paula Sánchez,Paquete,Reformer,Reformer,8,No,Polanco,3226
2024-09-03,Mateo Hernández,Clase Individual,Reformer,Reformer,0,No,Roma,387
2024-09-03,Fernanda Flores,Fitpass,Reformer,Reformer,0,Sí,Condesa,183
2024-09-03,Laura Hernández,Paquete,Cadillac,Cadillac,8,No,Roma,3173
2024-09-03,Valeria Hernández,Fitpass,Reformer,Reformer,0,Sí,Polanco,227
2024-09-03,Diego Pérez,Paquete,Reformer,Reformer,12,No,Polanco,4135
2024-09-03,Lucía Sánchez,Paquete,Chair,Chair,8,No,Roma,2989
2024-09-03,Renata García,Paquete,Reformer,Reformer,12,No,Condesa,4353
2024-09-03,Lucía Reyes,Paquete,Cadillac,Cadillac,12,No,Polanco,4133
2024-09-04,Fernando Hernández,Fitpass,Mat Pilates,Ninguno,0,Sí,Roma,204
2024-09-04,Laura Flores,Clase Individual,Cadillac,Cadillac,0,No,Roma,442
2024-09-04,Natalia Morales,Fitpass,Reformer,Reformer,0,Sí,Condesa,215
2024-09-04,Santiago Gutiérrez,Paquete,Mat Pilates,Ninguno,8,No,Roma,2954
2024-09-04,Diego Torres,Fitpass,Reformer,Reformer,0,Sí,Roma,190
2024-09-04,Laura Reyes,Paquete,Chair,Chair,12,No,Roma,4373
2024-09-04,Carolina García,Paquete,Chair,Chair,8,No,Condesa,2956
2024-09-04,Gabriela López,Clase Individual,Reformer,Reformer,0,No,Condesa,397
2024-09-04,Claudia Morales,Paquete,Chair,Chair,8,No,Roma,3225
2024-09-04,Regina García,Paquete,Reformer,Reformer,8,No,Condesa,2991
2024-09-04,Alejandro Rodríguez,Fitpass,Reformer,Reformer,0,Sí,Condesa,201
2024-09-04,Carlos Ramírez,Fitpass,Reformer,Reformer,0,Sí,Polanco,232
2024-09-05,Victoria Cruz,Fitpass,Chair,Chair,0,Sí,Roma,227
2024-09-05,Laura Hernández,Paquete,Chair,Chair,8,No,Roma,2904
2024-09-05,Andrea Reyes,Clase Individual,Chair,Chair,0,No,Polanco,444
2024-09-05,Lucía Hernández,Paquete,Cadillac,Cadillac,8,No,Roma,3240
2024-09-05,Paula López,Clase Individual,Chair,Chair,0,No,Polanco,463
2024-09-05,Miguel Mendoza,Clase Individual,Reformer,Reformer,0,No,Condesa,466
2024-09-05,Regina Mendoza,Paquete,Chair,Chair,12,No,Condesa,4657
2024-09-05,Camila Morales,Fitpass,Chair,Chair,0,Sí,Condesa,217
2024-09-05,Fernanda Martínez,Paquete,Chair,Chair,8,No,Roma,3116
2024-09-05,Alejandro Hernández,Fitpass,Mat Pilates,Ninguno,0,Sí,Polanco,194
2024-09-05,Fernando Cruz,Paquete,Cadillac,Cadillac,8,No,Condesa,2954
2024-09-05,Fernando Mendoza,Fitpass,Cadillac,Cadillac,0,Sí,Condesa,182
2024-09-06,Valeria González,Paquete,Reformer,Reformer,12,No,Polanco,4203
2024-09-06,Gabriela Ramírez,Clase Individual,Cadillac,Cadillac,0,No,Condesa,433
2024-09-06,Laura Gutiérrez,Fitpass,Cadillac,Cadillac,0,Sí,Polanco,197
2024-09-06,Laura Pérez,Clase Individual,Chair,Chair,0,No,Roma,481
2024-09-06,Paula Gutiérrez,Fitpass,Reformer,Reformer,0,Sí,Roma,228
2024-09-06,Ana González,Fitpass,Cadillac,Cadillac,0,Sí,Condesa,236
2024-09-06,Sofía Flores,Paquete,Reformer,Reformer,24,No,Polanco,8106
2024-09-06,Mateo Sánchez,Clase Individual,Reformer,Reformer,0,No,Roma,516
2024-09-06,Santiago Mendoza,Clase Individual,Mat Pilates,Ninguno,0,No,Roma,434
2024-09-06,Renata Gómez,Paquete,Chair,Chair,8,No,Roma,3002
2024-09-06,Ana García,Fitpass,Chair,Chair,0,Sí,Polanco,199
2024-09-06,Valeria González,Paquete,Reformer,Reformer,8,No,Roma,2962
2024-09-07,Lucía Flores,Paquete,Reformer,Reformer,8,No,Roma,3202
2024-09-07,Ana Ramírez,Fitpass,Reformer,Reformer,0,Sí,Roma,217
2024-09-07,Mariana Reyes,Fitpass,Reformer,Reformer,0,Sí,Roma,234
2024-09-07,Paula Sánchez,Clase Individual,Reformer,Reformer,0,No,Polanco,400
2024-09-07,Santiago Torres,Paquete,Reformer,Reformer,8,No,Roma,2900
2024-09-07,Carlos Reyes,Fitpass,Reformer,Reformer,0,Sí,Roma,229
2024-09-07,Camila Díaz,Clase Individual,Mat Pilates,Ninguno,0,No,Condesa,470
2024-09-07,Mariana Mendoza,Paquete,Mat Pilates,Ninguno,8,No,Condesa,3117
2024-09-07,Andrea Pérez,Clase Individual,Reformer,Reformer,0,No,Condesa,489
2024-09-07,Natalia Martínez,Paquete,Chair,Chair,24,No,Condesa,8495
2024-09-08,Fernando Martínez,Paquete,Mat Pilates,Ninguno,24,No,Condesa,7977
2024-09-08,Renata Morales,Fitpass,Mat Pilates,Ninguno,0,Sí,Roma,212
2024-09-08,Javier Hernández,Paquete,Chair,Chair,8,No,Polanco,3007
2024-09-08,Regina Pérez,Fitpass,Chair,Chair,0,Sí,Roma,226
2024-09-08,Ana Pérez,Fitpass,Reformer,Reformer,0,Sí,Condesa,205
2024-09-08,Fernando Ramírez,Fitpass,Mat Pilates,Ninguno,0,Sí,Condesa,225
2024-09-08,Javier Jiménez,Fitpass,Mat Pilates,Ninguno,0,Sí,Roma,206
2024-09-08,Rodrigo Morales,Clase Individual,Reformer,Reformer,0,No,Condesa,511
2024-09-08,Fernando Ramírez,Paquete,Cadillac,Cadillac,12,No,Condesa,4394
2024-09-08,Diego Vázquez,Fitpass,Reformer,Reformer,0,Sí,Polanco,231
2024-09-09,Luis Gutiérrez,Fitpass,Chair,Chair,0,Sí,Roma,207
2024-09-09,Diego Mendoza,Fitpass,Mat Pilates,Ninguno,0,Sí,Roma,228
2024-09-09,Regina Mendoza,Fitpass,Reformer,Reformer,0,Sí,Roma,193
2024-09-09,Luis Mendoza,Fitpass,Chair,Chair,0,Sí,Roma,182
2024-09-09,Ana Morales,Fitpass,Chair,Chair,0,Sí,Roma,206
2024-09-09,Fernando Sánchez,Paquete,Cadillac,Cadillac,12,No,Condesa,4516
2024-09-09,Diego Hernández,Paquete,Mat Pilates,Ninguno,12,No,Polanco,4626
2024-09-09,Javier Gómez,Clase Individual,Chair,Chair,0,No,Polanco,390
2024-09-09,Diego Gutiérrez,Fitpass,Reformer,Reformer,0,Sí,Roma,180
2024-09-10,Carolina Mendoza,Paquete,Cadillac,Cadillac,24,No,Roma,8222
2024-09-10,Natalia Pérez,Clase Individual,Reformer,Reformer,0,No,Condesa,414
2024-09-10,Laura González,Fitpass,Reformer,Reformer,0,Sí,Roma,189
2024-09-10,Claudia Jiménez,Paquete,Reformer,Reformer,8,No,Condesa,3005
2024-09-10,Carlos Sánchez,Paquete,Reformer,Reformer,8,No,Polanco,2966
2024-09-10,Gabriela González,Fitpass,Reformer,Reformer,0,Sí,Condesa,180
2024-09-10,Fernanda Cruz,Fitpass,Reformer,Reformer,0,Sí,Roma,186
2024-09-10,Victoria Gómez,Paquete,Reformer,Reformer,24,No,Roma,8845
2024-09-10,Camila Cruz,Paquete,Reformer,Reformer,12,No,Condesa,4385
2024-09-10,Diego García,Fitpass,Reformer,Reformer,0,Sí,Polanco,204
2024-09-10,Renata Morales,Paquete,Reformer,Reformer,8,No,Roma,3154
2024-09-10,Rodrigo Pérez,Fitpass,Chair,Chair,0,Sí,Condesa,206
2024-09-11,Andrea Gómez,Paquete,Reformer,Reformer,8,No,Roma,3046
2024-09-11,Fernanda Hernández,Paquete,Chair,Chair,8,No,Condesa,3194
2024-09-11,Alejandro Díaz,Fitpass,Mat Pilates,Ninguno,0,Sí,Roma,228
2024-09-11,Regina González,Fitpass,Chair,Chair,0,Sí,Polanco,208
2024-09-11,Miguel Pérez,Paquete,Mat Pilates,Ninguno,8,No,Polanco,3053
2024-09-11,Camila Torres,Fitpass,Chair,Chair,0,Sí,Polanco,235
2024-09-11,Luis Díaz,Paquete,Cadillac,Cadillac,12,No,Condesa,4386
2024-09-11,Diego Cruz,Fitpass,Reformer,Reformer,0,Sí,Roma,186
2024-09-11,Regina Rodríguez,Paquete,Reformer,Reformer,12,No,Roma,4193
2024-09-11,Laura Vázquez,Fitpass,Reformer,Reformer,0,Sí,Polanco,233
2024-09-11,Daniela Gómez,Fitpass,Chair,Chair,0,Sí,Condesa,206
2024-09-11,Ximena Ramírez,Fitpass,Mat Pilates,Ninguno,0,Sí,Condesa,188
2024-09-11,Regina Rodríguez,Paquete,Reformer,Reformer,8,No,Polanco,3225
2024-09-11,Diego Hernández,Fitpass,Mat Pilates,Ninguno,0,Sí,Polanco,181
2024-09-12,Regina Gómez,Clase Individual,Chair,Chair,0,No,Roma,474
2024-09-12,Diego López,Fitpass,Mat Pilates,Ninguno,0,Sí,Condesa,188
2024-09-12,Fernando González,Paquete,Reformer,Reformer,12,No,Polanco,4292
2024-09-12,Javier Flores,Clase Individual,Reformer,Reformer,0,No,Roma,410
2024-09-12,Lucía Reyes,Paquete,Reformer,Reformer,8,No,Roma,3236
2024-09-12,Regina Reyes,Clase Individual,Reformer,Reformer,0,No,Condesa,407
2024-09-12,Laura Ramírez,Fitpass,Reformer,Reformer,0,Sí,Roma,205
2024-09-12,Mariana Hernández,Paquete,Reformer,Reformer,8,No,Condesa,2988
2024-09-12,Alejandro Torres,Paquete,Reformer,Reformer,8,No,Condesa,3130
2024-09-12,Lucía Martínez,Fitpass,Chair,Chair,0,Sí,Condesa,235
2024-09-12,Ana García,Fitpass,Reformer,Reformer,0,Sí,Condesa,207
2024-09-12,Mateo Vázquez,Fitpass,Cadillac,Cadillac,0,Sí,Roma,220
2024-09-12,Santiago Pérez,Paquete,Chair,Chair,24,No,Polanco,8003
2024-09-13,Paula García,Paquete,Cadillac,Cadillac,8,No,Roma,3156
2024-09-13,Carlos Mendoza,Paquete,Chair,Chair,12,No,Condesa,4255
2024-09-13,Paula Gómez,Paquete,Reformer,Reformer,24,No,Condesa,8682
2024-09-13,Valeria Gutiérrez,Paquete,Reformer,Reformer,8,No,Polanco,3220
2024-09-13,Mateo Díaz,Paquete,Reformer,Reformer,8,No,Roma,3275
2024-09-13,Ana Vázquez,Fitpass,Mat Pilates,Ninguno,0,Sí,Roma,226
2024-09-13,Fernanda Pérez,Paquete,Cadillac,Cadillac,8,No,Roma,3256
2024-09-13,Gabriela García,Clase Individual,Chair,Chair,0,No,Condesa,478
2024-09-13,Mateo Díaz,Fitpass,Reformer,Reformer,0,Sí,Roma,238
2024-09-13,Valeria González,Paquete,Reformer,Reformer,8,No,Condesa,3103
2024-09-13,Rodrigo Pérez,Paquete,Cadillac,Cadillac,24,No,Roma,8107
2024-09-13,Santiago Mendoza,Fitpass,Reformer,Reformer,0,Sí,Polanco,223
2024-09-13,Miguel Cruz,Fitpass,Reformer,Reformer,0,Sí,Roma,229
2024-09-13,Ximena Vázquez,Clase Individual,Reformer,Reformer,0,No,Roma,443
2024-09-14,Carolina Mendoza,Paquete,Chair,Chair,8,No,Polanco,3160
2024-09-14,Diego Hernández,Paquete,Reformer,Reformer,24,No,Roma,8297
2024-09-14,Miguel Morales,Paquete,Reformer,Reformer,8,No,Roma,3022
2024-09-14,Paula Reyes,Paquete,Reformer,Reformer,24,No,Polanco,8063
2024-09-14,María Reyes,Fitpass,Mat Pilates,Ninguno,0,Sí,Roma,204
2024-09-14,Sofía Pérez,Paquete,Reformer,Reformer,24,No,Condesa,8328
2024-09-14,Fernando Díaz,Clase Individual,Reformer,Reformer,0,No,Condesa,393
2024-09-14,Ximena López,Fitpass,Chair,Chair,0,Sí,Polanco,240
2024-09-14,Natalia Pérez,Paquete,Chair,Chair,8,No,Condesa,3008
2024-09-14,Carolina García,Fitpass,Chair,Chair,0,Sí,Condesa,215
2024-09-14,Miguel Pérez,Fitpass,Reformer,Reformer,0,Sí,Roma,232
2024-09-14,Andrea Reyes,Clase Individual,Reformer,Reformer,0,No,Roma,382
2024-09-15,Luis Sánchez,Fitpass,Cadillac,Cadillac,0,Sí,Roma,235
2024-09-15,Paula Morales,Fitpass,Cadillac,Cadillac,0,Sí,Condesa,202
2024-09-15,Regina Sánchez,Paquete,Chair,Chair,24,No,Roma,8653
2024-09-15,Ana Pérez,Fitpass,Mat Pilates,Ninguno,0,Sí,Roma,222
2024-09-15,Mariana Gómez,Fitpass,Reformer,Reformer,0,Sí,Polanco,200
2024-09-15,Ximena Morales,Clase Individual,Reformer,Reformer,0,No,Polanco,448
2024-09-15,Gabriela Martínez,Paquete,Mat Pilates,Ninguno,12,No,Roma,4309
2024-09-15,Regina Sánchez,Paquete,Reformer,Reformer,8,No,Roma,3178
2024-09-15,Andrea González,Paquete,Mat Pilates,Ninguno,12,No,Polanco,4635
2024-09-15,Valeria Sánchez,Paquete,Reformer,Reformer,12,No,Condesa,4467
2024-09-15,Carlos Pérez,Clase Individual,Reformer,Reformer,0,No,Condesa,460
2024-09-15,Rodrigo Gómez,Paquete,Reformer,Reformer,12,No,Roma,4104
2024-09-15,Laura Gutiérrez,Paquete,Reformer,Reformer,8,No,Condesa,3162
2024-09-16,Ximena Vázquez,Clase Individual,Chair,Chair,0,No,Roma,499
2024-09-16,Paula Flores,Paquete,Reformer,Reformer,8,No,Roma,3239
2024-09-16,Carolina Sánchez,Clase Individual,Cadillac,Cadillac,0,No,Polanco,385
2024-09-16,Gabriela Mendoza,Fitpass,Reformer,Reformer,0,Sí,Roma,228
2024-09-16,Sofía Cruz,Paquete,Chair,Chair,8,No,Roma,2964
2024-09-16,Camila Flores,Clase Individual,Reformer,Reformer,0,No,Roma,445
2024-09-16,Mariana Torres,Clase Individual,Chair,Chair,0,No,Roma,509
2024-09-16,Victoria Gutiérrez,Fitpass,Reformer,Reformer,0,Sí,Polanco,236
2024-09-16,Regina García,Fitpass,Reformer,Reformer,0,Sí,Roma,189
2024-09-16,Sofía Gutiérrez,Fitpass,Mat Pilates,Ninguno,0,Sí,Roma,183
2024-09-16,Alejandro López,Paquete,Mat Pilates,Ninguno,12,No,Roma,4239
2024-09-16,Ana Ramírez,Clase Individual,Cadillac,Cadillac,0,No,Roma,407
2024-09-17,Natalia Hernández,Paquete,Cadillac,Cadillac,12,No,Roma,4681
2024-09-17,Regina Mendoza,Fitpass,Chair,Chair,0,Sí,Condesa,181
2024-09-17,Natalia Mendoza,Paquete,Cadillac,Cadillac,8,No,Roma,3260
2024-09-17,Alejandro Díaz,Clase Individual,Reformer,Reformer,0,No,Roma,415
2024-09-17,Paula Cruz,Fitpass,Reformer,Reformer,0,Sí,Condesa,196
2024-09-17,Lucía Torres,Paquete,Mat Pilates,Ninguno,8,No,Condesa,2991
2024-09-17,Andrea Gómez,Fitpass,Chair,Chair,0,Sí,Polanco,184
2024-09-17,Santiago Hernández,Fitpass,Reformer,Reformer,0,Sí,Condesa,210
2024-09-17,Natalia Mendoza,Paquete,Reformer,Reformer,8,No,Condesa,2953
2024-09-17,Gabriela González,Fitpass,Mat Pilates,Ninguno,0,Sí,Roma,184
2024-09-17,Renata Jiménez,Paquete,Reformer,Reformer,8,No,Condesa,3279
2024-09-17,Renata Cruz,Clase Individual,Chair,Chair,0,No,Condesa,445
2024-09-17,Sofía Gómez,Fitpass,Reformer,Reformer,0,Sí,Roma,180
2024-09-17,Miguel Gutiérrez,Paquete,Mat Pilates,Ninguno,8,No,Condesa,3003
2024-09-18,Camila Vázquez,Fitpass,Reformer,Reformer,0,Sí,Polanco,239
2024-09-18,Paula Vázquez,Paquete,Reformer,Reformer,8,No,Polanco,2935
2024-09-18,Regina Reyes,Paquete,Chair,Chair,12,No,Polanco,4662
2024-09-18,Valeria Reyes,Paquete,Reformer,Reformer,8,No,Roma,3127
2024-09-18,Carolina Hernández,Paquete,Cadillac,Cadillac,8,No,Polanco,3131
2024-09-18,Victoria Hernández,Clase Individual,Reformer,Reformer,0,No,Polanco,479
2024-09-18,Luis Vázquez,Fitpass,Chair,Chair,0,Sí,Roma,202
2024-09-18,Luis Reyes,Clase Individual,Reformer,Reformer,0,No,Condesa,406
2024-09-19,Miguel Mendoza,Paquete,Mat Pilates,Ninguno,12,No,Condesa,4602
2024-09-19,Renata García,Fitpass,Chair,Chair,0,Sí,Roma,181
2024-09-19,Renata Gómez,Paquete,Reformer,Reformer,8,No,Polanco,3014
2024-09-19,Santiago Pérez,Clase Individual,Chair,Chair,0,No,Roma,389
2024-09-19,Laura Pérez,Clase Individual,Chair,Chair,0,No,Polanco,519
2024-09-19,María Reyes,Clase Individual,Cadillac,Cadillac,0,No,Condesa,499
2024-09-19,Laura Flores,Paquete,Reformer,Reformer,8,No,Condesa,3107
2024-09-19,Regina Cruz,Paquete,Chair,Chair,12,No,Condesa,4390
2024-09-19,Fernanda Torres,Paquete,Mat Pilates,Ninguno,12,No,Roma,4583
2024-09-19,Miguel Torres,Paquete,Reformer,Reformer,12,No,Roma,4150
2024-09-19,Miguel Gutiérrez,Fitpass,Reformer,Reformer,0,Sí,Roma,221
2024-09-19,Carlos López,Paquete,Reformer,Reformer,12,No,Condesa,4123
2024-09-19,Ana González,Fitpass,Cadillac,Cadillac,0,Sí,Roma,181
2024-09-19,Victoria Rodríguez,Paquete,Reformer,Reformer,24,No,Condesa,8265
2024-09-19,Sofía Sánchez,Fitpass,Chair,Chair,0,Sí,Condesa,230
2024-09-19,Valeria Reyes,Fitpass,Reformer,Reformer,0,Sí,Condesa,197
2024-09-20,Renata García,Fitpass,Reformer,Reformer,0,Sí,Roma,206
2024-09-20,Gabriela Gómez,Paquete,Reformer,Reformer,12,No,Roma,4267
2024-09-20,Mateo López,Paquete,Mat Pilates,Ninguno,8,No,Condesa,3255
2024-09-20,Santiago Torres,Paquete,Cadillac,Cadillac,12,No,Roma,4664
2024-09-20,Fernanda Torres,Paquete,Chair,Chair,8,No,Roma,3160
2024-09-20,Paula García,Paquete,Mat Pilates,Ninguno,8,No,Roma,3220
2024-09-20,Carlos Díaz,Paquete,Reformer,Reformer,8,No,Roma,2957
2024-09-20,Ximena Ramírez,Paquete,Reformer,Reformer,12,No,Roma,4673
2024-09-20,Sofía Pérez,Fitpass,Reformer,Reformer,0,Sí,Condesa,204
2024-09-20,Andrea Hernández,Fitpass,Reformer,Reformer,0,Sí,Condesa,215
2024-09-20,Alejandro Mendoza,Paquete,Cadillac,Cadillac,8,No,Condesa,3082
2024-09-20,Rodrigo Sánchez,Paquete,Mat Pilates,Ninguno,8,No,Condesa,3232
2024-09-20,Miguel Pérez,Paquete,Reformer,Reformer,24,No,Roma,8759
2024-09-21,Ximena Hernández,Fitpass,Cadillac,Cadillac,0,Sí,Condesa,237
2024-09-21,Javier Vázquez,Fitpass,Reformer,Reformer,0,Sí,Condesa,218
2024-09-21,Mariana Jiménez,Fitpass,Reformer,Reformer,0,Sí,Polanco,211
2024-09-21,Diego García,Paquete,Chair,Chair,24,No,Condesa,8897
2024-09-21,Mateo Vázquez,Fitpass,Cadillac,Cadillac,0,Sí,Roma,190
2024-09-21,Camila Vázquez,Fitpass,Chair,Chair,0,Sí,Condesa,214
2024-09-21,Lucía Pérez,Clase Individual,Mat Pilates,Ninguno,0,No,Roma,403
2024-09-21,Ana Gutiérrez,Paquete,Mat Pilates,Ninguno,8,No,Roma,3191
2024-09-21,Daniela Hernández,Paquete,Reformer,Reformer,8,No,Condesa,3286
2024-09-22,Carolina Martínez,Fitpass,Reformer,Reformer,0,Sí,Roma,198
2024-09-22,Lucía Rodríguez,Paquete,Reformer,Reformer,8,No,Roma,3201
2024-09-22,Carolina Ramírez,Fitpass,Mat Pilates,Ninguno,0,Sí,Roma,231
2024-09-22,Carlos Díaz,Clase Individual,Reformer,Reformer,0,No,Condesa,432
2024-09-22,Fernando Sánchez,Paquete,Cadillac,Cadillac,12,No,Roma,4217
2024-09-22,Ximena López,Fitpass,Reformer,Reformer,0,Sí,Polanco,213
2024-09-22,Javier Rodríguez,Paquete,Chair,Chair,8,No,Condesa,3195
2024-09-22,Rodrigo Sánchez,Clase Individual,Reformer,Reformer,0,No,Polanco,498
2024-09-22,Sofía Martínez,Clase Individual,Chair,Chair,0,No,Polanco,493
2024-09-22,Rodrigo García,Fitpass,Mat Pilates,Ninguno,0,Sí,Condesa,186
2024-09-22,Paula Sánchez,Fitpass,Chair,Chair,0,Sí,Roma,180
2024-09-22,María Flores,Fitpass,Chair,Chair,0,Sí,Condesa,207
2024-09-22,Mateo Reyes,Paquete,Reformer,Reformer,12,No,Condesa,4696
2024-09-22,Alejandro Jiménez,Clase Individual,Reformer,Reformer,0,No,Condesa,465
2024-09-23,Fernando Gutiérrez,Clase Individual,Reformer,Reformer,0,No,Polanco,489
2024-09-23,Valeria Flores,Fitpass,Mat Pilates,Ninguno,0,Sí,Condesa,217
2024-09-23,Luis Pérez,Fitpass,Reformer,Reformer,0,Sí,Polanco,189
2024-09-23,María Flores,Fitpass,Mat Pilates,Ninguno,0,Sí,Roma,182
2024-09-23,Santiago Gutiérrez,Clase Individual,Reformer,Reformer,0,No,Condesa,500
2024-09-23,Fernanda Cruz,Fitpass,Reformer,Reformer,0,Sí,Roma,210
2024-09-23,Diego Sánchez,Clase Individual,Mat Pilates,Ninguno,0,No,Condesa,418
2024-09-23,Valeria Sánchez,Fitpass,Reformer,Reformer,0,Sí,Polanco,240
2024-09-23,Laura Gómez,Clase Individual,Mat Pilates,Ninguno,0,No,Roma,415
2024-09-23,Carolina Díaz,Fitpass,Reformer,Reformer,0,Sí,Roma,185
2024-09-23,Alejandro Flores,Fitpass,Cadillac,Cadillac,0,Sí,Roma,206
2024-09-24,Renata Torres,Clase Individual,Reformer,Reformer,0,No,Condesa,497
2024-09-24,Renata Gómez,Fitpass,Cadillac,Cadillac,0,Sí,Condesa,197
2024-09-24,Andrea Díaz,Paquete,Chair,Chair,24,No,Condesa,8109
2024-09-24,Renata Sánchez,Fitpass,Reformer,Reformer,0,Sí,Polanco,189
2024-09-24,Mateo Gómez,Fitpass,Chair,Chair,0,Sí,Condesa,240
2024-09-24,Lucía García,Paquete,Cadillac,Cadillac,24,No,Roma,8838
2024-09-24,Mariana Martínez,Paquete,Reformer,Reformer,12,No,Roma,4412
2024-09-24,Miguel Gutiérrez,Fitpass,Mat Pilates,Ninguno,0,Sí,Roma,233
2024-09-24,Andrea Vázquez,Fitpass,Mat Pilates,Ninguno,0,Sí,Polanco,234
2024-09-24,Sofía Gómez,Paquete,Cadillac,Cadillac,8,No,Roma,3083
2024-09-24,Fernanda Gutiérrez,Paquete,Reformer,Reformer,24,No,Polanco,8204
2024-09-24,Rodrigo Ramírez,Paquete,Cadillac,Cadillac,12,No,Polanco,4145
2024-09-24,Ana Flores,Paquete,Mat Pilates,Ninguno,8,No,Polanco,3153
2024-09-24,Ana García,Clase Individual,Reformer,Reformer,0,No,Roma,441
2024-09-25,Fernando Martínez,Paquete,Reformer,Reformer,8,No,Roma,2946
2024-09-25,Ana Gómez,Paquete,Reformer,Reformer,12,No,Polanco,4603
2024-09-25,Carlos Morales,Fitpass,Reformer,Reformer,0,Sí,Condesa,211
2024-09-25,Victoria Gutiérrez,Clase Individual,Mat Pilates,Ninguno,0,No,Condesa,506
2024-09-25,Camila Cruz,Fitpass,Reformer,Reformer,0,Sí,Polanco,185
2024-09-25,Victoria González,Fitpass,Reformer,Reformer,0,Sí,Polanco,237
2024-09-25,Alejandro Mendoza,Clase Individual,Mat Pilates,Ninguno,0,No,Polanco,465
2024-09-25,Daniela Sánchez,Paquete,Reformer,Reformer,12,No,Polanco,4216
2024-09-25,Fernanda Díaz,Paquete,Reformer,Reformer,8,No,Polanco,2917
2024-09-25,Carolina Cruz,Fitpass,Chair,Chair,0,Sí,Polanco,205
2024-09-25,Mateo Hernández,Clase Individual,Reformer,Reformer,0,No,Polanco,440
2024-09-25,Regina González,Paquete,Mat Pilates,Ninguno,8,No,Condesa,2999
2024-09-25,Valeria Flores,Fitpass,Chair,Chair,0,Sí,Roma,186
2024-09-25,Alejandro Pérez,Paquete,Reformer,Reformer,8,No,Condesa,3215
2024-09-25,Fernanda Hernández,Paquete,Reformer,Reformer,8,No,Polanco,3032
2024-09-25,Paula Flores,Paquete,Reformer,Reformer,8,No,Roma,2928
2024-09-25,Gabriela Ramírez,Fitpass,Mat Pilates,Ninguno,0,Sí,Condesa,200
2024-09-25,Regina Vázquez,Clase Individual,Chair,Chair,0,No,Polanco,394
2024-09-25,Fernando Mendoza,Paquete,Cadillac,Cadillac,8,No,Condesa,3286
2024-09-25,Carlos Mendoza,Paquete,Reformer,Reformer,24,No,Polanco,8024
2024-09-25,Carolina Vázquez,Clase Individual,Chair,Chair,0,No,Condesa,385
2024-09-26,Claudia Jiménez,Paquete,Reformer,Reformer,8,No,Condesa,3194
2024-09-26,Gabriela García,Clase Individual,Reformer,Reformer,0,No,Condesa,443
2024-09-26,Camila González,Fitpass,Reformer,Reformer,0,Sí,Polanco,193
2024-09-26,Victoria Jiménez,Fitpass,Reformer,Reformer,0,Sí,Roma,232
2024-09-26,Miguel González,Paquete,Mat Pilates,Ninguno,24,No,Polanco,8312
2024-09-26,Lucía Díaz,Paquete,Reformer,Reformer,24,No,Roma,8022
2024-09-26,Carolina García,Paquete,Reformer,Reformer,8,No,Roma,3038
2024-09-26,Mariana Rodríguez,Paquete,Chair,Chair,24,No,Roma,8854
2024-09-26,Andrea López,Paquete,Cadillac,Cadillac,8,No,Roma,3005
2024-09-26,Ana González,Paquete,Mat Pilates,Ninguno,8,No,Condesa,2925
2024-09-26,Carlos García,Fitpass,Reformer,Reformer,0,Sí,Roma,216
2024-09-26,Luis Reyes,Paquete,Reformer,Reformer,8,No,Condesa,2935
2024-09-26,Ximena Morales,Fitpass,Reformer,Reformer,0,Sí,Condesa,209
2024-09-26,Victoria Torres,Fitpass,Reformer,Reformer,0,Sí,Roma,196
2024-09-26,Claudia Mendoza,Paquete,Reformer,Reformer,12,No,Condesa,4190
2024-09-26,Rodrigo Cruz,Paquete,Cadillac,Cadillac,8,No,Polanco,2913
2024-09-27,Ana Morales,Clase Individual,Mat Pilates,Ninguno,0,No,Roma,506
2024-09-27,Claudia García,Paquete,Cadillac,Cadillac,12,No,Roma,4650
2024-09-27,Claudia Vázquez,Paquete,Mat Pilates,Ninguno,8,No,Polanco,2945
2024-09-27,Diego Reyes,Paquete,Reformer,Reformer,12,No,Roma,4400
2024-09-27,Santiago Reyes,Clase Individual,Chair,Chair,0,No,Roma,431
2024-09-27,Mariana Díaz,Clase Individual,Mat Pilates,Ninguno,0,No,Polanco,382
2024-09-27,Luis Rodríguez,Paquete,Chair,Chair,12,No,Polanco,4436
2024-09-27,Laura Mendoza,Clase Individual,Reformer,Reformer,0,No,Roma,466
2024-09-27,Ana Gutiérrez,Fitpass,Reformer,Reformer,0,Sí,Condesa,214
2024-09-27,Fernanda González,Fitpass,Cadillac,Cadillac,0,Sí,Condesa,216
2024-09-27,Miguel Torres,Clase Individual,Chair,Chair,0,No,Roma,429
2024-09-28,Regina García,Paquete,Reformer,Reformer,8,No,Condesa,3222
2024-09-28,Javier Rodríguez,Clase Individual,Reformer,Reformer,0,No,Roma,501
2024-09-28,Sofía Rodríguez,Paquete,Reformer,Reformer,8,No,Polanco,2921
2024-09-28,Daniela Morales,Paquete,Cadillac,Cadillac,8,No,Condesa,3022
2024-09-28,Ximena Flores,Paquete,Reformer,Reformer,8,No,Roma,3127
2024-09-28,Alejandro Torres,Fitpass,Reformer,Reformer,0,Sí,Roma,232
2024-09-28,Santiago Torres,Fitpass,Reformer,Reformer,0,Sí,Polanco,199
2024-09-28,Ximena López,Paquete,Chair,Chair,8,No,Roma,3050
2024-09-28,Miguel López,Fitpass,Chair,Chair,0,Sí,Roma,196
2024-09-28,Victoria Martínez,Fitpass,Reformer,Reformer,0,Sí,Condesa,184
2024-09-28,Camila González,Paquete,Reformer,Reformer,8,No,Roma,2967
2024-09-28,Renata Ramírez,Paquete,Reformer,Reformer,8,No,Roma,3210
2024-09-28,Renata Morales,Paquete,Cadillac,Cadillac,24,No,Roma,8421
2024-09-28,Luis Díaz,Fitpass,Chair,Chair,0,Sí,Roma,185
2024-09-28,Mateo Sánchez,Paquete,Chair,Chair,8,No,Polanco,2995
2024-09-28,Ana López,Fitpass,Reformer,Reformer,0,Sí,Polanco,234
2024-09-28,María Reyes,Clase Individual,Chair,Chair,0,No,Roma,482
2024-09-29,Andrea Pérez,Clase Individual,Reformer,Reformer,0,No,Roma,453
2024-09-29,Mateo Sánchez,Paquete,Cadillac,Cadillac,24,No,Condesa,8008
2024-09-29,Renata Cruz,Clase Individual,Reformer,Reformer,0,No,Roma,424
2024-09-29,Lucía Flores,Paquete,Mat Pilates,Ninguno,24,No,Polanco,8815
2024-09-29,Daniela González,Paquete,Reformer,Reformer,24,No,Roma,8758
2024-09-29,Ximena Jiménez,Paquete,Chair,Chair,8,No,Condesa,3256
2024-09-29,Alejandro Flores,Fitpass,Reformer,Reformer,0,Sí,Roma,222
2024-09-29,Camila Rodríguez,Paquete,Reformer,Reformer,8,No,Polanco,3180
2024-09-29,Diego Martínez,Paquete,Cadillac,Cadillac,12,No,Roma,4607
2024-09-29,Ana Gómez,Fitpass,Reformer,Reformer,0,Sí,Condesa,239
2024-09-29,Diego Mendoza,Clase Individual,Mat Pilates,Ninguno,0,No,Condesa,433
2024-09-29,Paula Rodríguez,Paquete,Reformer,Reformer,8,No,Roma,2971
2024-09-29,Sofía González,Paquete,Reformer,Reformer,8,No,Condesa,2979
2024-09-30,Natalia Pérez,Paquete,Cadillac,Cadillac,12,No,Roma,4594
2024-09-30,Javier Vázquez,Fitpass,Chair,Chair,0,Sí,Polanco,209
2024-09-30,Rodrigo Gómez,Fitpass,Cadillac,Cadillac,0,Sí,Condesa,191
2024-09-30,Laura Vázquez,Fitpass,Chair,Chair,0,Sí,Roma,196
2024-09-30,Alejandro López,Clase Individual,Chair,Chair,0,No,Roma,423
2024-09-30,Daniela Ramírez,Fitpass,Reformer,Reformer,0,Sí,Polanco,185
2024-09-30,Miguel Torres,Paquete,Reformer,Reformer,8,No,Polanco,3109
2024-09-30,María Hernández,Fitpass,Cadillac,Cadillac,0,Sí,Roma,180
2024-09-30,Alejandro López,Paquete,Cadillac,Cadillac,8,No,Roma,2950
2024-10-01,Andrea Gómez,Paquete,Mat Pilates,Ninguno,8,No,Condesa,3251
2024-10-01,Renata Flores,Fitpass,Mat Pilates,Ninguno,0,Sí,Polanco,202
2024-10-01,Fernando Flores,Fitpass,Chair,Chair,0,Sí,Condesa,198
2024-10-01,Mateo Sánchez,Paquete,Chair,Chair,12,No,Condesa,4472
2024-10-01,Lucía Pérez,Paquete,Mat Pilates,Ninguno,24,No,Roma,8417
2024-10-01,Paula Ramírez,Fitpass,Reformer,Reformer,0,Sí,Condesa,209
2024-10-01,Camila Flores,Paquete,Reformer,Reformer,8,No,Polanco,3197
2024-10-01,Javier Torres,Fitpass,Reformer,Reformer,0,Sí,Condesa,208
2024-10-01,Ana Flores,Fitpass,Cadillac,Cadillac,0,Sí,Polanco,191
2024-10-01,Natalia Cruz,Clase Individual,Cadillac,Cadillac,0,No,Condesa,426
2024-10-01,Miguel Díaz,Paquete,Reformer,Reformer,12,No,Roma,4486
2024-10-02,Ana Ramírez,Paquete,Cadillac,Cadillac,12,No,Roma,4364
2024-10-02,Gabriela García,Fitpass,Reformer,Reformer,0,Sí,Roma,237
2024-10-02,Ana Martínez,Clase Individual,Chair,Chair,0,No,Roma,436
2024-10-02,Carolina Sánchez,Fitpass,Reformer,Reformer,0,Sí,Condesa,220
2024-10-02,Luis Morales,Clase Individual,Chair,Chair,0,No,Polanco,417
2024-10-02,Camila Hernández,Fitpass,Reformer,Reformer,0,Sí,Condesa,204
2024-10-02,Diego Cruz,Fitpass,Reformer,Reformer,0,Sí,Roma,187
2024-10-02,Sofía Gómez,Clase Individual,Chair,Chair,0,No,Condesa,398
2024-10-02,Paula Torres,Paquete,Cadillac,Cadillac,24,No,Polanco,8791
2024-10-02,Diego Pérez,Clase Individual,Reformer,Reformer,0,No,Condesa,407
2024-10-02,Fernando Ramírez,Paquete,Reformer,Reformer,24,No,Polanco,8133
2024-10-02,Lucía López,Fitpass,Mat Pilates,Ninguno,0,Sí,Condesa,235
2024-10-03,Fernando Pérez,Paquete,Chair,Chair,8,No,Roma,3233
2024-10-03,María Díaz,Fitpass,Reformer,Reformer,0,Sí,Condesa,213
2024-10-03,Camila Mendoza,Fitpass,Cadillac,Cadillac,0,Sí,Condesa,194
2024-10-03,Camila Gutiérrez,Fitpass,Chair,Chair,0,Sí,Polanco,236
2024-10-03,Camila Vázquez,Fitpass,Chair,Chair,0,Sí,Polanco,234
2024-10-03,Fernanda Jiménez,Clase Individual,Reformer,Reformer,0,No,Roma,409
2024-10-03,Victoria Cruz,Paquete,Chair,Chair,12,No,Condesa,4649
2024-10-03,Lucía Gómez,Paquete,Reformer,Reformer,8,No,Roma,2989
2024-10-03,Mariana Ramírez,Clase Individual,Reformer,Reformer,0,No,Condesa,426
2024-10-03,Alejandro Pérez,Paquete,Mat Pilates,Ninguno,24,No,Roma,8780
2024-10-04,Sofía Torres,Fitpass,Reformer,Reformer,0,Sí,Condesa,237
2024-10-04,Lucía López,Clase Individual,Chair,Chair,0,No,Roma,455
2024-10-04,Lucía Gómez,Fitpass,Cadillac,Cadillac,0,Sí,Roma,215
2024-10-04,Laura Flores,Fitpass,Chair,Chair,0,Sí,Roma,223
2024-10-04,Miguel Flores,Fitpass,Reformer,Reformer,0,Sí,Condesa,184
2024-10-04,Claudia Morales,Paquete,Reformer,Reformer,12,No,Condesa,4406
2024-10-04,Regina Mendoza,Fitpass,Reformer,Reformer,0,Sí,Roma,211
2024-10-04,Carlos Díaz,Paquete,Reformer,Reformer,12,No,Polanco,4365
2024-10-05,Lucía Pérez,Fitpass,Mat Pilates,Ninguno,0,Sí,Condesa,224
2024-10-05,Natalia Martínez,Paquete,Mat Pilates,Ninguno,12,No,Roma,4284
2024-10-05,Natalia Mendoza,Fitpass,Reformer,Reformer,0,Sí,Roma,225
2024-10-05,Claudia García,Fitpass,Chair,Chair,0,Sí,Roma,206
2024-10-05,Andrea Vázquez,Fitpass,Reformer,Reformer,0,Sí,Condesa,215
2024-10-05,Alejandro Sánchez,Paquete,Cadillac,Cadillac,8,No,Condesa,3122
2024-10-05,Renata Torres,Paquete,Chair,Chair,8,No,Polanco,3286
2024-10-05,Mariana Rodríguez,Clase Individual,Chair,Chair,0,No,Condesa,502
2024-10-05,Mateo Sánchez,Paquete,Mat Pilates,Ninguno,12,No,Condesa,4308
2024-10-06,Lucía Jiménez,Fitpass,Reformer,Reformer,0,Sí,Condesa,226
2024-10-06,Luis Rodríguez,Fitpass,Mat Pilates,Ninguno,0,Sí,Roma,207
2024-10-06,Fernanda Flores,Paquete,Cadillac,Cadillac,12,No,Condesa,4700
2024-10-06,Carolina Gómez,Paquete,Cadillac,Cadillac,12,No,Roma,4503
2024-10-06,Victoria Pérez,Paquete,Cadillac,Cadillac,8,No,Polanco,3090
2024-10-06,María Reyes,Paquete,Mat Pilates,Ninguno,8,No,Condesa,3282
2024-10-06,Natalia Ramírez,Fitpass,Mat Pilates,Ninguno,0,Sí,Condesa,214
2024-10-06,Lucía Morales,Fitpass,Cadillac,Cadillac,0,Sí,Roma,185
2024-10-06,Valeria Hernández,Paquete,Mat Pilates,Ninguno,24,No,Roma,7907
2024-10-06,Rodrigo Cruz,Fitpass,Reformer,Reformer,0,Sí,Condesa,208
2024-10-06,Javier Torres,Fitpass,Reformer,Reformer,0,Sí,Condesa,224
2024-10-06,Victoria Flores,Fitpass,Reformer,Reformer,0,Sí,Condesa,197
2024-10-06,Regina Martínez,Paquete,Reformer,Reformer,8,No,Condesa,2981
2024-10-06,Andrea Cruz,Fitpass,Mat Pilates,Ninguno,0,Sí,Roma,222
2024-10-06,Mariana López,Paquete,Cadillac,Cadillac,12,No,Roma,4353
2024-10-06,Paula Gutiérrez,Clase Individual,Cadillac,Cadillac,0,No,Roma,469
2024-10-06,Valeria Sánchez,Paquete,Reformer,Reformer,24,No,Condesa,7919
2024-10-06,Regina Gutiérrez,Paquete,Chair,Chair,12,No,Condesa,4651
2024-10-06,María Reyes,Fitpass,Cadillac,Cadillac,0,Sí,Roma,224
2024-10-06,Carlos Pérez,Paquete,Cadillac,Cadillac,12,No,Roma,4111
2024-10-07,Valeria García,Clase Individual,Reformer,Reformer,0,No,Condesa,476
2024-10-07,Sofía Rodríguez,Paquete,Chair,Chair,8,No,Roma,3246
2024-10-07,Sofía Díaz,Paquete,Reformer,Reformer,8,No,Roma,2986
2024-10-07,Mateo Gómez,Fitpass,Reformer,Reformer,0,Sí,Roma,238
2024-10-07,Diego González,Fitpass,Reformer,Reformer,0,Sí,Condesa,233
2024-10-07,Paula Gutiérrez,Clase Individual,Reformer,Reformer,0,No,Roma,422
2024-10-08,María García,Paquete,Reformer,Reformer,12,No,Roma,4168
2024-10-08,Carolina Sánchez,Clase Individual,Mat Pilates,Ninguno,0,No,Roma,440
2024-10-08,Carolina López,Clase Individual,Chair,Chair,0,No,Condesa,419
2024-10-08,Renata Mendoza,Paquete,Reformer,Reformer,8,No,Roma,3175
2024-10-08,Carlos Rodríguez,Paquete,Reformer,Reformer,8,No,Condesa,3164
2024-10-08,María Jiménez,Paquete,Reformer,Reformer,8,No,Roma,3280
2024-10-08,Mariana López,Paquete,Chair,Chair,8,No,Polanco,3052
2024-10-08,Fernanda Vázquez,Fitpass,Chair,Chair,0,Sí,Condesa,212
2024-10-08,Carlos Torres,Fitpass,Reformer,Reformer,0,Sí,Roma,194
2024-10-08,Fernanda Jiménez,Paquete,Reformer,Reformer,8,No,Roma,3208
2024-10-08,Ana García,Clase Individual,Chair,Chair,0,No,Roma,448
2024-10-08,Victoria Díaz,Clase Individual,Reformer,Reformer,0,No,Polanco,420
2024-10-08,Rodrigo Mendoza,Clase Individual,Reformer,Reformer,0,No,Condesa,407
2024-10-09,Victoria Cruz,Fitpass,Reformer,Reformer,0,Sí,Roma,199
2024-10-09,Sofía García,Fitpass,Chair,Chair,0,Sí,Condesa,196
2024-10-09,Diego González,Clase Individual,Reformer,Reformer,0,No,Polanco,403
2024-10-09,Sofía Flores,Clase Individual,Cadillac,Cadillac,0,No,Condesa,469
2024-10-09,Daniela González,Fitpass,Reformer,Reformer,0,Sí,Roma,187
2024-10-09,Santiago López,Paquete,Mat Pilates,Ninguno,24,No,Condesa,8176
2024-10-09,Ximena Gómez,Fitpass,Reformer,Reformer,0,Sí,Roma,222
2024-10-09,Diego Vázquez,Paquete,Cadillac,Cadillac,12,No,Condesa,4242
2024-10-09,Valeria Martínez,Fitpass,Cadillac,Cadillac,0,Sí,Roma,201
2024-10-09,Sofía Gómez,Paquete,Chair,Chair,12,No,Roma,4588
2024-10-09,Carlos Gómez,Fitpass,Reformer,Reformer,0,Sí,Condesa,238
2024-10-09,Diego Ramírez,Paquete,Mat Pilates,Ninguno,24,No,Roma,8229
2024-10-09,Valeria Díaz,Fitpass,Cadillac,Cadillac,0,Sí,Condesa,209
2024-10-10,Daniela Cruz,Clase Individual,Reformer,Reformer,0,No,Condesa,380
2024-10-10,Camila Reyes,Fitpass,Cadillac,Cadillac,0,Sí,Polanco,190
2024-10-10,Miguel Flores,Paquete,Reformer,Reformer,8,No,Condesa,3266
2024-10-10,Regina Hernández,Clase Individual,Reformer,Reformer,0,No,Condesa,427
2024-10-10,Diego Mendoza,Paquete,Cadillac,Cadillac,12,No,Condesa,4134
2024-10-10,Rodrigo Díaz,Fitpass,Reformer,Reformer,0,Sí,Roma,211
2024-10-10,Ximena Gutiérrez,Clase Individual,Reformer,Reformer,0,No,Roma,491
2024-10-10,Luis Sánchez,Clase Individual,Mat Pilates,Ninguno,0,No,Roma,457
2024-10-11,Sofía Martínez,Fitpass,Chair,Chair,0,Sí,Roma,201
2024-10-11,Claudia Martínez,Fitpass,Reformer,Reformer,0,Sí,Polanco,227
2024-10-11,Mateo Vázquez,Paquete,Mat Pilates,Ninguno,24,No,Condesa,8655
2024-10-11,Alejandro Pérez,Clase Individual,Cadillac,Cadillac,0,No,Condesa,404
2024-10-11,Claudia Reyes,Paquete,Cadillac,Cadillac,24,No,Condesa,8124
2024-10-11,Alejandro Gómez,Clase Individual,Chair,Chair,0,No,Roma,457
2024-10-11,Mariana Martínez,Paquete,Reformer,Reformer,8,No,Condesa,3289
2024-10-11,Javier García,Fitpass,Mat Pilates,Ninguno,0,Sí,Roma,204
2024-10-11,Rodrigo Torres,Paquete,Chair,Chair,24,No,Polanco,8174
2024-10-11,Alejandro Díaz,Paquete,Reformer,Reformer,24,No,Condesa,8784
2024-10-12,Natalia Díaz,Paquete,Reformer,Reformer,12,No,Condesa,4216
2024-10-12,Mariana Jiménez,Paquete,Reformer,Reformer,12,No,Polanco,4592
2024-10-12,Luis Rodríguez,Paquete,Cadillac,Cadillac,12,No,Condesa,4528
2024-10-12,Mateo García,Paquete,Reformer,Reformer,12,No,Condesa,4535
2024-10-12,Claudia Martínez,Paquete,Reformer,Reformer,8,No,Condesa,3119
2024-10-12,Sofía Gutiérrez,Clase Individual,Reformer,Reformer,0,No,Condesa,515
2024-10-12,María Gómez,Paquete,Mat Pilates,Ninguno,8,No,Roma,3225
2024-10-12,Daniela Torres,Fitpass,Mat Pilates,Ninguno,0,Sí,Roma,224
2024-10-12,Rodrigo González,Paquete,Cadillac,Cadillac,12,No,Condesa,4371
2024-10-13,Javier Hernández,Paquete,Chair,Chair,24,No,Roma,8526
2024-10-13,Daniela López,Fitpass,Reformer,Reformer,0,Sí,Polanco,225
2024-10-13,Victoria Hernández,Paquete,Reformer,Reformer,12,No,Condesa,4663
2024-10-13,Regina Vázquez,Fitpass,Chair,Chair,0,Sí,Roma,239
2024-10-13,Mariana Díaz,Fitpass,Reformer,Reformer,0,Sí,Condesa,237
2024-10-13,Lucía Jiménez,Clase Individual,Reformer,Reformer,0,No,Condesa,497
2024-10-13,Regina García,Paquete,Mat Pilates,Ninguno,12,No,Polanco,4528
2024-10-13,Natalia González,Clase Individual,Mat Pilates,Ninguno,0,No,Condesa,390
2024-10-13,Mariana Mendoza,Fitpass,Cadillac,Cadillac,0,Sí,Polanco,195
2024-10-13,Natalia Sánchez,Paquete,Chair,Chair,12,No,Condesa,4407
2024-10-13,Victoria Hernández,Fitpass,Mat Pilates,Ninguno,0,Sí,Roma,188
2024-10-13,Carlos Pérez,Paquete,Reformer,Reformer,8,No,Condesa,2916
2024-10-13,Paula Cruz,Fitpass,Cadillac,Cadillac,0,Sí,Roma,184
2024-10-13,Alejandro Torres,Fitpass,Chair,Chair,0,Sí,Polanco,221
2024-10-13,Natalia Díaz,Clase Individual,Mat Pilates,Ninguno,0,No,Roma,391
2024-10-14,Claudia Martínez,Paquete,Reformer,Reformer,12,No,Condesa,4586
2024-10-14,Fernanda Díaz,Fitpass,Reformer,Reformer,0,Sí,Polanco,210
2024-10-14,Santiago Vázquez,Paquete,Mat Pilates,Ninguno,8,No,Condesa,3028
2024-10-14,Regina Cruz,Clase Individual,Mat Pilates,Ninguno,0,No,Polanco,505
2024-10-14,Mariana Mendoza,Paquete,Cadillac,Cadillac,12,No,Condesa,4247
2024-10-14,Carlos Morales,Fitpass,Mat Pilates,Ninguno,0,Sí,Roma,229
2024-10-14,Gabriela López,Paquete,Cadillac,Cadillac,12,No,Roma,4114
2024-10-14,Camila Flores,Fitpass,Reformer,Reformer,0,Sí,Condesa,196
2024-10-14,Santiago Sánchez,Fitpass,Chair,Chair,0,Sí,Roma,193
2024-10-14,Fernando García,Clase Individual,Chair,Chair,0,No,Condesa,502
2024-10-14,Fernando Jiménez,Clase Individual,Mat Pilates,Ninguno,0,No,Condesa,467
2024-10-14,Alejandro Pérez,Clase Individual,Cadillac,Cadillac,0,No,Roma,394
2024-10-14,Mateo González,Paquete,Reformer,Reformer,12,No,Polanco,4105
2024-10-15,Paula Martínez,Paquete,Reformer,Reformer,12,No,Condesa,4109
2024-10-15,Diego Pérez,Clase Individual,Cadillac,Cadillac,0,No,Roma,446
2024-10-15,Victoria Díaz,Paquete,Chair,Chair,8,No,Roma,3206
2024-10-15,María Mendoza,Fitpass,Reformer,Reformer,0,Sí,Polanco,206
2024-10-15,Javier Morales,Fitpass,Mat Pilates,Ninguno,0,Sí,Roma,218
2024-10-15,Miguel Rodríguez,Fitpass,Reformer,Reformer,0,Sí,Condesa,222
2024-10-15,Ximena Pérez,Fitpass,Mat Pilates,Ninguno,0,Sí,Condesa,189
2024-10-15,Gabriela Gómez,Paquete,Reformer,Reformer,12,No,Roma,4106
2024-10-15,Mariana Torres,Clase Individual,Reformer,Reformer,0,No,Roma,396
2024-10-15,Natalia Reyes,Fitpass,Cadillac,Cadillac,0,Sí,Polanco,188
2024-10-15,Miguel López,Clase Individual,Cadillac,Cadillac,0,No,Condesa,432
2024-10-15,Carolina González,Clase Individual,Reformer,Reformer,0,No,Condesa,457
2024-10-15,Javier Torres,Paquete,Chair,Chair,8,No,Roma,2987
2024-10-15,Victoria Torres,Clase Individual,Reformer,Reformer,0,No,Polanco,499
2024-10-15,Carlos Martínez,Fitpass,Mat Pilates,Ninguno,0,Sí,Condesa,197
2024-10-15,Paula Gutiérrez,Paquete,Reformer,Reformer,12,No,Roma,4293
2024-10-15,Fernando Torres,Paquete,Mat Pilates,Ninguno,12,No,Roma,4428
2024-10-16,Sofía Rodríguez,Paquete,Cadillac,Cadillac,24,No,Polanco,7905
2024-10-16,Lucía Morales,Paquete,Mat Pilates,Ninguno,8,No,Condesa,3280
2024-10-16,Natalia Pérez,Paquete,Chair,Chair,24,No,Condesa,8002
2024-10-16,Luis López,Paquete,Reformer,Reformer,8,No,Roma,3137
2024-10-16,Daniela Hernández,Fitpass,Reformer,Reformer,0,Sí,Roma,196
2024-10-16,Miguel López,Clase Individual,Cadillac,Cadillac,0,No,Condesa,399
2024-10-16,Miguel Pérez,Fitpass,Chair,Chair,0,Sí,Polanco,206
2024-10-16,Mateo Cruz,Paquete,Chair,Chair,8,No,Polanco,2961
2024-10-16,Claudia Díaz,Fitpass,Reformer,Reformer,0,Sí,Roma,194
2024-10-16,Laura Ramírez,Paquete,Reformer,Reformer,8,No,Roma,3110
2024-10-17,Mateo Vázquez,Paquete,Reformer,Reformer,12,No,Polanco,4654
2024-10-17,Camila González,Paquete,Mat Pilates,Ninguno,12,No,Polanco,4639
2024-10-17,Laura Ramírez,Fitpass,Chair,Chair,0,Sí,Polanco,209
2024-10-17,Mariana Ramírez,Fitpass,Chair,Chair,0,Sí,Polanco,197
2024-10-17,Mariana Martínez,Paquete,Reformer,Reformer,8,No,Roma,3126
2024-10-17,Lucía Torres,Fitpass,Cadillac,Cadillac,0,Sí,Roma,236
2024-10-17,Ximena Torres,Fitpass,Mat Pilates,Ninguno,0,Sí,Roma,201
2024-10-17,Camila Flores,Paquete,Chair,Chair,8,No,Roma,2974
2024-10-17,Ana López,Fitpass,Cadillac,Cadillac,0,Sí,Condesa,232
2024-10-17,Daniela Cruz,Fitpass,Cadillac,Cadillac,0,Sí,Condesa,185
2024-10-17,Camila Gómez,Paquete,Cadillac,Cadillac,12,No,Roma,4110
2024-10-17,Paula López,Fitpass,Chair,Chair,0,Sí,Roma,182
2024-10-18,Carolina Cruz,Clase Individual,Reformer,Reformer,0,No,Condesa,426
2024-10-18,Carlos Mendoza,Clase Individual,Reformer,Reformer,0,No,Polanco,499
2024-10-18,Lucía López,Paquete,Chair,Chair,12,No,Condesa,4415
2024-10-18,Andrea Sánchez,Paquete,Reformer,Reformer,8,No,Polanco,3146
2024-10-18,Javier Vázquez,Paquete,Reformer,Reformer,8,No,Roma,2916
2024-10-18,Fernanda Vázquez,Fitpass,Mat Pilates,Ninguno,0,Sí,Roma,184
2024-10-19,Paula Gutiérrez,Fitpass,Reformer,Reformer,0,Sí,Roma,229
2024-10-19,Miguel Flores,Clase Individual,Reformer,Reformer,0,No,Condesa,410
2024-10-19,Fernando Hernández,Paquete,Reformer,Reformer,8,No,Polanco,3075
2024-10-19,Javier González,Clase Individual,Reformer,Reformer,0,No,Condesa,458
2024-10-19,Victoria Jiménez,Fitpass,Chair,Chair,0,Sí,Roma,228
2024-10-19,Valeria Cruz,Paquete,Reformer,Reformer,8,No,Roma,3230
2024-10-19,Regina Rodríguez,Paquete,Mat Pilates,Ninguno,8,No,Condesa,3240
2024-10-19,Gabriela González,Fitpass,Chair,Chair,0,Sí,Condesa,191
2024-10-19,Carolina Hernández,Clase Individual,Reformer,Reformer,0,No,Roma,426
2024-10-20,Lucía Vázquez,Paquete,Chair,Chair,12,No,Roma,4482
2024-10-20,Carolina Jiménez,Clase Individual,Cadillac,Cadillac,0,No,Polanco,399
2024-10-20,Mateo Reyes,Clase Individual,Reformer,Reformer,0,No,Polanco,394
2024-10-20,Miguel González,Clase Individual,Chair,Chair,0,No,Polanco,391
2024-10-20,Luis Rodríguez,Paquete,Reformer,Reformer,12,No,Condesa,4195
2024-10-20,Fernanda Hernández,Fitpass,Reformer,Reformer,0,Sí,Roma,222
2024-10-20,Lucía García,Clase Individual,Cadillac,Cadillac,0,No,Roma,413
2024-10-20,Ana Gutiérrez,Clase Individual,Reformer,Reformer,0,No,Roma,452
2024-10-20,Alejandro López,Clase Individual,Cadillac,Cadillac,0,No,Roma,454
2024-10-20,Mariana Martínez,Paquete,Cadillac,Cadillac,8,No,Polanco,3131
2024-10-20,Carolina Sánchez,Paquete,Reformer,Reformer,8,No,Condesa,3072
2024-10-20,Carlos López,Paquete,Reformer,Reformer,8,No,Condesa,3210
2024-10-20,Diego García,Clase Individual,Mat Pilates,Ninguno,0,No,Condesa,456
2024-10-20,Valeria Flores,Clase Individual,Reformer,Reformer,0,No,Polanco,473
2024-10-20,Renata Jiménez,Fitpass,Reformer,Reformer,0,Sí,Condesa,227
2024-10-20,Regina López,Clase Individual,Chair,Chair,0,No,Condesa,449
2024-10-20,María Gómez,Paquete,Mat Pilates,Ninguno,24,No,Polanco,8463
2024-10-20,Daniela Mendoza,Paquete,Reformer,Reformer,8,No,Roma,3098
2024-10-21,Carlos Díaz,Clase Individual,Chair,Chair,0,No,Polanco,423
2024-10-22,Alejandro Martínez,Fitpass,Reformer,Reformer,0,Sí,Condesa,190
2024-10-22,María Cruz,Clase Individual,Cadillac,Cadillac,0,No,Roma,465
2024-10-22,Santiago Mendoza,Paquete,Mat Pilates,Ninguno,24,No,Condesa,8181
2024-10-22,Claudia Jiménez,Clase Individual,Cadillac,Cadillac,0,No,Polanco,483
2024-10-22,Rodrigo González,Clase Individual,Cadillac,Cadillac,0,No,Polanco,397
2024-10-22,Lucía Sánchez,Clase Individual,Mat Pilates,Ninguno,0,No,Polanco,405
2024-10-22,Lucía Vázquez,Fitpass,Reformer,Reformer,0,Sí,Polanco,233
2024-10-22,Natalia Díaz,Fitpass,Chair,Chair,0,Sí,Polanco,238
2024-10-22,Gabriela Flores,Paquete,Reformer,Reformer,24,No,Roma,8824
2024-10-23,Renata López,Paquete,Cadillac,Cadillac,12,No,Condesa,4675
2024-10-23,Javier Ramírez,Clase Individual,Chair,Chair,0,No,Roma,423
2024-10-23,Andrea López,Clase Individual,Reformer,Reformer,0,No,Roma,383
2024-10-23,Fernanda Gutiérrez,Paquete,Reformer,Reformer,12,No,Condesa,4615
2024-10-23,Victoria Mendoza,Paquete,Reformer,Reformer,24,No,Condesa,8405
2024-10-23,Natalia Martínez,Clase Individual,Chair,Chair,0,No,Condesa,488
2024-10-23,Carolina González,Clase Individual,Reformer,Reformer,0,No,Polanco,514
2024-10-23,María Reyes,Paquete,Reformer,Reformer,12,No,Condesa,4629
2024-10-23,Ximena Hernández,Fitpass,Reformer,Reformer,0,Sí,Roma,205
2024-10-23,Regina Martínez,Paquete,Reformer,Reformer,8,No,Roma,3202
2024-10-23,Lucía Martínez,Fitpass,Reformer,Reformer,0,Sí,Roma,192
2024-10-23,Lucía Vázquez,Paquete,Reformer,Reformer,8,No,Condesa,2972
2024-10-23,Diego Díaz,Paquete,Chair,Chair,12,No,Roma,4151
2024-10-23,Alejandro Jiménez,Fitpass,Reformer,Reformer,0,Sí,Condesa,238
2024-10-23,Claudia Pérez,Fitpass,Cadillac,Cadillac,0,Sí,Polanco,190
2024-10-23,Lucía Vázquez,Paquete,Chair,Chair,12,No,Polanco,4651
2024-10-24,Sofía Gutiérrez,Fitpass,Chair,Chair,0,Sí,Roma,209
2024-10-24,Ximena Gómez,Paquete,Chair,Chair,24,No,Roma,8232
2024-10-24,Gabriela González,Clase Individual,Chair,Chair,0,No,Roma,436
2024-10-24,Gabriela Mendoza,Clase Individual,Reformer,Reformer,0,No,Roma,488
2024-10-24,Ximena Ramírez,Fitpass,Reformer,Reformer,0,Sí,Condesa,209
2024-10-24,Valeria Gutiérrez,Paquete,Mat Pilates,Ninguno,12,No,Roma,4161
2024-10-24,Fernando González,Paquete,Mat Pilates,Ninguno,12,No,Polanco,4176
2024-10-24,Fernanda López,Fitpass,Cadillac,Cadillac,0,Sí,Roma,220
2024-10-25,Camila Pérez,Paquete,Reformer,Reformer,12,No,Condesa,4182
2024-10-25,Rodrigo Cruz,Fitpass,Reformer,Reformer,0,Sí,Roma,186
2024-10-25,Mariana Pérez,Paquete,Mat Pilates,Ninguno,8,No,Polanco,3106
2024-10-25,Gabriela Gómez,Paquete,Reformer,Reformer,8,No,Condesa,3089
2024-10-25,Rodrigo Torres,Paquete,Reformer,Reformer,8,No,Roma,2912
2024-10-25,Renata Mendoza,Paquete,Reformer,Reformer,12,No,Condesa,4365
2024-10-25,Valeria González,Paquete,Reformer,Reformer,8,No,Condesa,3246
2024-10-25,Santiago Jiménez,Fitpass,Cadillac,Cadillac,0,Sí,Roma,184
2024-10-25,Regina González,Fitpass,Chair,Chair,0,Sí,Roma,219
2024-10-25,Gabriela Vázquez,Fitpass,Reformer,Reformer,0,Sí,Condesa,182
2024-10-25,Rodrigo Cruz,Paquete,Chair,Chair,8,No,Roma,2930
2024-10-25,Regina Rodríguez,Fitpass,Mat Pilates,Ninguno,0,Sí,Polanco,194
2024-10-25,Gabriela Díaz,Paquete,Reformer,Reformer,12,No,Polanco,4122
2024-10-25,Ximena López,Clase Individual,Reformer,Reformer,0,No,Polanco,394
2024-10-25,Mateo Pérez,Fitpass,Chair,Chair,0,Sí,Condesa,236
2024-10-25,Mateo Cruz,Paquete,Reformer,Reformer,12,No,Condesa,4658
2024-10-25,Regina Vázquez,Fitpass,Reformer,Reformer,0,Sí,Condesa,209
2024-10-25,Santiago Reyes,Fitpass,Reformer,Reformer,0,Sí,Polanco,232
2024-10-25,Renata Morales,Paquete,Cadillac,Cadillac,8,No,Roma,3025
2024-10-25,Santiago Martínez,Fitpass,Reformer,Reformer,0,Sí,Condesa,185
2024-10-26,Gabriela García,Fitpass,Reformer,Reformer,0,Sí,Condesa,215
2024-10-26,Camila Cruz,Fitpass,Chair,Chair,0,Sí,Condesa,204
2024-10-26,Gabriela García,Paquete,Mat Pilates,Ninguno,12,No,Condesa,4225
2024-10-26,Laura González,Fitpass,Reformer,Reformer,0,Sí,Roma,235
2024-10-26,Rodrigo Pérez,Paquete,Reformer,Reformer,12,No,Condesa,4177
2024-10-26,Valeria González,Fitpass,Chair,Chair,0,Sí,Roma,197
2024-10-26,Paula Gutiérrez,Clase Individual,Cadillac,Cadillac,0,No,Condesa,510
2024-10-26,Victoria Gómez,Clase Individual,Reformer,Reformer,0,No,Condesa,475
2024-10-26,Fernando Gutiérrez,Paquete,Mat Pilates,Ninguno,8,No,Polanco,3069
2024-10-27,Sofía Flores,Paquete,Reformer,Reformer,12,No,Condesa,4511
2024-10-27,Regina Reyes,Fitpass,Chair,Chair,0,Sí,Roma,194
2024-10-27,Ana Flores,Paquete,Reformer,Reformer,24,No,Polanco,8743
2024-10-27,Luis Cruz,Paquete,Mat Pilates,Ninguno,12,No,Condesa,4601
2024-10-27,Santiago Morales,Fitpass,Reformer,Reformer,0,Sí,Roma,188
2024-10-27,Sofía Pérez,Clase Individual,Reformer,Reformer,0,No,Roma,433
2024-10-27,Daniela Pérez,Clase Individual,Cadillac,Cadillac,0,No,Roma,472
2024-10-27,Valeria Vázquez,Paquete,Mat Pilates,Ninguno,12,No,Polanco,4119
2024-10-27,Luis Cruz,Clase Individual,Chair,Chair,0,No,Condesa,436
2024-10-27,Lucía Gómez,Clase Individual,Reformer,Reformer,0,No,Polanco,430
2024-10-27,Lucía Díaz,Paquete,Chair,Chair,24,No,Condesa,8191
2024-10-27,Renata Morales,Paquete,Cadillac,Cadillac,12,No,Condesa,4171
2024-10-27,Laura Ramírez,Fitpass,Cadillac,Cadillac,0,Sí,Condesa,219
2024-10-28,Camila Flores,Paquete,Chair,Chair,8,No,Condesa,3073
2024-10-28,Mariana Flores,Paquete,Reformer,Reformer,12,No,Polanco,4182
2024-10-28,Javier Vázquez,Paquete,Reformer,Reformer,8,No,Polanco,3047
2024-10-28,Fernando Díaz,Fitpass,Chair,Chair,0,Sí,Polanco,217
2024-10-28,Claudia Sánchez,Fitpass,Reformer,Reformer,0,Sí,Roma,189
2024-10-28,Renata González,Paquete,Cadillac,Cadillac,12,No,Condesa,4310
2024-10-28,Andrea Torres,Clase Individual,Reformer,Reformer,0,No,Condesa,485
2024-10-28,Sofía López,Clase Individual,Cadillac,Cadillac,0,No,Condesa,498
2024-10-28,Gabriela Mendoza,Paquete,Chair,Chair,12,No,Polanco,4553
2024-10-28,Diego López,Paquete,Mat Pilates,Ninguno,24,No,Condesa,8351
2024-10-28,Ana López,Fitpass,Cadillac,Cadillac,0,Sí,Polanco,232
2024-10-29,Ana Ramírez,Fitpass,Reformer,Reformer,0,Sí,Polanco,182
2024-10-29,Laura Jiménez,Paquete,Reformer,Reformer,8,No,Condesa,2916
2024-10-29,Mariana Torres,Paquete,Reformer,Reformer,8,No,Roma,3217
2024-10-29,Paula Ramírez,Clase Individual,Chair,Chair,0,No,Roma,479
2024-10-29,Luis Pérez,Clase Individual,Mat Pilates,Ninguno,0,No,Condesa,434
2024-10-29,Diego Gómez,Paquete,Reformer,Reformer,8,No,Condesa,3068
2024-10-29,Mariana Rodríguez,Fitpass,Reformer,Reformer,0,Sí,Roma,210
2024-10-29,Laura Díaz,Paquete,Reformer,Reformer,12,No,Polanco,4406
2024-10-29,Mariana Morales,Clase Individual,Reformer,Reformer,0,No,Polanco,429
2024-10-29,Ana Morales,Paquete,Cadillac,Cadillac,12,No,Condesa,4671
2024-10-30,Mateo Reyes,Paquete,Cadillac,Cadillac,8,No,Roma,3019
2024-10-30,Sofía Pérez,Paquete,Cadillac,Cadillac,12,No,Polanco,4183
2024-10-30,Ana Vázquez,Fitpass,Chair,Chair,0,Sí,Polanco,203
2024-10-30,Mateo Rodríguez,Paquete,Mat Pilates,Ninguno,8,No,Polanco,3226
2024-10-30,Carlos Reyes,Fitpass,Cadillac,Cadillac,0,Sí,Condesa,215
2024-10-30,Regina Vázquez,Fitpass,Reformer,Reformer,0,Sí,Condesa,194
2024-10-30,Carolina Martínez,Paquete,Cadillac,Cadillac,8,No,Condesa,3202
2024-10-30,Valeria González,Paquete,Reformer,Reformer,8,No,Condesa,2967
2024-10-31,Gabriela Ramírez,Clase Individual,Chair,Chair,0,No,Polanco,425
2024-10-31,Carolina Morales,Fitpass,Reformer,Reformer,0,Sí,Condesa,206
2024-10-31,Fernando Reyes,Paquete,Reformer,Reformer,12,No,Roma,4332
2024-10-31,Rodrigo Sánchez,Paquete,Reformer,Reformer,12,No,Polanco,4132
2024-10-31,Valeria Morales,Paquete,Reformer,Reformer,12,No,Roma,4281
2024-10-31,Natalia Pérez,Fitpass,Reformer,Reformer,0,Sí,Roma,220
2024-11-01,Diego Gómez,Paquete,Chair,Chair,8,No,Roma,3109
2024-11-01,Daniela Ramírez,Fitpass,Reformer,Reformer,0,Sí,Roma,233
2024-11-01,Gabriela González,Fitpass,Reformer,Reformer,0,Sí,Roma,239
2024-11-01,Daniela Torres,Fitpass,Reformer,Reformer,0,Sí,Condesa,214
2024-11-01,Javier Gutiérrez,Fitpass,Cadillac,Cadillac,0,Sí,Condesa,190
2024-11-01,Miguel Flores,Paquete,Reformer,Reformer,8,No,Roma,2937
2024-11-01,Regina Mendoza,Fitpass,Reformer,Reformer,0,Sí,Roma,181
2024-11-01,Diego Gómez,Clase Individual,Reformer,Reformer,0,No,Polanco,494
2024-11-01,Regina Pérez,Clase Individual,Reformer,Reformer,0,No,Roma,514
2024-11-01,Regina Mendoza,Paquete,Reformer,Reformer,12,No,Roma,4306
2024-11-01,Valeria Gutiérrez,Paquete,Chair,Chair,8,No,Roma,3042
2024-11-01,Sofía Cruz,Clase Individual,Cadillac,Cadillac,0,No,Condesa,445
2024-11-01,Mateo Rodríguez,Paquete,Reformer,Reformer,24,No,Condesa,8429
2024-11-01,Mariana Jiménez,Fitpass,Reformer,Reformer,0,Sí,Polanco,184
2024-11-01,Natalia Sánchez,Paquete,Reformer,Reformer,8,No,Polanco,3028
2024-11-02,Diego Reyes,Fitpass,Mat Pilates,Ninguno,0,Sí,Polanco,228
2024-11-02,Paula Reyes,Fitpass,Chair,Chair,0,Sí,Roma,192
2024-11-02,Daniela Gutiérrez,Paquete,Reformer,Reformer,8,No,Condesa,3121
2024-11-02,Mariana Pérez,Fitpass,Reformer,Reformer,0,Sí,Polanco,205
2024-11-02,Andrea Díaz,Paquete,Chair,Chair,12,No,Condesa,4149
2024-11-02,Diego Pérez,Paquete,Cadillac,Cadillac,8,No,Roma,3139
2024-11-02,Luis Cruz,Fitpass,Cadillac,Cadillac,0,Sí,Condesa,228
2024-11-02,Ana González,Paquete,Reformer,Reformer,24,No,Condesa,8554
2024-11-02,Miguel Ramírez,Paquete,Reformer,Reformer,8,No,Roma,3173
2024-11-02,Mariana Flores,Fitpass,Chair,Chair,0,Sí,Roma,215
2024-11-02,Daniela Pérez,Fitpass,Reformer,Reformer,0,Sí,Polanco,216
2024-11-02,Luis González,Paquete,Cadillac,Cadillac,8,No,Roma,3122
2024-11-02,Valeria Mendoza,Paquete,Mat Pilates,Ninguno,24,No,Polanco,8187
2024-11-02,María Díaz,Paquete,Mat Pilates,Ninguno,8,No,Condesa,2933
2024-11-02,Natalia García,Paquete,Chair,Chair,12,No,Roma,4431
2024-11-02,Andrea Reyes,Paquete,Cadillac,Cadillac,8,No,Condesa,2968
2024-11-02,Rodrigo Gómez,Fitpass,Reformer,Reformer,0,Sí,Roma,238
2024-11-03,Lucía Morales,Paquete,Chair,Chair,8,No,Condesa,2974
2024-11-03,Santiago Martínez,Fitpass,Reformer,Reformer,0,Sí,Polanco,223
2024-11-03,Paula Cruz,Fitpass,Reformer,Reformer,0,Sí,Roma,192
2024-11-03,Santiago Gómez,Paquete,Reformer,Reformer,24,No,Condesa,8884
2024-11-03,Ximena García,Paquete,Reformer,Reformer,24,No,Condesa,8006
2024-11-03,Javier González,Paquete,Reformer,Reformer,12,No,Condesa,4173
2024-11-03,Mariana Rodríguez,Fitpass,Reformer,Reformer,0,Sí,Roma,204
2024-11-03,Santiago Reyes,Paquete,Reformer,Reformer,8,No,Condesa,3134
2024-11-03,Miguel Rodríguez,Clase Individual,Chair,Chair,0,No,Roma,455
2024-11-03,Diego Martínez,Fitpass,Reformer,Reformer,0,Sí,Roma,180
2024-11-03,Daniela Martínez,Paquete,Cadillac,Cadillac,8,No,Polanco,3013
2024-11-04,Victoria Mendoza,Paquete,Reformer,Reformer,12,No,Roma,4699
2024-11-04,Claudia Vázquez,Fitpass,Cadillac,Cadillac,0,Sí,Polanco,212
2024-11-04,Fernando Morales,Clase Individual,Chair,Chair,0,No,Roma,445
2024-11-04,Rodrigo López,Paquete,Reformer,Reformer,12,No,Condesa,4683
2024-11-04,Carlos Ramírez,Paquete,Reformer,Reformer,8,No,Polanco,2916
2024-11-04,Andrea Gutiérrez,Paquete,Reformer,Reformer,24,No,Condesa,8158
2024-11-04,Mariana Martínez,Fitpass,Reformer,Reformer,0,Sí,Polanco,231
2024-11-04,Carlos Vázquez,Fitpass,Mat Pilates,Ninguno,0,Sí,Polanco,201
2024-11-04,María Reyes,Clase Individual,Cadillac,Cadillac,0,No,Polanco,480
2024-11-05,Santiago Morales,Fitpass,Reformer,Reformer,0,Sí,Polanco,219
2024-11-05,Lucía Vázquez,Clase Individual,Chair,Chair,0,No,Condesa,445
2024-11-05,Javier Jiménez,Fitpass,Reformer,Reformer,0,Sí,Condesa,194
2024-11-05,Mariana Morales,Clase Individual,Reformer,Reformer,0,No,Roma,501
2024-11-05,Daniela Martínez,Fitpass,Chair,Chair,0,Sí,Condesa,187
2024-11-05,Valeria Gómez,Clase Individual,Cadillac,Cadillac,0,No,Polanco,515
2024-11-05,Rodrigo Ramírez,Paquete,Cadillac,Cadillac,8,No,Roma,3012
2024-11-05,Fernando Martínez,Paquete,Chair,Chair,12,No,Condesa,4168
2024-11-05,Alejandro Díaz,Fitpass,Cadillac,Cadillac,0,Sí,Roma,217
2024-11-05,Sofía González,Fitpass,Reformer,Reformer,0,Sí,Roma,226
2024-11-05,Fernando Martínez,Clase Individual,Reformer,Reformer,0,No,Roma,410
2024-11-05,Regina Reyes,Paquete,Reformer,Reformer,12,No,Polanco,4643
2024-11-05,Laura Flores,Paquete,Reformer,Reformer,24,No,Polanco,8718
2024-11-05,Fernando Hernández,Fitpass,Reformer,Reformer,0,Sí,Roma,221
2024-11-05,María García,Clase Individual,Chair,Chair,0,No,Roma,381
2024-11-06,María Hernández,Paquete,Chair,Chair,8,No,Condesa,3274
2024-11-06,Sofía Gómez,Clase Individual,Chair,Chair,0,No,Condesa,437
2024-11-06,Fernando Mendoza,Fitpass,Chair,Chair,0,Sí,Roma,227
2024-11-06,Laura González,Paquete,Mat Pilates,Ninguno,12,No,Polanco,4325
2024-11-06,Victoria Jiménez,Fitpass,Cadillac,Cadillac,0,Sí,Polanco,197
2024-11-06,Rodrigo Reyes,Fitpass,Chair,Chair,0,Sí,Roma,199
2024-11-06,Carlos Gómez,Clase Individual,Reformer,Reformer,0,No,Condesa,501
2024-11-06,Valeria Sánchez,Fitpass,Reformer,Reformer,0,Sí,Roma,232
2024-11-06,Santiago Rodríguez,Fitpass,Mat Pilates,Ninguno,0,Sí,Roma,205
2024-11-06,Laura Gutiérrez,Paquete,Reformer,Reformer,8,No,Condesa,3051
2024-11-06,Lucía González,Paquete,Cadillac,Cadillac,12,No,Roma,4663
2024-11-06,Claudia Martínez,Paquete,Reformer,Reformer,12,No,Condesa,4231
2024-11-06,Sofía Gutiérrez,Fitpass,Reformer,Reformer,0,Sí,Polanco,191
2024-11-07,Diego Martínez,Fitpass,Cadillac,Cadillac,0,Sí,Condesa,226
2024-11-07,María Reyes,Fitpass,Reformer,Reformer,0,Sí,Polanco,214
2024-11-07,Regina Mendoza,Paquete,Reformer,Reformer,24,No,Polanco,8693
2024-11-07,Mariana Gómez,Paquete,Reformer,Reformer,8,No,Polanco,2979
2024-11-07,Javier García,Fitpass,Mat Pilates,Ninguno,0,Sí,Roma,197
2024-11-07,Ana González,Fitpass,Reformer,Reformer,0,Sí,Condesa,202
2024-11-07,Rodrigo López,Paquete,Reformer,Reformer,8,No,Polanco,2932
2024-11-07,Rodrigo Ramírez,Clase Individual,Mat Pilates,Ninguno,0,No,Roma,456
2024-11-07,Ana Flores,Paquete,Reformer,Reformer,8,No,Roma,3199
2024-11-07,Fernando Mendoza,Fitpass,Chair,Chair,0,Sí,Polanco,219
2024-11-07,Camila González,Paquete,Chair,Chair,12,No,Polanco,4315
2024-11-07,Valeria Reyes,Fitpass,Reformer,Reformer,0,Sí,Roma,214
2024-11-07,Camila Reyes,Fitpass,Chair,Chair,0,Sí,Roma,229
2024-11-07,María Hernández,Paquete,Chair,Chair,8,No,Roma,3287
2024-11-07,Luis Vázquez,Fitpass,Chair,Chair,0,Sí,Roma,182
2024-11-08,Mateo Rodríguez,Fitpass,Reformer,Reformer,0,Sí,Polanco,215
2024-11-08,Natalia Pérez,Paquete,Reformer,Reformer,8,No,Roma,3195
2024-11-08,Paula Ramírez,Fitpass,Reformer,Reformer,0,Sí,Polanco,181
2024-11-08,Alejandro Díaz,Paquete,Reformer,Reformer,12,No,Roma,4585
2024-11-08,Fernanda Díaz,Fitpass,Reformer,Reformer,0,Sí,Roma,201
2024-11-08,Carolina Morales,Clase Individual,Reformer,Reformer,0,No,Condesa,405
2024-11-08,Fernanda Gutiérrez,Clase Individual,Reformer,Reformer,0,No,Condesa,384
2024-11-09,Andrea Vázquez,Fitpass,Reformer,Reformer,0,Sí,Roma,188
2024-11-09,Natalia Mendoza,Clase Individual,Chair,Chair,0,No,Condesa,463
2024-11-09,Victoria Sánchez,Paquete,Chair,Chair,8,No,Roma,3159
2024-11-09,Diego Jiménez,Paquete,Reformer,Reformer,8,No,Polanco,2937
2024-11-09,Diego Ramírez,Paquete,Reformer,Reformer,8,No,Condesa,3280
2024-11-09,Santiago López,Paquete,Reformer,Reformer,8,No,Condesa,3230
2024-11-09,Ximena Gutiérrez,Fitpass,Mat Pilates,Ninguno,0,Sí,Roma,189
2024-11-09,Javier Jiménez,Paquete,Reformer,Reformer,8,No,Condesa,3035
2024-11-09,Regina González,Clase Individual,Reformer,Reformer,0,No,Condesa,519
2024-11-09,Paula Cruz,Fitpass,Mat Pilates,Ninguno,0,Sí,Condesa,231
2024-11-09,Sofía Cruz,Clase Individual,Reformer,Reformer,0,No,Condesa,442
2024-11-09,Sofía Reyes,Paquete,Reformer,Reformer,24,No,Condesa,7966
2024-11-09,Diego Ramírez,Paquete,Reformer,Reformer,12,No,Roma,4571
2024-11-09,Sofía Gómez,Paquete,Reformer,Reformer,12,No,Polanco,4145
2024-11-10,Alejandro Rodríguez,Paquete,Reformer,Reformer,12,No,Condesa,4637
2024-11-10,María Flores,Clase Individual,Reformer,Reformer,0,No,Condesa,398
2024-11-10,Fernanda Torres,Fitpass,Reformer,Reformer,0,Sí,Condesa,194
2024-11-10,Paula Gutiérrez,Paquete,Reformer,Reformer,12,No,Polanco,4265
2024-11-10,Carlos Reyes,Paquete,Chair,Chair,8,No,Condesa,3241
2024-11-10,Alejandro López,Paquete,Reformer,Reformer,8,No,Condesa,3157
2024-11-10,Renata López,Paquete,Reformer,Reformer,24,No,Condesa,8588
2024-11-10,Claudia Sánchez,Paquete,Mat Pilates,Ninguno,24,No,Condesa,8193
2024-11-10,Fernando Morales,Clase Individual,Reformer,Reformer,0,No,Roma,404
2024-11-10,María Rodríguez,Paquete,Chair,Chair,12,No,Roma,4114
2024-11-10,Valeria González,Paquete,Reformer,Reformer,8,No,Polanco,3091
2024-11-11,Fernanda Díaz,Fitpass,Reformer,Reformer,0,Sí,Condesa,192
2024-11-11,Rodrigo Gómez,Paquete,Reformer,Reformer,8,No,Polanco,3102
2024-11-11,Ximena Gómez,Paquete,Mat Pilates,Ninguno,12,No,Roma,4616
2024-11-11,María Gómez,Fitpass,Reformer,Reformer,0,Sí,Polanco,197
2024-11-11,Fernando Morales,Paquete,Cadillac,Cadillac,24,No,Roma,8012
2024-11-11,Victoria Pérez,Fitpass,Reformer,Reformer,0,Sí,Roma,239
2024-11-11,Carolina Mendoza,Paquete,Mat Pilates,Ninguno,8,No,Roma,3253
2024-11-11,Rodrigo Gutiérrez,Clase Individual,Reformer,Reformer,0,No,Condesa,494
2024-11-11,Laura Mendoza,Fitpass,Reformer,Reformer,0,Sí,Roma,201
2024-11-11,Miguel Gutiérrez,Fitpass,Chair,Chair,0,Sí,Roma,231
2024-11-11,Valeria Sánchez,Fitpass,Cadillac,Cadillac,0,Sí,Condesa,180
2024-11-11,Lucía Morales,Paquete,Cadillac,Cadillac,8,No,Roma,3281
2024-11-11,Renata Gómez,Paquete,Cadillac,Cadillac,12,No,Roma,4105
2024-11-11,Javier Díaz,Paquete,Reformer,Reformer,12,No,Roma,4560
2024-11-11,María Morales,Fitpass,Reformer,Reformer,0,Sí,Roma,233
2024-11-11,Renata Vázquez,Fitpass,Cadillac,Cadillac,0,Sí,Condesa,180
2024-11-11,Fernando Gómez,Paquete,Cadillac,Cadillac,12,No,Roma,4635
2024-11-11,Claudia García,Fitpass,Cadillac,Cadillac,0,Sí,Roma,216
2024-11-11,Carolina Sánchez,Paquete,Chair,Chair,8,No,Roma,3196
2024-11-11,Carlos Sánchez,Paquete,Cadillac,Cadillac,8,No,Roma,3232
2024-11-12,Gabriela López,Fitpass,Reformer,Reformer,0,Sí,Condesa,218
2024-11-12,Fernando Torres,Paquete,Cadillac,Cadillac,8,No,Roma,3129
2024-11-12,Daniela Flores,Paquete,Chair,Chair,12,No,Polanco,4642
2024-11-12,Renata Ramírez,Paquete,Chair,Chair,8,No,Polanco,3152
2024-11-12,Fernanda Gómez,Fitpass,Mat Pilates,Ninguno,0,Sí,Roma,184
2024-11-12,Lucía Jiménez,Paquete,Chair,Chair,12,No,Polanco,4169
2024-11-12,Natalia López,Clase Individual,Reformer,Reformer,0,No,Condesa,448
2024-11-12,Diego Díaz,Paquete,Reformer,Reformer,24,No,Polanco,8488
2024-11-12,Claudia Morales,Fitpass,Reformer,Reformer,0,Sí,Condesa,232
2024-11-12,Andrea Cruz,Clase Individual,Cadillac,Cadillac,0,No,Roma,515
2024-11-12,Natalia López,Paquete,Reformer,Reformer,24,No,Roma,8019
2024-11-12,Sofía Jiménez,Fitpass,Reformer,Reformer,0,Sí,Condesa,240
2024-11-12,Gabriela Mendoza,Fitpass,Chair,Chair,0,Sí,Roma,227
2024-11-12,Daniela Vázquez,Fitpass,Cadillac,Cadillac,0,Sí,Condesa,186
2024-11-12,Andrea Gómez,Fitpass,Chair,Chair,0,Sí,Polanco,185
2024-11-13,María García,Paquete,Chair,Chair,12,No,Condesa,4641
2024-11-13,Paula Sánchez,Paquete,Chair,Chair,12,No,Condesa,4318
2024-11-13,Claudia Mendoza,Paquete,Reformer,Reformer,8,No,Polanco,3263
2024-11-13,Javier Ramírez,Clase Individual,Reformer,Reformer,0,No,Condesa,439
2024-11-13,Regina Morales,Paquete,Mat Pilates,Ninguno,12,No,Polanco,4128
2024-11-13,Mateo González,Clase Individual,Reformer,Reformer,0,No,Roma,410
2024-11-13,Rodrigo Gómez,Fitpass,Reformer,Reformer,0,Sí,Condesa,180
2024-11-13,Camila Ramírez,Paquete,Reformer,Reformer,12,No,Condesa,4483
2024-11-13,Diego Cruz,Paquete,Reformer,Reformer,24,No,Roma,8760
2024-11-13,Claudia Hernández,Clase Individual,Chair,Chair,0,No,Condesa,487
2024-11-13,Natalia Morales,Fitpass,Reformer,Reformer,0,Sí,Polanco,232
2024-11-13,Gabriela Martínez,Fitpass,Reformer,Reformer,0,Sí,Polanco,228
2024-11-13,Daniela Jiménez,Paquete,Cadillac,Cadillac,24,No,Condesa,8568
2024-11-13,Victoria Mendoza,Paquete,Chair,Chair,8,No,Roma,3205
2024-11-14,Fernando García,Clase Individual,Reformer,Reformer,0,No,Polanco,456
2024-11-14,Claudia Hernández,Paquete,Cadillac,Cadillac,8,No,Condesa,2992
2024-11-14,Andrea Martínez,Paquete,Chair,Chair,8,No,Polanco,3098
2024-11-14,Mariana Martínez,Fitpass,Chair,Chair,0,Sí,Roma,194
2024-11-14,Alejandro Mendoza,Paquete,Cadillac,Cadillac,8,No,Polanco,3217
2024-11-14,Fernanda Cruz,Fitpass,Reformer,Reformer,0,Sí,Roma,200
2024-11-14,Miguel Reyes,Fitpass,Chair,Chair,0,Sí,Roma,192
2024-11-14,Gabriela Flores,Paquete,Cadillac,Cadillac,12,No,Polanco,4267
2024-11-14,Paula Reyes,Paquete,Mat Pilates,Ninguno,8,No,Condesa,3061
2024-11-14,Rodrigo Pérez,Fitpass,Chair,Chair,0,Sí,Polanco,208
2024-11-14,Gabriela López,Paquete,Reformer,Reformer,8,No,Polanco,3218
2024-11-14,Valeria Vázquez,Paquete,Reformer,Reformer,24,No,Roma,8032
2024-11-14,Santiago Sánchez,Paquete,Reformer,Reformer,8,No,Polanco,3268
2024-11-14,Daniela Mendoza,Fitpass,Reformer,Reformer,0,Sí,Roma,188
2024-11-14,Victoria Pérez,Clase Individual,Cadillac,Cadillac,0,No,Polanco,424
2024-11-14,Andrea Cruz,Clase Individual,Reformer,Reformer,0,No,Condesa,498
2024-11-14,Fernando Sánchez,Clase Individual,Chair,Chair,0,No,Condesa,437
2024-11-15,Rodrigo Sánchez,Paquete,Reformer,Reformer,8,No,Roma,3049
2024-11-15,Laura Reyes,Paquete,Reformer,Reformer,12,No,Condesa,4279
2024-11-15,Fernando Ramírez,Fitpass,Cadillac,Cadillac,0,Sí,Condesa,231
2024-11-15,Regina Martínez,Fitpass,Chair,Chair,0,Sí,Polanco,198
2024-11-15,Sofía Jiménez,Clase Individual,Mat Pilates,Ninguno,0,No,Condesa,491
2024-11-15,Sofía Gómez,Fitpass,Mat Pilates,Ninguno,0,Sí,Roma,222
2024-11-15,Rodrigo Sánchez,Clase Individual,Chair,Chair,0,No,Condesa,380
2024-11-15,Laura García,Paquete,Cadillac,Cadillac,12,No,Roma,4192
2024-11-15,Carlos Reyes,Fitpass,Cadillac,Cadillac,0,Sí,Condesa,213
2024-11-15,Fernando Gómez,Fitpass,Reformer,Reformer,0,Sí,Polanco,203
2024-11-15,Mateo Vázquez,Paquete,Cadillac,Cadillac,8,No,Roma,3096
2024-11-15,Gabriela López,Paquete,Mat Pilates,Ninguno,12,No,Condesa,4281
2024-11-15,Miguel Pérez,Clase Individual,Chair,Chair,0,No,Roma,479
2024-11-16,Camila Hernández,Clase Individual,Chair,Chair,0,No,Condesa,516
2024-11-16,Fernando Morales,Paquete,Chair,Chair,8,No,Condesa,3233
2024-11-16,Sofía García,Paquete,Mat Pilates,Ninguno,12,No,Condesa,4278
2024-11-16,Laura Martínez,Paquete,Reformer,Reformer,24,No,Polanco,8272
2024-11-16,Lucía Vázquez,Paquete,Mat Pilates,Ninguno,12,No,Condesa,4654
2024-11-16,Fernanda Torres,Fitpass,Reformer,Reformer,0,Sí,Condesa,218
2024-11-16,Camila Gutiérrez,Fitpass,Mat Pilates,Ninguno,0,Sí,Polanco,193
2024-11-16,Victoria Vázquez,Fitpass,Reformer,Reformer,0,Sí,Condesa,209
2024-11-16,Victoria Pérez,Fitpass,Chair,Chair,0,Sí,Roma,200
2024-11-17,Lucía Torres,Fitpass,Mat Pilates,Ninguno,0,Sí,Polanco,212
2024-11-17,Paula Gutiérrez,Clase Individual,Reformer,Reformer,0,No,Polanco,444
2024-11-17,Mateo Cruz,Paquete,Chair,Chair,12,No,Roma,4507
2024-11-17,Fernanda Díaz,Clase Individual,Reformer,Reformer,0,No,Condesa,380
2024-11-17,Claudia Jiménez,Fitpass,Mat Pilates,Ninguno,0,Sí,Roma,233
2024-11-17,Renata Morales,Fitpass,Chair,Chair,0,Sí,Condesa,193
2024-11-17,Paula Rodríguez,Fitpass,Mat Pilates,Ninguno,0,Sí,Roma,191
2024-11-17,Carlos Díaz,Fitpass,Reformer,Reformer,0,Sí,Condesa,238
2024-11-17,Carolina Martínez,Paquete,Chair,Chair,12,No,Polanco,4232
2024-11-17,Camila Reyes,Paquete,Chair,Chair,8,No,Roma,3051
2024-11-17,Paula Martínez,Paquete,Chair,Chair,12,No,Polanco,4375
2024-11-18,Natalia Díaz,Paquete,Reformer,Reformer,12,No,Polanco,4465
2024-11-18,Santiago Gómez,Paquete,Cadillac,Cadillac,8,No,Roma,2921
2024-11-18,Ximena Hernández,Fitpass,Reformer,Reformer,0,Sí,Condesa,180
2024-11-18,Fernanda Gutiérrez,Fitpass,Cadillac,Cadillac,0,Sí,Condesa,211
2024-11-18,Luis García,Fitpass,Reformer,Reformer,0,Sí,Condesa,201
2024-11-18,Natalia Morales,Fitpass,Chair,Chair,0,Sí,Roma,231
2024-11-18,Camila Vázquez,Paquete,Reformer,Reformer,8,No,Roma,2964
2024-11-18,Javier García,Clase Individual,Cadillac,Cadillac,0,No,Roma,476
2024-11-18,Santiago Ramírez,Paquete,Chair,Chair,8,No,Condesa,3014
2024-11-18,Javier Flores,Paquete,Cadillac,Cadillac,8,No,Roma,2917
2024-11-18,Valeria Gutiérrez,Clase Individual,Reformer,Reformer,0,No,Condesa,449
2024-11-19,Andrea Reyes,Clase Individual,Mat Pilates,Ninguno,0,No,Roma,472
2024-11-19,Alejandro Rodríguez,Fitpass,Reformer,Reformer,0,Sí,Roma,237
2024-11-19,Victoria Sánchez,Fitpass,Reformer,Reformer,0,Sí,Roma,235
2024-11-19,Carlos Díaz,Paquete,Reformer,Reformer,8,No,Condesa,3121
2024-11-19,Diego González,Fitpass,Chair,Chair,0,Sí,Polanco,196
2024-11-19,Lucía Gutiérrez,Paquete,Chair,Chair,8,No,Condesa,2994
2024-11-19,Javier Jiménez,Clase Individual,Cadillac,Cadillac,0,No,Polanco,489
2024-11-19,Valeria Gómez,Paquete,Reformer,Reformer,8,No,Condesa,3207
2024-11-19,Javier Rodríguez,Fitpass,Reformer,Reformer,0,Sí,Condesa,227
2024-11-19,Luis Rodríguez,Paquete,Chair,Chair,24,No,Condesa,8097
2024-11-19,Victoria Díaz,Paquete,Chair,Chair,24,No,Condesa,8805
2024-11-19,Natalia Pérez,Fitpass,Reformer,Reformer,0,Sí,Roma,216
2024-11-19,Lucía Pérez,Fitpass,Mat Pilates,Ninguno,0,Sí,Roma,232
2024-11-19,Lucía Jiménez,Fitpass,Cadillac,Cadillac,0,Sí,Roma,192
2024-11-19,Daniela Gómez,Paquete,Reformer,Reformer,12,No,Roma,4146
2024-11-19,Daniela López,Paquete,Mat Pilates,Ninguno,8,No,Roma,3247
2024-11-19,Sofía Sánchez,Clase Individual,Reformer,Reformer,0,No,Condesa,435
2024-11-19,Luis Hernández,Fitpass,Cadillac,Cadillac,0,Sí,Condesa,209
2024-11-19,Carlos Morales,Clase Individual,Mat Pilates,Ninguno,0,No,Roma,435
2024-11-19,Andrea Cruz,Paquete,Reformer,Reformer,12,No,Condesa,4268
2024-11-19,Fernanda Jiménez,Fitpass,Reformer,Reformer,0,Sí,Roma,220
2024-11-19,Fernanda Rodríguez,Fitpass,Reformer,Reformer,0,Sí,Condesa,204
2024-11-19,Sofía Flores,Fitpass,Chair,Chair,0,Sí,Roma,191
2024-11-20,Fernando Torres,Paquete,Reformer,Reformer,8,No,Roma,3194
2024-11-20,Alejandro López,Fitpass,Reformer,Reformer,0,Sí,Polanco,224
2024-11-20,Camila Ramírez,Paquete,Reformer,Reformer,24,No,Roma,7923
2024-11-20,Camila Vázquez,Fitpass,Cadillac,Cadillac,0,Sí,Roma,180
2024-11-20,Santiago Rodríguez,Clase Individual,Chair,Chair,0,No,Roma,446
2024-11-20,Sofía Torres,Fitpass,Reformer,Reformer,0,Sí,Roma,202
2024-11-20,Mateo Cruz,Paquete,Reformer,Reformer,12,No,Condesa,4653
2024-11-20,Natalia Sánchez,Clase Individual,Cadillac,Cadillac,0,No,Condesa,410
2024-11-20,Rodrigo González,Paquete,Reformer,Reformer,12,No,Roma,4342
2024-11-20,Claudia Mendoza,Paquete,Reformer,Reformer,12,No,Polanco,4437
2024-11-20,Daniela López,Fitpass,Reformer,Reformer,0,Sí,Roma,237
2024-11-20,Carolina Sánchez,Paquete,Mat Pilates,Ninguno,8,No,Roma,2956
2024-11-20,Fernanda Cruz,Paquete,Reformer,Reformer,8,No,Roma,2994
2024-11-21,Regina García,Fitpass,Chair,Chair,0,Sí,Condesa,188
2024-11-21,Daniela Torres,Paquete,Reformer,Reformer,12,No,Condesa,4508
2024-11-21,María Jiménez,Clase Individual,Chair,Chair,0,No,Polanco,520
2024-11-21,Laura Ramírez,Paquete,Chair,Chair,8,No,Roma,3106
2024-11-21,Carolina Ramírez,Fitpass,Chair,Chair,0,Sí,Polanco,230
2024-11-21,Ximena Pérez,Clase Individual,Chair,Chair,0,No,Condesa,480
2024-11-21,Renata Gómez,Paquete,Mat Pilates,Ninguno,12,No,Roma,4587
2024-11-21,Paula Torres,Clase Individual,Cadillac,Cadillac,0,No,Roma,508
2024-11-21,Regina Morales,Clase Individual,Reformer,Reformer,0,No,Polanco,392
2024-11-21,María Mendoza,Paquete,Mat Pilates,Ninguno,8,No,Condesa,2965
2024-11-21,Natalia Sánchez,Clase Individual,Reformer,Reformer,0,No,Roma,469
2024-11-21,Laura Pérez,Paquete,Reformer,Reformer,12,No,Roma,4485
2024-11-21,Carolina Morales,Fitpass,Cadillac,Cadillac,0,Sí,Roma,214
2024-11-21,Claudia Torres,Fitpass,Chair,Chair,0,Sí,Roma,213
2024-11-21,Ximena Torres,Fitpass,Mat Pilates,Ninguno,0,Sí,Condesa,197
2024-11-21,Mariana Torres,Clase Individual,Reformer,Reformer,0,No,Condesa,441
2024-11-21,Gabriela González,Fitpass,Reformer,Reformer,0,Sí,Roma,188
2024-11-21,Natalia Pérez,Paquete,Chair,Chair,8,No,Roma,3096
2024-11-22,Fernando Mendoza,Paquete,Reformer,Reformer,8,No,Condesa,2970
2024-11-22,Fernando García,Fitpass,Reformer,Reformer,0,Sí,Roma,219
2024-11-22,Ana López,Paquete,Reformer,Reformer,8,No,Polanco,3048
2024-11-22,Regina Ramírez,Fitpass,Mat Pilates,Ninguno,0,Sí,Condesa,239
2024-11-22,Andrea Sánchez,Paquete,Mat Pilates,Ninguno,8,No,Polanco,2944
2024-11-22,Laura Gómez,Fitpass,Cadillac,Cadillac,0,Sí,Roma,197
2024-11-22,Luis Sánchez,Clase Individual,Mat Pilates,Ninguno,0,No,Polanco,520
2024-11-22,Mariana Martínez,Paquete,Mat Pilates,Ninguno,24,No,Polanco,8794
2024-11-22,Paula Sánchez,Clase Individual,Mat Pilates,Ninguno,0,No,Condesa,404
2024-11-22,Paula Flores,Clase Individual,Cadillac,Cadillac,0,No,Roma,427
2024-11-22,Santiago Gómez,Fitpass,Cadillac,Cadillac,0,Sí,Condesa,200
2024-11-22,Renata Flores,Fitpass,Reformer,Reformer,0,Sí,Roma,240
2024-11-22,Ximena Flores,Paquete,Cadillac,Cadillac,12,No,Polanco,4455
2024-11-22,Santiago Reyes,Clase Individual,Reformer,Reformer,0,No,Condesa,490
2024-11-22,Luis Sánchez,Paquete,Mat Pilates,Ninguno,8,No,Roma,2903
2024-11-23,Natalia García,Fitpass,Reformer,Reformer,0,Sí,Condesa,211
2024-11-23,Regina Jiménez,Clase Individual,Reformer,Reformer,0,No,Roma,495
2024-11-23,Miguel Torres,Paquete,Chair,Chair,8,No,Roma,2984
2024-11-23,Laura Jiménez,Clase Individual,Reformer,Reformer,0,No,Polanco,479
2024-11-23,Mariana Morales,Fitpass,Chair,Chair,0,Sí,Condesa,221
2024-11-23,Fernando Pérez,Paquete,Mat Pilates,Ninguno,24,No,Condesa,8358
2024-11-23,Carolina Cruz,Fitpass,Cadillac,Cadillac,0,Sí,Roma,180
2024-11-23,Ana Flores,Fitpass,Reformer,Reformer,0,Sí,Polanco,195
2024-11-23,Renata Morales,Fitpass,Mat Pilates,Ninguno,0,Sí,Roma,226
2024-11-23,Santiago Pérez,Clase Individual,Reformer,Reformer,0,No,Condesa,516
2024-11-23,Renata Morales,Paquete,Chair,Chair,12,No,Polanco,4179
2024-11-23,Mariana Gómez,Fitpass,Mat Pilates,Ninguno,0,Sí,Condesa,212
2024-11-23,Valeria González,Fitpass,Reformer,Reformer,0,Sí,Condesa,184
2024-11-23,Santiago Rodríguez,Paquete,Cadillac,Cadillac,24,No,Condesa,8585
2024-11-23,Lucía Sánchez,Fitpass,Mat Pilates,Ninguno,0,Sí,Roma,221
2024-11-23,Regina González,Fitpass,Chair,Chair,0,Sí,Roma,200
2024-11-23,Regina Morales,Paquete,Reformer,Reformer,8,No,Condesa,2967
2024-11-23,Laura Hernández,Clase Individual,Reformer,Reformer,0,No,Roma,511
2024-11-23,Mateo Flores,Paquete,Cadillac,Cadillac,8,No,Roma,3002
2024-11-24,Gabriela Gómez,Paquete,Reformer,Reformer,12,No,Polanco,4428
2024-11-24,Camila Flores,Paquete,Cadillac,Cadillac,12,No,Roma,4172
2024-11-24,Camila Morales,Fitpass,Reformer,Reformer,0,Sí,Condesa,208
2024-11-24,Gabriela Hernández,Fitpass,Reformer,Reformer,0,Sí,Condesa,188
2024-11-24,Regina Gutiérrez,Fitpass,Reformer,Reformer,0,Sí,Roma,195
2024-11-24,Laura Martínez,Paquete,Reformer,Reformer,24,No,Polanco,8309
2024-11-24,Fernanda Pérez,Fitpass,Chair,Chair,0,Sí,Polanco,222
2024-11-24,Alejandro Díaz,Fitpass,Chair,Chair,0,Sí,Polanco,186
2024-11-24,Rodrigo Ramírez,Clase Individual,Reformer,Reformer,0,No,Polanco,400
2024-11-24,Regina Jiménez,Paquete,Chair,Chair,8,No,Roma,3193
2024-11-24,Lucía Ramírez,Paquete,Reformer,Reformer,24,No,Roma,8772
2024-11-25,Sofía Gómez,Paquete,Chair,Chair,12,No,Roma,4470
2024-11-25,Paula Morales,Paquete,Mat Pilates,Ninguno,8,No,Condesa,3125
2024-11-25,Miguel Sánchez,Paquete,Mat Pilates,Ninguno,8,No,Condesa,3151
2024-11-25,María Reyes,Paquete,Reformer,Reformer,8,No,Roma,2909
2024-11-25,Paula Rodríguez,Paquete,Reformer,Reformer,8,No,Polanco,3226
2024-11-25,Luis López,Fitpass,Mat Pilates,Ninguno,0,Sí,Polanco,238
2024-11-25,Renata Gutiérrez,Fitpass,Reformer,Reformer,0,Sí,Roma,207
2024-11-25,Carolina Jiménez,Clase Individual,Reformer,Reformer,0,No,Polanco,393
2024-11-26,Sofía Martínez,Paquete,Chair,Chair,8,No,Condesa,3252
2024-11-26,Valeria Vázquez,Paquete,Mat Pilates,Ninguno,12,No,Roma,4318
2024-11-26,Ximena García,Paquete,Chair,Chair,8,No,Roma,2973
2024-11-26,Ximena Vázquez,Clase Individual,Reformer,Reformer,0,No,Roma,487
2024-11-26,María Cruz,Paquete,Reformer,Reformer,12,No,Polanco,4462
2024-11-26,Camila Martínez,Fitpass,Reformer,Reformer,0,Sí,Condesa,187
2024-11-26,Alejandro Mendoza,Fitpass,Reformer,Reformer,0,Sí,Condesa,200
2024-11-26,Fernanda Morales,Paquete,Chair,Chair,8,No,Roma,3042
2024-11-26,Mateo Morales,Paquete,Cadillac,Cadillac,12,No,Condesa,4240
2024-11-26,Regina Torres,Clase Individual,Reformer,Reformer,0,No,Roma,487
2024-11-26,Paula Cruz,Clase Individual,Reformer,Reformer,0,No,Condesa,434
2024-11-26,Lucía Flores,Paquete,Cadillac,Cadillac,12,No,Polanco,4332
2024-11-26,Ana Pérez,Clase Individual,Mat Pilates,Ninguno,0,No,Condesa,447
2024-11-26,Carlos Martínez,Fitpass,Chair,Chair,0,Sí,Condesa,187
2024-11-26,Ximena Gutiérrez,Fitpass,Cadillac,Cadillac,0,Sí,Polanco,191
2024-11-26,Carlos Díaz,Paquete,Reformer,Reformer,8,No,Roma,3063
2024-11-26,Sofía Torres,Fitpass,Reformer,Reformer,0,Sí,Condesa,186
2024-11-27,Daniela Gutiérrez,Fitpass,Reformer,Reformer,0,Sí,Polanco,207
2024-11-27,Fernanda García,Paquete,Cadillac,Cadillac,24,No,Condesa,8710
2024-11-27,Lucía Sánchez,Paquete,Cadillac,Cadillac,24,No,Roma,8544
2024-11-27,Camila Torres,Paquete,Chair,Chair,8,No,Condesa,3250
2024-11-27,Rodrigo Morales,Fitpass,Reformer,Reformer,0,Sí,Roma,205
2024-11-27,Camila Hernández,Paquete,Reformer,Reformer,24,No,Roma,7914
2024-11-27,Regina Cruz,Fitpass,Cadillac,Cadillac,0,Sí,Polanco,221
2024-11-27,Claudia Díaz,Paquete,Reformer,Reformer,12,No,Condesa,4142
2024-11-27,Natalia Ramírez,Paquete,Cadillac,Cadillac,12,No,Roma,4524
2024-11-27,Laura Vázquez,Paquete,Reformer,Reformer,8,No,Roma,3067
2024-11-27,Paula Torres,Clase Individual,Chair,Chair,0,No,Polanco,452
2024-11-28,Alejandro Flores,Fitpass,Chair,Chair,0,Sí,Condesa,197
2024-11-28,Sofía López,Clase Individual,Chair,Chair,0,No,Polanco,487
2024-11-28,Alejandro Mendoza,Paquete,Chair,Chair,24,No,Polanco,8648
2024-11-28,Claudia Mendoza,Paquete,Mat Pilates,Ninguno,8,No,Roma,3103
2024-11-28,Sofía Cruz,Fitpass,Reformer,Reformer,0,Sí,Roma,229
2024-11-28,Natalia Cruz,Paquete,Reformer,Reformer,12,No,Roma,4153
2024-11-28,Fernanda Flores,Fitpass,Reformer,Reformer,0,Sí,Polanco,188
2024-11-28,Claudia Mendoza,Paquete,Cadillac,Cadillac,8,No,Condesa,3238
2024-11-28,Carlos Sánchez,Paquete,Chair,Chair,8,No,Roma,3127
2024-11-28,Mariana Martínez,Fitpass,Chair,Chair,0,Sí,Roma,234
2024-11-28,Laura Ramírez,Clase Individual,Reformer,Reformer,0,No,Condesa,443
2024-11-28,Andrea Hernández,Clase Individual,Chair,Chair,0,No,Condesa,502
2024-11-29,Fernando González,Paquete,Chair,Chair,8,No,Roma,3251
2024-11-29,Renata Torres,Fitpass,Cadillac,Cadillac,0,Sí,Polanco,180
2024-11-29,Victoria Rodríguez,Clase Individual,Chair,Chair,0,No,Polanco,449
2024-11-29,Santiago Díaz,Fitpass,Chair,Chair,0,Sí,Roma,189
2024-11-29,Andrea Sánchez,Clase Individual,Mat Pilates,Ninguno,0,No,Condesa,489
2024-11-29,Luis Mendoza,Clase Individual,Mat Pilates,Ninguno,0,No,Condesa,450
2024-11-29,Javier Flores,Fitpass,Reformer,Reformer,0,Sí,Condesa,188
2024-11-29,Regina Díaz,Fitpass,Chair,Chair,0,Sí,Polanco,183
2024-11-29,Victoria Gutiérrez,Paquete,Chair,Chair,8,No,Roma,2999
2024-11-29,Claudia Mendoza,Paquete,Reformer,Reformer,8,No,Polanco,2940
2024-11-29,Gabriela Martínez,Paquete,Chair,Chair,12,No,Roma,4606
2024-11-29,Renata Vázquez,Paquete,Cadillac,Cadillac,8,No,Condesa,2947
2024-11-29,Rodrigo Díaz,Paquete,Reformer,Reformer,12,No,Condesa,4245
2024-11-29,Alejandro Rodríguez,Fitpass,Reformer,Reformer,0,Sí,Roma,223
2024-11-29,Lucía García,Fitpass,Reformer,Reformer,0,Sí,Roma,206
2024-11-29,Santiago López,Paquete,Reformer,Reformer,8,No,Condesa,2907
2024-11-29,Mariana Torres,Fitpass,Reformer,Reformer,0,Sí,Roma,204
2024-11-29,Fernando Ramírez,Paquete,Cadillac,Cadillac,12,No,Condesa,4661
2024-11-29,Camila Flores,Fitpass,Cadillac,Cadillac,0,Sí,Roma,197
2024-11-29,Valeria Gutiérrez,Paquete,Reformer,Reformer,12,No,Polanco,4197
2024-11-30,Rodrigo Cruz,Clase Individual,Reformer,Reformer,0,No,Roma,456
2024-11-30,Fernanda González,Clase Individual,Cadillac,Cadillac,0,No,Roma,476
2024-11-30,Fernando Torres,Paquete,Chair,Chair,8,No,Polanco,3119
2024-11-30,Rodrigo Sánchez,Clase Individual,Chair,Chair,0,No,Polanco,447
2024-11-30,Victoria Sánchez,Paquete,Mat Pilates,Ninguno,24,No,Polanco,8322
2024-11-30,Natalia Cruz,Fitpass,Reformer,Reformer,0,Sí,Roma,204
2024-11-30,Andrea Vázquez,Paquete,Reformer,Reformer,8,No,Condesa,2946
2024-11-30,Rodrigo Sánchez,Paquete,Chair,Chair,8,No,Condesa,3020
2024-11-30,Lucía Hernández,Paquete,Mat Pilates,Ninguno,12,No,Condesa,4397
2024-11-30,Gabriela López,Paquete,Reformer,Reformer,8,No,Condesa,3297
2024-11-30,Renata García,Fitpass,Mat Pilates,Ninguno,0,Sí,Polanco,193
2024-11-30,Claudia González,Paquete,Mat Pilates,Ninguno,12,No,Polanco,4263
2024-11-30,Santiago Martínez,Paquete,Reformer,Reformer,12,No,Polanco,4571
2024-11-30,Laura Vázquez,Paquete,Cadillac,Cadillac,12,No,Condesa,4514
2024-11-30,Paula Flores,Paquete,Reformer,Reformer,12,No,Polanco,4426
2024-11-30,Regina López,Paquete,Cadillac,Cadillac,12,No,Roma,4243
2024-11-30,Sofía López,Paquete,Reformer,Reformer,8,No,Polanco,2940
2024-11-30,Laura Gómez,Paquete,Reformer,Reformer,12,No,Condesa,4542
2024-11-30,Gabriela Vázquez,Fitpass,Mat Pilates,Ninguno,0,Sí,Roma,234
2024-11-30,Alejandro Sánchez,Paquete,Reformer,Reformer,12,No,Roma,4363
2024-11-30,Ximena Gómez,Clase Individual,Cadillac,Cadillac,0,No,Roma,505
2024-12-01,María Pérez,Paquete,Chair,Chair,8,No,Condesa,3053
2024-12-01,Gabriela Sánchez,Paquete,Mat Pilates,Ninguno,8,No,Condesa,2939
2024-12-01,Victoria Pérez,Clase Individual,Reformer,Reformer,0,No,Roma,442
2024-12-01,Natalia García,Fitpass,Cadillac,Cadillac,0,Sí,Condesa,225
2024-12-01,Paula Reyes,Paquete,Reformer,Reformer,12,No,Condesa,4585
2024-12-02,Lucía Ramírez,Paquete,Chair,Chair,12,No,Roma,4542
2024-12-02,Paula García,Clase Individual,Reformer,Reformer,0,No,Condesa,517
2024-12-02,Ana Mendoza,Paquete,Reformer,Reformer,12,No,Condesa,4425
2024-12-02,Rodrigo Sánchez,Fitpass,Chair,Chair,0,Sí,Condesa,209
2024-12-03,Mariana Díaz,Fitpass,Reformer,Reformer,0,Sí,Polanco,210
2024-12-03,Mariana Hernández,Fitpass,Mat Pilates,Ninguno,0,Sí,Polanco,217
2024-12-03,Camila Ramírez,Fitpass,Reformer,Reformer,0,Sí,Condesa,182
2024-12-03,Santiago Díaz,Paquete,Reformer,Reformer,12,No,Condesa,4548
2024-12-03,Javier Gutiérrez,Fitpass,Reformer,Reformer,0,Sí,Condesa,205
2024-12-04,María Hernández,Clase Individual,Chair,Chair,0,No,Polanco,435
2024-12-04,Gabriela Martínez,Fitpass,Reformer,Reformer,0,Sí,Condesa,220
2024-12-04,Alejandro Pérez,Paquete,Chair,Chair,8,No,Condesa,3244
2024-12-04,Claudia Hernández,Paquete,Reformer,Reformer,8,No,Roma,3046
2024-12-04,Lucía Gutiérrez,Fitpass,Cadillac,Cadillac,0,Sí,Condesa,190
2024-12-04,Paula Torres,Paquete,Cadillac,Cadillac,12,No,Roma,4173
2024-12-04,Claudia Sánchez,Fitpass,Reformer,Reformer,0,Sí,Condesa,207
2024-12-04,Valeria Martínez,Paquete,Chair,Chair,8,No,Polanco,3193
2024-12-04,Valeria Sánchez,Paquete,Cadillac,Cadillac,8,No,Polanco,3053
2024-12-04,Daniela González,Paquete,Chair,Chair,12,No,Polanco,4147
2024-12-05,Mariana Martínez,Paquete,Chair,Chair,8,No,Condesa,3104
2024-12-05,Ximena Hernández,Paquete,Reformer,Reformer,24,No,Condesa,8031
2024-12-05,Javier Hernández,Paquete,Mat Pilates,Ninguno,24,No,Polanco,8837
2024-12-05,Paula Rodríguez,Clase Individual,Cadillac,Cadillac,0,No,Roma,502
2024-12-05,Lucía Ramírez,Paquete,Mat Pilates,Ninguno,24,No,Polanco,7948
2024-12-05,Carlos Mendoza,Paquete,Reformer,Reformer,12,No,Polanco,4652
2024-12-05,Gabriela Jiménez,Fitpass,Mat Pilates,Ninguno,0,Sí,Polanco,217
2024-12-05,Alejandro Martínez,Fitpass,Reformer,Reformer,0,Sí,Condesa,214
2024-12-05,Ana Mendoza,Paquete,Mat Pilates,Ninguno,24,No,Condesa,8125
2024-12-05,Mariana Rodríguez,Paquete,Mat Pilates,Ninguno,24,No,Roma,8814
2024-12-05,Andrea Gutiérrez,Clase Individual,Cadillac,Cadillac,0,No,Condesa,422
2024-12-05,Luis González,Paquete,Cadillac,Cadillac,8,No,Condesa,2964
2024-12-05,Andrea Gutiérrez,Fitpass,Chair,Chair,0,Sí,Polanco,216
2024-12-06,Lucía Gómez,Paquete,Reformer,Reformer,8,No,Polanco,2949
2024-12-06,Miguel Cruz,Paquete,Reformer,Reformer,24,No,Roma,8115
2024-12-06,Luis López,Fitpass,Cadillac,Cadillac,0,Sí,Roma,229
2024-12-06,Miguel Torres,Fitpass,Cadillac,Cadillac,0,Sí,Roma,194
2024-12-06,Luis Morales,Paquete,Cadillac,Cadillac,8,No,Condesa,2906
2024-12-07,Ximena Sánchez,Fitpass,Cadillac,Cadillac,0,Sí,Roma,222
2024-12-07,Carolina Ramírez,Clase Individual,Cadillac,Cadillac,0,No,Roma,507
2024-12-07,María Jiménez,Paquete,Reformer,Reformer,8,No,Polanco,3252
2024-12-07,Luis Jiménez,Fitpass,Reformer,Reformer,0,Sí,Polanco,187
2024-12-08,Mateo García,Fitpass,Mat Pilates,Ninguno,0,Sí,Condesa,204
2024-12-08,Renata Morales,Clase Individual,Mat Pilates,Ninguno,0,No,Roma,388
2024-12-08,Paula Ramírez,Clase Individual,Mat Pilates,Ninguno,0,No,Condesa,500
2024-12-08,Alejandro Hernández,Fitpass,Reformer,Reformer,0,Sí,Condesa,207
2024-12-08,Regina Hernández,Fitpass,Reformer,Reformer,0,Sí,Condesa,204
2024-12-08,Daniela Martínez,Paquete,Chair,Chair,8,No,Condesa,2914
2024-12-08,Sofía López,Paquete,Mat Pilates,Ninguno,8,No,Condesa,3298
2024-12-08,Gabriela Vázquez,Fitpass,Reformer,Reformer,0,Sí,Roma,232
2024-12-08,Renata González,Fitpass,Chair,Chair,0,Sí,Condesa,225
2024-12-08,Rodrigo Torres,Paquete,Chair,Chair,12,No,Roma,4668
2024-12-09,Javier Ramírez,Paquete,Reformer,Reformer,12,No,Condesa,4544
2024-12-09,Natalia González,Fitpass,Reformer,Reformer,0,Sí,Roma,204
2024-12-09,Gabriela Hernández,Fitpass,Reformer,Reformer,0,Sí,Polanco,194
2024-12-09,Andrea Martínez,Fitpass,Reformer,Reformer,0,Sí,Polanco,210
2024-12-09,Andrea Jiménez,Paquete,Chair,Chair,8,No,Roma,3134
2024-12-09,Alejandro López,Clase Individual,Mat Pilates,Ninguno,0,No,Condesa,474
2024-12-09,Mateo Reyes,Paquete,Reformer,Reformer,12,No,Condesa,4140
2024-12-10,Regina Reyes,Paquete,Cadillac,Cadillac,24,No,Roma,8192
2024-12-10,Javier Gómez,Clase Individual,Chair,Chair,0,No,Polanco,483
2024-12-10,Regina Gutiérrez,Fitpass,Reformer,Reformer,0,Sí,Roma,210
2024-12-10,Alejandro López,Fitpass,Mat Pilates,Ninguno,0,Sí,Condesa,210
2024-12-10,Natalia Torres,Fitpass,Mat Pilates,Ninguno,0,Sí,Condesa,240
2024-12-10,Daniela Reyes,Clase Individual,Reformer,Reformer,0,No,Condesa,457
2024-12-10,Ximena Hernández,Fitpass,Reformer,Reformer,0,Sí,Polanco,210
2024-12-10,Renata Vázquez,Fitpass,Reformer,Reformer,0,Sí,Polanco,203
2024-12-11,Paula López,Paquete,Reformer,Reformer,8,No,Roma,3247
2024-12-11,Fernanda Rodríguez,Clase Individual,Reformer,Reformer,0,No,Roma,382
2024-12-11,Diego Díaz,Paquete,Reformer,Reformer,24,No,Roma,8501
2024-12-11,Alejandro Pérez,Paquete,Cadillac,Cadillac,8,No,Condesa,2906
2024-12-11,Luis López,Paquete,Reformer,Reformer,24,No,Condesa,8152
2024-12-11,Andrea Sánchez,Fitpass,Reformer,Reformer,0,Sí,Polanco,189
2024-12-11,Fernanda Martínez,Fitpass,Reformer,Reformer,0,Sí,Roma,225
2024-12-11,Diego Ramírez,Paquete,Reformer,Reformer,24,No,Polanco,8738
2024-12-11,Daniela Martínez,Paquete,Reformer,Reformer,8,No,Condesa,2939
2024-12-11,Sofía Reyes,Clase Individual,Reformer,Reformer,0,No,Condesa,478
2024-12-11,Lucía López,Fitpass,Chair,Chair,0,Sí,Condesa,201
2024-12-11,Luis Jiménez,Paquete,Reformer,Reformer,12,No,Condesa,4382
2024-12-11,Fernanda González,Fitpass,Chair,Chair,0,Sí,Polanco,220
2024-12-11,Fernando Reyes,Paquete,Chair,Chair,8,No,Roma,3280
2024-12-12,Alejandro Martínez,Fitpass,Cadillac,Cadillac,0,Sí,Roma,187
2024-12-12,Miguel Sánchez,Clase Individual,Chair,Chair,0,No,Condesa,387
2024-12-12,Paula Mendoza,Paquete,Reformer,Reformer,8,No,Condesa,3175
2024-12-12,Lucía Pérez,Paquete,Reformer,Reformer,8,No,Condesa,2982
2024-12-12,Javier Gómez,Fitpass,Reformer,Reformer,0,Sí,Condesa,220
2024-12-12,Camila Torres,Fitpass,Cadillac,Cadillac,0,Sí,Condesa,185
2024-12-12,Regina Hernández,Clase Individual,Cadillac,Cadillac,0,No,Polanco,506
2024-12-12,Miguel Cruz,Paquete,Reformer,Reformer,8,No,Polanco,2947
2024-12-12,Carlos García,Paquete,Reformer,Reformer,12,No,Condesa,4499
2024-12-13,Lucía Martínez,Clase Individual,Reformer,Reformer,0,No,Roma,456
2024-12-13,Ana Pérez,Fitpass,Mat Pilates,Ninguno,0,Sí,Condesa,193
2024-12-13,Ana Pérez,Fitpass,Mat Pilates,Ninguno,0,Sí,Condesa,198
2024-12-13,Alejandro Mendoza,Clase Individual,Reformer,Reformer,0,No,Polanco,429
2024-12-13,Regina Rodríguez,Paquete,Cadillac,Cadillac,8,No,Polanco,2958
2024-12-13,Fernanda Martínez,Paquete,Cadillac,Cadillac,8,No,Polanco,3006
2024-12-14,Miguel Sánchez,Fitpass,Mat Pilates,Ninguno,0,Sí,Roma,187
2024-12-14,Daniela Sánchez,Paquete,Chair,Chair,12,No,Roma,4101
2024-12-14,Diego Hernández,Clase Individual,Cadillac,Cadillac,0,No,Condesa,460
2024-12-14,Ximena Ramírez,Fitpass,Cadillac,Cadillac,0,Sí,Condesa,183
2024-12-14,Paula Martínez,Clase Individual,Reformer,Reformer,0,No,Roma,424
2024-12-14,Andrea Vázquez,Fitpass,Reformer,Reformer,0,Sí,Condesa,234
2024-12-14,Rodrigo González,Fitpass,Reformer,Reformer,0,Sí,Condesa,235
2024-12-14,Lucía Díaz,Fitpass,Reformer,Reformer,0,Sí,Roma,206
2024-12-14,Ana Martínez,Fitpass,Reformer,Reformer,0,Sí,Condesa,235
2024-12-14,Regina Gutiérrez,Fitpass,Chair,Chair,0,Sí,Condesa,201
2024-12-14,Laura Vázquez,Clase Individual,Reformer,Reformer,0,No,Roma,501
2024-12-15,Mariana Reyes,Paquete,Reformer,Reformer,8,No,Polanco,3220
2024-12-15,Claudia Rodríguez,Paquete,Cadillac,Cadillac,24,No,Polanco,8266
2024-12-16,Luis Gutiérrez,Fitpass,Cadillac,Cadillac,0,Sí,Polanco,234
2024-12-16,Javier Ramírez,Paquete,Mat Pilates,Ninguno,8,No,Condesa,3052
2024-12-16,Carolina López,Paquete,Reformer,Reformer,8,No,Condesa,2908
2024-12-16,Mateo Martínez,Clase Individual,Reformer,Reformer,0,No,Condesa,432
2024-12-17,Laura Mendoza,Fitpass,Mat Pilates,Ninguno,0,Sí,Roma,184
2024-12-17,Alejandro López,Paquete,Reformer,Reformer,8,No,Condesa,3126
2024-12-17,Paula Rodríguez,Fitpass,Cadillac,Cadillac,0,Sí,Roma,221
2024-12-17,Mateo Reyes,Fitpass,Mat Pilates,Ninguno,0,Sí,Polanco,213
2024-12-17,Gabriela Vázquez,Fitpass,Reformer,Reformer,0,Sí,Condesa,232
2024-12-17,Daniela González,Paquete,Reformer,Reformer,8,No,Condesa,3123
2024-12-17,Sofía Flores,Paquete,Reformer,Reformer,24,No,Condesa,8326
2024-12-17,Gabriela Reyes,Clase Individual,Reformer,Reformer,0,No,Condesa,398
2024-12-18,Gabriela Díaz,Clase Individual,Reformer,Reformer,0,No,Roma,406
2024-12-18,Miguel Cruz,Fitpass,Reformer,Reformer,0,Sí,Condesa,220
2024-12-18,Javier Gómez,Paquete,Mat Pilates,Ninguno,8,No,Polanco,3112
2024-12-18,Rodrigo Pérez,Paquete,Chair,Chair,24,No,Polanco,8045
2024-12-18,Mariana Jiménez,Fitpass,Reformer,Reformer,0,Sí,Polanco,228
2024-12-18,Natalia Torres,Paquete,Reformer,Reformer,8,No,Condesa,2951
2024-12-19,Laura Ramírez,Clase Individual,Chair,Chair,0,No,Condesa,504
2024-12-19,Valeria Morales,Fitpass,Chair,Chair,0,Sí,Polanco,238
2024-12-19,Alejandro Flores,Fitpass,Cadillac,Cadillac,0,Sí,Polanco,240
2024-12-19,Carlos Torres,Clase Individual,Reformer,Reformer,0,No,Roma,424
2024-12-19,Ximena Sánchez,Clase Individual,Mat Pilates,Ninguno,0,No,Roma,426
2024-12-19,Claudia Gutiérrez,Paquete,Chair,Chair,24,No,Roma,8142
2024-12-19,Luis Pérez,Paquete,Reformer,Reformer,12,No,Polanco,4490
2024-12-19,María Mendoza,Paquete,Cadillac,Cadillac,12,No,Condesa,4493
2024-12-19,Mariana Torres,Clase Individual,Mat Pilates,Ninguno,0,No,Condesa,482
2024-12-20,Valeria Mendoza,Fitpass,Mat Pilates,Ninguno,0,Sí,Polanco,213
2024-12-20,Valeria Cruz,Fitpass,Chair,Chair,0,Sí,Condesa,206
2024-12-20,Luis Gutiérrez,Clase Individual,Mat Pilates,Ninguno,0,No,Roma,495
2024-12-20,Laura Reyes,Paquete,Chair,Chair,8,No,Roma,3054
2024-12-20,Valeria Gómez,Paquete,Cadillac,Cadillac,8,No,Roma,2975
2024-12-20,Javier Sánchez,Paquete,Reformer,Reformer,8,No,Roma,3278
2024-12-20,Valeria Gutiérrez,Paquete,Reformer,Reformer,24,No,Roma,8677
2024-12-20,Carolina Jiménez,Clase Individual,Reformer,Reformer,0,No,Roma,520
2024-12-21,Camila Ramírez,Paquete,Chair,Chair,12,No,Roma,4102
2024-12-21,Renata Vázquez,Fitpass,Chair,Chair,0,Sí,Roma,185
2024-12-21,Valeria García,Paquete,Cadillac,Cadillac,12,No,Roma,4528
2024-12-21,Camila Flores,Paquete,Cadillac,Cadillac,24,No,Roma,8812
2024-12-21,Andrea López,Fitpass,Chair,Chair,0,Sí,Roma,212
2024-12-21,Mariana López,Paquete,Cadillac,Cadillac,12,No,Polanco,4130
2024-12-22,Natalia Pérez,Paquete,Reformer,Reformer,8,No,Roma,2970
2024-12-22,Sofía Díaz,Paquete,Mat Pilates,Ninguno,8,No,Polanco,3132
2024-12-22,Lucía Jiménez,Fitpass,Chair,Chair,0,Sí,Polanco,231
2024-12-22,Rodrigo Torres,Fitpass,Reformer,Reformer,0,Sí,Roma,233
2024-12-22,Paula Ramírez,Paquete,Cadillac,Cadillac,12,No,Roma,4469
2024-12-22,Carlos Pérez,Clase Individual,Chair,Chair,0,No,Condesa,405
2024-12-22,Claudia Reyes,Clase Individual,Reformer,Reformer,0,No,Polanco,387
2024-12-22,Regina Gómez,Fitpass,Cadillac,Cadillac,0,Sí,Roma,212
2024-12-22,Sofía Díaz,Paquete,Cadillac,Cadillac,8,No,Roma,3016
2024-12-23,Ana Flores,Clase Individual,Reformer,Reformer,0,No,Condesa,466
2024-12-23,Victoria Jiménez,Fitpass,Chair,Chair,0,Sí,Polanco,226
2024-12-23,Valeria Reyes,Paquete,Cadillac,Cadillac,12,No,Condesa,4614
2024-12-23,Fernanda García,Clase Individual,Cadillac,Cadillac,0,No,Condesa,402
2024-12-23,Camila Pérez,Paquete,Chair,Chair,8,No,Roma,2971
2024-12-23,Ximena Morales,Clase Individual,Chair,Chair,0,No,Roma,442
2024-12-23,Mariana Cruz,Clase Individual,Mat Pilates,Ninguno,0,No,Condesa,428
2024-12-23,Laura Flores,Clase Individual,Reformer,Reformer,0,No,Condesa,445
2024-12-24,Camila Morales,Fitpass,Reformer,Reformer,0,Sí,Polanco,196
2024-12-24,Rodrigo Pérez,Paquete,Mat Pilates,Ninguno,8,No,Condesa,3198
2024-12-24,Carolina Morales,Fitpass,Cadillac,Cadillac,0,Sí,Polanco,199
2024-12-24,Fernanda García,Paquete,Reformer,Reformer,8,No,Condesa,3124
2024-12-24,Natalia López,Clase Individual,Reformer,Reformer,0,No,Roma,431
2024-12-24,Sofía Sánchez,Paquete,Chair,Chair,24,No,Condesa,8700
2024-12-24,María Díaz,Clase Individual,Chair,Chair,0,No,Polanco,414
2024-12-24,Camila Rodríguez,Paquete,Chair,Chair,8,No,Polanco,3091
2024-12-24,Claudia Díaz,Paquete,Reformer,Reformer,12,No,Roma,4446
2024-12-24,Diego Vázquez,Fitpass,Reformer,Reformer,0,Sí,Polanco,184
2024-12-25,Diego Díaz,Paquete,Reformer,Reformer,8,No,Roma,3116
2024-12-25,Fernando Morales,Paquete,Reformer,Reformer,8,No,Roma,3231
2024-12-25,Renata Vázquez,Paquete,Mat Pilates,Ninguno,8,No,Condesa,2918
2024-12-25,Valeria Pérez,Fitpass,Reformer,Reformer,0,Sí,Condesa,190
2024-12-25,Claudia García,Paquete,Chair,Chair,24,No,Roma,8865
2024-12-25,Renata López,Paquete,Mat Pilates,Ninguno,12,No,Polanco,4516
2024-12-25,Mateo González,Paquete,Reformer,Reformer,24,No,Roma,7967
2024-12-25,Santiago Vázquez,Fitpass,Reformer,Reformer,0,Sí,Condesa,209
2024-12-26,Miguel Morales,Clase Individual,Reformer,Reformer,0,No,Roma,511
2024-12-26,Alejandro Reyes,Fitpass,Chair,Chair,0,Sí,Roma,200
2024-12-26,María Gómez,Paquete,Reformer,Reformer,8,No,Roma,2997
2024-12-26,Victoria Rodríguez,Fitpass,Chair,Chair,0,Sí,Condesa,227
2024-12-26,Daniela Gómez,Clase Individual,Reformer,Reformer,0,No,Condesa,414
2024-12-26,Renata Mendoza,Fitpass,Cadillac,Cadillac,0,Sí,Polanco,205
2024-12-26,Rodrigo Díaz,Fitpass,Chair,Chair,0,Sí,Polanco,191
2024-12-26,Gabriela Martínez,Paquete,Reformer,Reformer,12,No,Condesa,4303
2024-12-26,Regina Morales,Paquete,Cadillac,Cadillac,8,No,Roma,3119
2024-12-26,Javier Mendoza,Fitpass,Mat Pilates,Ninguno,0,Sí,Polanco,226
2024-12-26,Javier Gutiérrez,Fitpass,Reformer,Reformer,0,Sí,Roma,234
2024-12-26,Camila Gutiérrez,Fitpass,Cadillac,Cadillac,0,Sí,Polanco,227
2024-12-26,Fernanda Rodríguez,Clase Individual,Mat Pilates,Ninguno,0,No,Roma,445
2024-12-26,María Pérez,Paquete,Cadillac,Cadillac,12,No,Roma,4694
2024-12-26,Daniela Rodríguez,Paquete,Cadillac,Cadillac,8,No,Roma,2956
2024-12-27,María García,Clase Individual,Mat Pilates,Ninguno,0,No,Roma,455
2024-12-27,Diego Torres,Clase Individual,Chair,Chair,0,No,Polanco,435
2024-12-27,Rodrigo Torres,Paquete,Cadillac,Cadillac,24,No,Roma,8825
2024-12-27,María Jiménez,Fitpass,Cadillac,Cadillac,0,Sí,Polanco,211
2024-12-27,Daniela Mendoza,Clase Individual,Reformer,Reformer,0,No,Roma,505
2024-12-27,Claudia Sánchez,Paquete,Chair,Chair,8,No,Condesa,3097
2024-12-27,Natalia Torres,Paquete,Reformer,Reformer,8,No,Condesa,3176
2024-12-28,Diego Gutiérrez,Clase Individual,Chair,Chair,0,No,Condesa,413
2024-12-28,Claudia Morales,Paquete,Reformer,Reformer,8,No,Condesa,2981
2024-12-28,Gabriela Gómez,Fitpass,Reformer,Reformer,0,Sí,Roma,215
2024-12-28,Diego Martínez,Clase Individual,Chair,Chair,0,No,Polanco,433
2024-12-28,Carolina Cruz,Fitpass,Reformer,Reformer,0,Sí,Polanco,182
2024-12-28,Javier Mendoza,Paquete,Reformer,Reformer,8,No,Polanco,3253
2024-12-29,Sofía García,Paquete,Reformer,Reformer,8,No,Condesa,3098
2024-12-29,Renata Reyes,Fitpass,Reformer,Reformer,0,Sí,Polanco,208
2024-12-29,Fernando Sánchez,Paquete,Chair,Chair,8,No,Roma,3041
2024-12-29,Santiago Ramírez,Paquete,Reformer,Reformer,12,No,Condesa,4464
2024-12-29,Alejandro López,Paquete,Reformer,Reformer,12,No,Polanco,4405
2024-12-29,Luis Pérez,Fitpass,Reformer,Reformer,0,Sí,Roma,192
2024-12-30,Carolina Jiménez,Fitpass,Chair,Chair,0,Sí,Roma,200
2024-12-30,Mateo Pérez,Fitpass,Reformer,Reformer,0,Sí,Condesa,184
2024-12-30,Diego Ramírez,Fitpass,Reformer,Reformer,0,Sí,Condesa,227
2024-12-30,Javier Ramírez,Paquete,Reformer,Reformer,8,No,Polanco,2958
2024-12-30,Renata González,Fitpass,Reformer,Reformer,0,Sí,Condesa,193
2024-12-31,Luis López,Clase Individual,Reformer,Reformer,0,No,Roma,480
2024-12-31,María García,Fitpass,Reformer,Reformer,0,Sí,Condesa,201
2024-12-31,Ximena López,Paquete,Reformer,Reformer,8,No,Polanco,3249
2024-12-31,Fernanda Hernández,Paquete,Reformer,Reformer,12,No,Condesa,4204
2024-12-31,Daniela Torres,Fitpass,Mat Pilates,Ninguno,0,Sí,Condesa,215
2024-12-31,Camila Cruz,Paquete,Reformer,Reformer,8,No,Polanco,3180
2024-12-31,Javier Díaz,Fitpass,Reformer,Reformer,0,Sí,Polanco,228
2024-12-31,Javier Mendoza,Paquete,Reformer,Reformer,8,No,Condesa,2909
2024-12-31,Santiago Rodríguez,Clase Individual,Mat Pilates,Ninguno,0,No,Condesa,520
2024-12-31,Carolina Mendoza,Paquete,Reformer,Reformer,8,No,Condesa,3145
2025-01-01,Gabriela López,Paquete,Cadillac,Cadillac,24,No,Condesa,8099
2025-01-01,Luis Sánchez,Paquete,Reformer,Reformer,8,No,Condesa,2925
2025-01-01,Carolina González,Paquete,Reformer,Reformer,8,No,Condesa,3154
2025-01-01,Gabriela Sánchez,Paquete,Chair,Chair,8,No,Condesa,3166
2025-01-01,Gabriela Mendoza,Paquete,Reformer,Reformer,8,No,Roma,3207
2025-01-01,Mateo Reyes,Paquete,Cadillac,Cadillac,8,No,Condesa,2977
2025-01-01,Fernando Díaz,Paquete,Reformer,Reformer,12,No,Condesa,4249
2025-01-01,Renata Mendoza,Clase Individual,Chair,Chair,0,No,Condesa,467
2025-01-01,Victoria Hernández,Clase Individual,Reformer,Reformer,0,No,Polanco,390
2025-01-01,Claudia Martínez,Paquete,Chair,Chair,8,No,Polanco,3181
2025-01-01,Luis Cruz,Fitpass,Mat Pilates,Ninguno,0,Sí,Polanco,217
2025-01-01,Renata Vázquez,Clase Individual,Reformer,Reformer,0,No,Polanco,456
2025-01-01,Gabriela Díaz,Paquete,Reformer,Reformer,8,No,Condesa,3190
2025-01-01,Javier Torres,Fitpass,Reformer,Reformer,0,Sí,Roma,188
2025-01-01,Daniela Morales,Fitpass,Cadillac,Cadillac,0,Sí,Condesa,202
2025-01-01,Claudia Gómez,Fitpass,Reformer,Reformer,0,Sí,Polanco,202
2025-01-01,Miguel Sánchez,Clase Individual,Reformer,Reformer,0,No,Roma,392
2025-01-01,Lucía Martínez,Paquete,Chair,Chair,8,No,Polanco,3183
2025-01-01,Javier Torres,Clase Individual,Chair,Chair,0,No,Roma,436
2025-01-01,Victoria Vázquez,Paquete,Reformer,Reformer,24,No,Condesa,8252
2025-01-01,Claudia Mendoza,Paquete,Mat Pilates,Ninguno,12,No,Condesa,4185
2025-01-01,Santiago Gutiérrez,Fitpass,Chair,Chair,0,Sí,Condesa,210
2025-01-02,Diego Vázquez,Fitpass,Cadillac,Cadillac,0,Sí,Polanco,184
2025-01-02,Claudia Cruz,Paquete,Chair,Chair,8,No,Condesa,3054
2025-01-02,Javier Ramírez,Fitpass,Reformer,Reformer,0,Sí,Condesa,194
2025-01-02,Mateo García,Clase Individual,Cadillac,Cadillac,0,No,Condesa,510
2025-01-02,Rodrigo Gutiérrez,Fitpass,Reformer,Reformer,0,Sí,Condesa,182
2025-01-02,Mariana López,Paquete,Reformer,Reformer,24,No,Polanco,8869
2025-01-02,Daniela Gutiérrez,Fitpass,Reformer,Reformer,0,Sí,Condesa,220
2025-01-02,Alejandro Díaz,Paquete,Reformer,Reformer,12,No,Condesa,4144
2025-01-02,Camila Morales,Paquete,Mat Pilates,Ninguno,8,No,Polanco,3152
2025-01-02,Gabriela González,Paquete,Mat Pilates,Ninguno,12,No,Condesa,4299
2025-01-02,Javier Díaz,Clase Individual,Reformer,Reformer,0,No,Condesa,458
2025-01-03,Carolina Ramírez,Clase Individual,Reformer,Reformer,0,No,Condesa,512
2025-01-03,Rodrigo Díaz,Paquete,Chair,Chair,12,No,Polanco,4318
2025-01-03,Victoria Vázquez,Paquete,Reformer,Reformer,12,No,Condesa,4419
2025-01-03,Alejandro Rodríguez,Paquete,Cadillac,Cadillac,8,No,Condesa,3236
2025-01-03,Ana Martínez,Paquete,Reformer,Reformer,8,No,Condesa,3007
2025-01-03,Ximena Gómez,Paquete,Reformer,Reformer,12,No,Condesa,4255
2025-01-03,Renata López,Paquete,Reformer,Reformer,12,No,Roma,4415
2025-01-03,Carlos Sánchez,Fitpass,Chair,Chair,0,Sí,Polanco,223
2025-01-03,Natalia Morales,Paquete,Reformer,Reformer,8,No,Roma,3266
2025-01-03,Victoria Torres,Fitpass,Reformer,Reformer,0,Sí,Polanco,227
2025-01-03,Natalia Martínez,Clase Individual,Chair,Chair,0,No,Roma,483
2025-01-03,Carolina Gómez,Paquete,Reformer,Reformer,12,No,Roma,4381
2025-01-03,Carlos Morales,Clase Individual,Reformer,Reformer,0,No,Roma,516
2025-01-03,Mariana Ramírez,Clase Individual,Mat Pilates,Ninguno,0,No,Roma,389
2025-01-03,Ana González,Clase Individual,Reformer,Reformer,0,No,Polanco,426
2025-01-03,Carolina García,Fitpass,Reformer,Reformer,0,Sí,Condesa,239
2025-01-03,Luis Sánchez,Paquete,Chair,Chair,8,No,Roma,3064
2025-01-03,Claudia Cruz,Paquete,Cadillac,Cadillac,8,No,Polanco,3048
2025-01-03,Ximena Martínez,Paquete,Cadillac,Cadillac,12,No,Condesa,4190
2025-01-03,Laura Vázquez,Paquete,Reformer,Reformer,12,No,Polanco,4665
2025-01-04,Rodrigo Díaz,Fitpass,Reformer,Reformer,0,Sí,Roma,237
2025-01-04,Javier Ramírez,Fitpass,Chair,Chair,0,Sí,Roma,239
2025-01-04,Fernando Martínez,Paquete,Reformer,Reformer,8,No,Condesa,3169
2025-01-04,Renata Cruz,Clase Individual,Reformer,Reformer,0,No,Roma,479
2025-01-04,Daniela Pérez,Fitpass,Chair,Chair,0,Sí,Roma,190
2025-01-04,Natalia Hernández,Fitpass,Cadillac,Cadillac,0,Sí,Condesa,195
2025-01-04,Paula Flores,Paquete,Reformer,Reformer,8,No,Condesa,3258
2025-01-04,Carolina Cruz,Fitpass,Chair,Chair,0,Sí,Roma,219
2025-01-04,Andrea González,Paquete,Reformer,Reformer,12,No,Roma,4436
2025-01-04,Natalia Sánchez,Fitpass,Chair,Chair,0,Sí,Polanco,229
2025-01-04,Mateo Hernández,Paquete,Cadillac,Cadillac,24,No,Roma,8575
2025-01-04,Miguel Torres,Fitpass,Chair,Chair,0,Sí,Polanco,235
2025-01-04,Claudia Pérez,Fitpass,Chair,Chair,0,Sí,Polanco,210
2025-01-04,Luis Pérez,Paquete,Cadillac,Cadillac,24,No,Polanco,8193
2025-01-04,Daniela Pérez,Fitpass,Reformer,Reformer,0,Sí,Roma,232
2025-01-04,Javier González,Fitpass,Reformer,Reformer,0,Sí,Roma,235
2025-01-04,Miguel López,Paquete,Mat Pilates,Ninguno,8,No,Roma,2976
2025-01-04,Fernanda Vázquez,Paquete,Mat Pilates,Ninguno,12,No,Roma,4188
2025-01-04,Regina Martínez,Fitpass,Mat Pilates,Ninguno,0,Sí,Condesa,189
2025-01-04,Claudia Mendoza,Clase Individual,Reformer,Reformer,0,No,Roma,519
2025-01-04,Andrea Martínez,Clase Individual,Reformer,Reformer,0,No,Polanco,485
2025-01-04,Carlos Morales,Paquete,Cadillac,Cadillac,12,No,Polanco,4613
2025-01-05,Daniela Vázquez,Fitpass,Reformer,Reformer,0,Sí,Roma,238
2025-01-05,Laura González,Clase Individual,Cadillac,Cadillac,0,No,Polanco,409
2025-01-05,Victoria Reyes,Paquete,Reformer,Reformer,8,No,Roma,3290
2025-01-05,Rodrigo Mendoza,Paquete,Reformer,Reformer,8,No,Polanco,3089
2025-01-05,Javier Gutiérrez,Clase Individual,Reformer,Reformer,0,No,Roma,504
2025-01-05,Carolina Jiménez,Fitpass,Cadillac,Cadillac,0,Sí,Condesa,222
2025-01-05,Daniela Flores,Fitpass,Chair,Chair,0,Sí,Polanco,215
2025-01-05,Sofía Pérez,Clase Individual,Reformer,Reformer,0,No,Condesa,491
2025-01-05,Lucía Vázquez,Paquete,Reformer,Reformer,8,No,Condesa,3201
2025-01-05,Alejandro Martínez,Clase Individual,Chair,Chair,0,No,Roma,419
2025-01-05,Carolina Sánchez,Paquete,Chair,Chair,12,No,Polanco,4255
2025-01-05,Regina López,Paquete,Reformer,Reformer,8,No,Condesa,3113
2025-01-05,Valeria Gómez,Fitpass,Reformer,Reformer,0,Sí,Roma,224
2025-01-05,Alejandro Rodríguez,Paquete,Cadillac,Cadillac,8,No,Condesa,3105
2025-01-05,Gabriela González,Paquete,Chair,Chair,24,No,Condesa,8314
2025-01-05,Andrea Torres,Paquete,Reformer,Reformer,12,No,Polanco,4108
2025-01-05,Carlos Gómez,Paquete,Reformer,Reformer,8,No,Condesa,3193
2025-01-05,Gabriela Mendoza,Fitpass,Mat Pilates,Ninguno,0,Sí,Condesa,216
2025-01-06,Mateo Vázquez,Fitpass,Reformer,Reformer,0,Sí,Condesa,187
2025-01-06,Carolina Martínez,Paquete,Reformer,Reformer,8,No,Polanco,3187
2025-01-06,Claudia Reyes,Fitpass,Mat Pilates,Ninguno,0,Sí,Polanco,205
2025-01-06,Lucía Rodríguez,Paquete,Reformer,Reformer,8,No,Roma,3278
2025-01-06,Andrea Sánchez,Fitpass,Reformer,Reformer,0,Sí,Roma,238
2025-01-06,Rodrigo García,Paquete,Chair,Chair,24,No,Condesa,8249
2025-01-06,Natalia López,Paquete,Reformer,Reformer,12,No,Condesa,4221
2025-01-06,Camila Hernández,Fitpass,Reformer,Reformer,0,Sí,Condesa,230
2025-01-06,Mateo Cruz,Fitpass,Reformer,Reformer,0,Sí,Condesa,198
2025-01-06,Rodrigo Díaz,Paquete,Reformer,Reformer,8,No,Condesa,3109
2025-01-06,Mariana Rodríguez,Paquete,Reformer,Reformer,8,No,Polanco,3051
2025-01-06,Lucía Ramírez,Fitpass,Reformer,Reformer,0,Sí,Condesa,207
2025-01-06,Sofía Gómez,Paquete,Chair,Chair,12,No,Roma,4399
2025-01-06,Carlos Vázquez,Paquete,Reformer,Reformer,8,No,Roma,3018
2025-01-06,Camila Vázquez,Clase Individual,Mat Pilates,Ninguno,0,No,Roma,441
2025-01-06,Mariana Rodríguez,Fitpass,Reformer,Reformer,0,Sí,Condesa,189
2025-01-06,Fernanda Morales,Fitpass,Reformer,Reformer,0,Sí,Condesa,195
2025-01-06,Valeria Flores,Fitpass,Reformer,Reformer,0,Sí,Roma,205
2025-01-06,Miguel Gutiérrez,Paquete,Chair,Chair,12,No,Polanco,4241
2025-01-06,Camila Vázquez,Paquete,Reformer,Reformer,8,No,Polanco,3216
2025-01-06,Daniela Gutiérrez,Fitpass,Reformer,Reformer,0,Sí,Polanco,215
2025-01-07,Santiago Gómez,Paquete,Cadillac,Cadillac,24,No,Roma,8346
2025-01-07,Diego Torres,Clase Individual,Mat Pilates,Ninguno,0,No,Roma,442
2025-01-07,Sofía Gutiérrez,Clase Individual,Reformer,Reformer,0,No,Condesa,400
2025-01-07,Victoria Hernández,Paquete,Chair,Chair,8,No,Roma,3114
2025-01-07,Daniela Sánchez,Paquete,Mat Pilates,Ninguno,8,No,Condesa,3053
2025-01-07,Rodrigo Gutiérrez,Paquete,Chair,Chair,12,No,Roma,4162
2025-01-07,Fernando Gutiérrez,Clase Individual,Chair,Chair,0,No,Roma,471
2025-01-07,Camila Díaz,Paquete,Reformer,Reformer,12,No,Roma,4350
2025-01-07,Fernanda Torres,Paquete,Reformer,Reformer,24,No,Condesa,7912
2025-01-07,Lucía Gómez,Paquete,Reformer,Reformer,8,No,Roma,2908
2025-01-07,Javier Morales,Fitpass,Cadillac,Cadillac,0,Sí,Roma,192
2025-01-07,Lucía López,Paquete,Cadillac,Cadillac,8,No,Condesa,3245
2025-01-07,Laura García,Paquete,Reformer,Reformer,24,No,Condesa,8442
2025-01-07,Carolina Torres,Clase Individual,Cadillac,Cadillac,0,No,Condesa,490
2025-01-07,Mariana Flores,Paquete,Cadillac,Cadillac,12,No,Polanco,4553
2025-01-08,Carolina Jiménez,Fitpass,Cadillac,Cadillac,0,Sí,Roma,238
2025-01-08,Miguel Reyes,Paquete,Reformer,Reformer,12,No,Condesa,4186
2025-01-08,Renata Reyes,Paquete,Reformer,Reformer,12,No,Roma,4540
2025-01-08,Lucía Pérez,Paquete,Mat Pilates,Ninguno,12,No,Polanco,4480
2025-01-08,Carolina Díaz,Fitpass,Cadillac,Cadillac,0,Sí,Roma,190
2025-01-08,Daniela Mendoza,Fitpass,Chair,Chair,0,Sí,Condesa,214
2025-01-08,Alejandro Jiménez,Paquete,Chair,Chair,8,No,Roma,3203
2025-01-08,Mariana Flores,Paquete,Cadillac,Cadillac,8,No,Polanco,3235
2025-01-08,Renata Vázquez,Clase Individual,Chair,Chair,0,No,Condesa,433
2025-01-08,Carolina Vázquez,Fitpass,Chair,Chair,0,Sí,Roma,218
2025-01-08,Rodrigo Sánchez,Clase Individual,Mat Pilates,Ninguno,0,No,Condesa,409
2025-01-08,Diego Díaz,Fitpass,Cadillac,Cadillac,0,Sí,Roma,197
2025-01-08,Renata Flores,Clase Individual,Chair,Chair,0,No,Roma,433
2025-01-08,Victoria Jiménez,Fitpass,Reformer,Reformer,0,Sí,Roma,184
2025-01-08,Miguel Gutiérrez,Paquete,Cadillac,Cadillac,12,No,Polanco,4555
2025-01-08,Gabriela López,Paquete,Reformer,Reformer,12,No,Condesa,4678
2025-01-09,Santiago López,Paquete,Reformer,Reformer,8,No,Condesa,3012
2025-01-09,Ana Ramírez,Paquete,Reformer,Reformer,8,No,Polanco,3047
2025-01-09,María Gutiérrez,Paquete,Reformer,Reformer,24,No,Polanco,8892
2025-01-09,Ximena López,Paquete,Chair,Chair,24,No,Condesa,8553
2025-01-09,Fernanda Flores,Fitpass,Mat Pilates,Ninguno,0,Sí,Roma,222
2025-01-09,Mateo González,Clase Individual,Reformer,Reformer,0,No,Roma,483
2025-01-09,Camila Mendoza,Fitpass,Reformer,Reformer,0,Sí,Polanco,180
2025-01-09,Diego Jiménez,Clase Individual,Reformer,Reformer,0,No,Roma,389
2025-01-09,Andrea Gutiérrez,Paquete,Cadillac,Cadillac,24,No,Roma,8817
2025-01-09,Miguel Ramírez,Paquete,Chair,Chair,8,No,Roma,3177
2025-01-09,Luis López,Paquete,Mat Pilates,Ninguno,12,No,Roma,4437
2025-01-09,Renata Ramírez,Paquete,Cadillac,Cadillac,8,No,Polanco,3268
2025-01-09,Sofía Cruz,Fitpass,Cadillac,Cadillac,0,Sí,Polanco,233
2025-01-10,Regina Mendoza,Clase Individual,Cadillac,Cadillac,0,No,Condesa,431
2025-01-10,Laura Gómez,Fitpass,Chair,Chair,0,Sí,Polanco,193
2025-01-10,Camila Reyes,Fitpass,Cadillac,Cadillac,0,Sí,Condesa,190
2025-01-10,Victoria Rodríguez,Paquete,Cadillac,Cadillac,12,No,Roma,4166
2025-01-10,Fernando Reyes,Paquete,Reformer,Reformer,8,No,Roma,3196
2025-01-10,Rodrigo Morales,Paquete,Reformer,Reformer,24,No,Condesa,8640
2025-01-10,Lucía Díaz,Fitpass,Reformer,Reformer,0,Sí,Condesa,189
2025-01-10,Daniela Gutiérrez,Fitpass,Reformer,Reformer,0,Sí,Polanco,224
2025-01-10,Ana Flores,Paquete,Cadillac,Cadillac,8,No,Polanco,3061
2025-01-10,Sofía Rodríguez,Paquete,Reformer,Reformer,12,No,Polanco,4229
2025-01-10,Camila Vázquez,Fitpass,Chair,Chair,0,Sí,Polanco,235
2025-01-10,Carolina López,Clase Individual,Mat Pilates,Ninguno,0,No,Condesa,436
2025-01-10,Regina González,Fitpass,Mat Pilates,Ninguno,0,Sí,Roma,180
2025-01-10,Natalia Mendoza,Paquete,Chair,Chair,24,No,Roma,8884
2025-01-10,Carlos Díaz,Fitpass,Reformer,Reformer,0,Sí,Condesa,210
2025-01-10,Laura Ramírez,Paquete,Reformer,Reformer,12,No,Condesa,4129
2025-01-10,Daniela Gutiérrez,Clase Individual,Reformer,Reformer,0,No,Condesa,411
2025-01-10,Camila Díaz,Clase Individual,Reformer,Reformer,0,No,Condesa,416
2025-01-10,Rodrigo Mendoza,Fitpass,Reformer,Reformer,0,Sí,Polanco,192
2025-01-11,Claudia Ramírez,Paquete,Mat Pilates,Ninguno,24,No,Condesa,8472
2025-01-11,Daniela Rodríguez,Fitpass,Reformer,Reformer,0,Sí,Roma,226
2025-01-11,Sofía Morales,Paquete,Reformer,Reformer,8,No,Roma,3203
2025-01-11,Miguel Pérez,Fitpass,Cadillac,Cadillac,0,Sí,Roma,210
2025-01-11,Daniela López,Paquete,Cadillac,Cadillac,8,No,Roma,2933
2025-01-11,Camila Torres,Paquete,Reformer,Reformer,12,No,Roma,4284
2025-01-11,Regina Mendoza,Fitpass,Reformer,Reformer,0,Sí,Condesa,185
2025-01-11,Paula Díaz,Clase Individual,Reformer,Reformer,0,No,Condesa,492
2025-01-11,Santiago Vázquez,Clase Individual,Reformer,Reformer,0,No,Polanco,393
2025-01-11,Gabriela Hernández,Fitpass,Reformer,Reformer,0,Sí,Condesa,209
2025-01-11,Fernando Sánchez,Clase Individual,Reformer,Reformer,0,No,Condesa,429
2025-01-11,Fernanda Cruz,Fitpass,Reformer,Reformer,0,Sí,Condesa,187
2025-01-11,Sofía López,Paquete,Chair,Chair,12,No,Roma,4392
2025-01-11,Regina Gutiérrez,Paquete,Reformer,Reformer,24,No,Polanco,8304
2025-01-11,Javier Sánchez,Paquete,Reformer,Reformer,8,No,Condesa,3094
2025-01-11,Alejandro Torres,Clase Individual,Reformer,Reformer,0,No,Roma,509
2025-01-11,Santiago Hernández,Paquete,Mat Pilates,Ninguno,24,No,Roma,8500
2025-01-11,Ximena Flores,Paquete,Reformer,Reformer,8,No,Roma,2989
2025-01-12,Miguel Pérez,Fitpass,Reformer,Reformer,0,Sí,Roma,238
2025-01-12,Valeria Vázquez,Paquete,Mat Pilates,Ninguno,8,No,Roma,2938
2025-01-12,Ana Gutiérrez,Fitpass,Reformer,Reformer,0,Sí,Condesa,222
2025-01-12,Victoria Díaz,Fitpass,Chair,Chair,0,Sí,Roma,235
2025-01-12,Laura Hernández,Paquete,Mat Pilates,Ninguno,8,No,Condesa,3207
2025-01-12,Miguel Ramírez,Paquete,Reformer,Reformer,24,No,Polanco,8892
2025-01-12,Regina Cruz,Paquete,Chair,Chair,8,No,Roma,3052
2025-01-12,Natalia Díaz,Paquete,Cadillac,Cadillac,8,No,Polanco,3289
2025-01-12,Carolina Rodríguez,Fitpass,Reformer,Reformer,0,Sí,Polanco,239
2025-01-12,Paula Vázquez,Paquete,Mat Pilates,Ninguno,8,No,Roma,3049
2025-01-12,Diego García,Paquete,Reformer,Reformer,8,No,Polanco,3231
2025-01-12,Lucía Torres,Fitpass,Cadillac,Cadillac,0,Sí,Polanco,222
2025-01-12,Luis Jiménez,Paquete,Reformer,Reformer,8,No,Condesa,2982
2025-01-13,Andrea Hernández,Fitpass,Chair,Chair,0,Sí,Condesa,191
2025-01-13,Mateo Martínez,Paquete,Chair,Chair,8,No,Condesa,3263
2025-01-13,María García,Paquete,Reformer,Reformer,12,No,Roma,4516
2025-01-13,Sofía Gutiérrez,Fitpass,Reformer,Reformer,0,Sí,Roma,216
2025-01-13,Natalia Díaz,Fitpass,Cadillac,Cadillac,0,Sí,Roma,233
2025-01-13,Camila Flores,Paquete,Chair,Chair,24,No,Roma,8405
2025-01-13,Gabriela Reyes,Clase Individual,Chair,Chair,0,No,Polanco,457
2025-01-13,Lucía Rodríguez,Paquete,Reformer,Reformer,8,No,Condesa,3063
2025-01-13,Andrea Hernández,Fitpass,Mat Pilates,Ninguno,0,Sí,Condesa,235
2025-01-13,María Rodríguez,Paquete,Reformer,Reformer,8,No,Polanco,3115
2025-01-13,Natalia Sánchez,Paquete,Cadillac,Cadillac,8,No,Condesa,2906
2025-01-13,Paula García,Clase Individual,Chair,Chair,0,No,Condesa,503
2025-01-13,Laura Martínez,Paquete,Mat Pilates,Ninguno,8,No,Condesa,3248
2025-01-13,Carolina Torres,Fitpass,Chair,Chair,0,Sí,Polanco,195
2025-01-13,Mateo García,Paquete,Mat Pilates,Ninguno,12,No,Polanco,4676
2025-01-13,Natalia Vázquez,Fitpass,Reformer,Reformer,0,Sí,Roma,209
2025-01-13,Andrea Vázquez,Fitpass,Chair,Chair,0,Sí,Roma,184
2025-01-13,Luis Sánchez,Paquete,Reformer,Reformer,8,No,Roma,3158
2025-01-13,Fernando González,Paquete,Chair,Chair,8,No,Condesa,3164
2025-01-14,Victoria Gómez,Fitpass,Reformer,Reformer,0,Sí,Roma,191
2025-01-14,Victoria Reyes,Fitpass,Mat Pilates,Ninguno,0,Sí,Polanco,212
2025-01-14,Camila Ramírez,Fitpass,Reformer,Reformer,0,Sí,Polanco,202
2025-01-14,Ximena Gutiérrez,Fitpass,Mat Pilates,Ninguno,0,Sí,Polanco,183
2025-01-14,Rodrigo Morales,Clase Individual,Chair,Chair,0,No,Condesa,472
2025-01-14,Luis Cruz,Fitpass,Reformer,Reformer,0,Sí,Condesa,229
2025-01-14,Sofía Flores,Paquete,Cadillac,Cadillac,8,No,Polanco,3189
2025-01-14,Santiago Jiménez,Paquete,Mat Pilates,Ninguno,8,No,Condesa,2942
2025-01-14,Lucía Pérez,Fitpass,Reformer,Reformer,0,Sí,Polanco,222
2025-01-14,Lucía Morales,Clase Individual,Mat Pilates,Ninguno,0,No,Roma,397
2025-01-14,Carolina García,Paquete,Reformer,Reformer,8,No,Condesa,2902
2025-01-14,Natalia Pérez,Fitpass,Cadillac,Cadillac,0,Sí,Condesa,239
2025-01-14,Diego Hernández,Paquete,Reformer,Reformer,8,No,Condesa,2950
2025-01-14,Victoria Hernández,Paquete,Mat Pilates,Ninguno,8,No,Polanco,3088
2025-01-14,Camila Torres,Fitpass,Reformer,Reformer,0,Sí,Condesa,222
2025-01-14,Fernando Pérez,Paquete,Reformer,Reformer,12,No,Condesa,4378
2025-01-14,Natalia Pérez,Fitpass,Mat Pilates,Ninguno,0,Sí,Roma,189
2025-01-14,Diego López,Clase Individual,Chair,Chair,0,No,Roma,500
2025-01-14,Lucía López,Fitpass,Mat Pilates,Ninguno,0,Sí,Condesa,229
2025-01-14,Ana Vázquez,Clase Individual,Reformer,Reformer,0,No,Roma,388
2025-01-15,Claudia Cruz,Paquete,Cadillac,Cadillac,8,No,Polanco,3286
2025-01-15,Miguel Ramírez,Paquete,Mat Pilates,Ninguno,12,No,Condesa,4117
2025-01-15,Regina Ramírez,Fitpass,Reformer,Reformer,0,Sí,Roma,240
2025-01-15,Andrea Martínez,Fitpass,Reformer,Reformer,0,Sí,Condesa,211
2025-01-15,Mariana Flores,Fitpass,Reformer,Reformer,0,Sí,Roma,183
2025-01-15,Natalia González,Fitpass,Reformer,Reformer,0,Sí,Roma,217
2025-01-15,Fernanda Gutiérrez,Paquete,Chair,Chair,12,No,Polanco,4627
2025-01-15,Paula Rodríguez,Fitpass,Cadillac,Cadillac,0,Sí,Condesa,240
2025-01-15,Renata Vázquez,Paquete,Reformer,Reformer,12,No,Condesa,4424
2025-01-15,Andrea Vázquez,Clase Individual,Chair,Chair,0,No,Condesa,482
2025-01-15,Claudia García,Fitpass,Chair,Chair,0,Sí,Roma,238
2025-01-16,Valeria Martínez,Paquete,Reformer,Reformer,12,No,Roma,4643
2025-01-16,Lucía Sánchez,Paquete,Reformer,Reformer,12,No,Condesa,4187
2025-01-16,Diego Hernández,Fitpass,Reformer,Reformer,0,Sí,Roma,207
2025-01-16,Luis Díaz,Clase Individual,Reformer,Reformer,0,No,Condesa,462
2025-01-16,Fernando Martínez,Paquete,Mat Pilates,Ninguno,24,No,Condesa,8462
2025-01-16,Daniela Torres,Paquete,Reformer,Reformer,24,No,Condesa,8720
2025-01-16,Andrea Gutiérrez,Fitpass,Reformer,Reformer,0,Sí,Roma,207
2025-01-16,Fernando Jiménez,Paquete,Reformer,Reformer,8,No,Polanco,3127
2025-01-16,Alejandro Sánchez,Paquete,Reformer,Reformer,12,No,Roma,4242
2025-01-16,Javier Mendoza,Paquete,Reformer,Reformer,24,No,Polanco,7968
2025-01-16,Alejandro Gómez,Paquete,Reformer,Reformer,12,No,Polanco,4557
2025-01-16,Camila Sánchez,Paquete,Cadillac,Cadillac,12,No,Polanco,4125
2025-01-16,Gabriela López,Clase Individual,Chair,Chair,0,No,Condesa,444
2025-01-16,Diego González,Paquete,Reformer,Reformer,8,No,Polanco,3065
2025-01-16,Lucía Sánchez,Paquete,Reformer,Reformer,8,No,Roma,2970
2025-01-16,Camila Ramírez,Clase Individual,Reformer,Reformer,0,No,Roma,398
2025-01-16,Ximena Ramírez,Paquete,Mat Pilates,Ninguno,12,No,Condesa,4537
2025-01-17,Natalia González,Fitpass,Reformer,Reformer,0,Sí,Polanco,220
2025-01-17,Javier Hernández,Fitpass,Chair,Chair,0,Sí,Condesa,181
2025-01-17,Miguel Morales,Paquete,Reformer,Reformer,12,No,Roma,4380
2025-01-17,Santiago Morales,Paquete,Mat Pilates,Ninguno,24,No,Roma,8620
2025-01-17,Alejandro Torres,Paquete,Mat Pilates,Ninguno,12,No,Polanco,4381
2025-01-17,Camila Rodríguez,Fitpass,Reformer,Reformer,0,Sí,Roma,218
2025-01-17,Carolina Jiménez,Fitpass,Reformer,Reformer,0,Sí,Polanco,229
2025-01-17,Mateo González,Clase Individual,Mat Pilates,Ninguno,0,No,Roma,518
2025-01-17,Gabriela Gutiérrez,Paquete,Reformer,Reformer,12,No,Roma,4349
2025-01-17,Mariana Torres,Fitpass,Mat Pilates,Ninguno,0,Sí,Polanco,214
2025-01-17,Ana Cruz,Fitpass,Mat Pilates,Ninguno,0,Sí,Condesa,199
2025-01-17,Alejandro Rodríguez,Fitpass,Reformer,Reformer,0,Sí,Condesa,235
2025-01-17,Natalia García,Paquete,Reformer,Reformer,8,No,Polanco,3118
2025-01-17,Valeria Gutiérrez,Paquete,Reformer,Reformer,12,No,Roma,4539
2025-01-17,Alejandro Vázquez,Paquete,Reformer,Reformer,8,No,Roma,3058
2025-01-18,Natalia Torres,Clase Individual,Reformer,Reformer,0,No,Condesa,514
2025-01-18,Renata Ramírez,Paquete,Reformer,Reformer,8,No,Condesa,3162
2025-01-18,Mariana Torres,Clase Individual,Reformer,Reformer,0,No,Polanco,484
2025-01-18,Ximena Sánchez,Fitpass,Mat Pilates,Ninguno,0,Sí,Polanco,216
2025-01-18,Rodrigo Mendoza,Fitpass,Reformer,Reformer,0,Sí,Roma,239
2025-01-18,Renata Mendoza,Fitpass,Mat Pilates,Ninguno,0,Sí,Roma,240
2025-01-18,Santiago Martínez,Paquete,Reformer,Reformer,8,No,Roma,3048
2025-01-18,Regina Rodríguez,Paquete,Cadillac,Cadillac,8,No,Roma,3114
2025-01-18,Fernando Hernández,Fitpass,Chair,Chair,0,Sí,Roma,228
2025-01-18,Gabriela Jiménez,Paquete,Reformer,Reformer,8,No,Roma,2985
2025-01-18,Ximena Vázquez,Paquete,Reformer,Reformer,8,No,Roma,3047
2025-01-18,Rodrigo Morales,Paquete,Reformer,Reformer,24,No,Condesa,8375
2025-01-18,Regina Hernández,Clase Individual,Mat Pilates,Ninguno,0,No,Condesa,397
2025-01-18,Renata Ramírez,Paquete,Reformer,Reformer,8,No,Roma,3246
2025-01-18,Javier Rodríguez,Fitpass,Reformer,Reformer,0,Sí,Roma,221
2025-01-19,Valeria Hernández,Paquete,Reformer,Reformer,12,No,Condesa,4306
2025-01-19,Regina Sánchez,Clase Individual,Reformer,Reformer,0,No,Polanco,443
2025-01-19,Javier Sánchez,Fitpass,Reformer,Reformer,0,Sí,Roma,217
2025-01-19,Diego Martínez,Paquete,Reformer,Reformer,24,No,Polanco,8149
2025-01-19,Sofía Díaz,Paquete,Cadillac,Cadillac,8,No,Condesa,3257
2025-01-19,Ana Morales,Clase Individual,Reformer,Reformer,0,No,Condesa,493
2025-01-19,Fernanda Hernández,Fitpass,Mat Pilates,Ninguno,0,Sí,Condesa,218
2025-01-19,Natalia Morales,Clase Individual,Reformer,Reformer,0,No,Condesa,441
2025-01-19,Javier González,Fitpass,Reformer,Reformer,0,Sí,Condesa,223
2025-01-19,Claudia Hernández,Paquete,Reformer,Reformer,8,No,Condesa,2903
2025-01-19,Lucía Flores,Paquete,Reformer,Reformer,24,No,Roma,7921
2025-01-19,Fernanda Cruz,Clase Individual,Reformer,Reformer,0,No,Roma,510
2025-01-19,Diego García,Paquete,Mat Pilates,Ninguno,12,No,Roma,4491
2025-01-20,Sofía Flores,Clase Individual,Reformer,Reformer,0,No,Roma,385
2025-01-20,Carolina Ramírez,Fitpass,Cadillac,Cadillac,0,Sí,Roma,232
2025-01-20,Fernanda González,Clase Individual,Chair,Chair,0,No,Roma,385
2025-01-20,Daniela Reyes,Paquete,Reformer,Reformer,8,No,Polanco,2964
2025-01-20,Diego Vázquez,Fitpass,Mat Pilates,Ninguno,0,Sí,Condesa,233
2025-01-20,María Flores,Clase Individual,Cadillac,Cadillac,0,No,Roma,438
2025-01-20,Renata Flores,Paquete,Cadillac,Cadillac,12,No,Roma,4332
2025-01-20,Mateo Rodríguez,Clase Individual,Reformer,Reformer,0,No,Condesa,444
2025-01-20,Renata García,Clase Individual,Chair,Chair,0,No,Polanco,475
2025-01-20,Camila Hernández,Paquete,Reformer,Reformer,8,No,Polanco,2925
2025-01-20,Victoria Flores,Fitpass,Chair,Chair,0,Sí,Roma,186
2025-01-20,Valeria Flores,Fitpass,Mat Pilates,Ninguno,0,Sí,Roma,214
2025-01-20,Ximena Hernández,Fitpass,Reformer,Reformer,0,Sí,Polanco,218
2025-01-20,Mateo Cruz,Paquete,Mat Pilates,Ninguno,8,No,Roma,2941
2025-01-20,Miguel Mendoza,Paquete,Mat Pilates,Ninguno,8,No,Roma,3094
2025-01-20,Fernanda Morales,Paquete,Reformer,Reformer,12,No,Polanco,4607
2025-01-20,Fernanda González,Paquete,Cadillac,Cadillac,12,No,Roma,4633
2025-01-20,Sofía Sánchez,Clase Individual,Cadillac,Cadillac,0,No,Polanco,502
2025-01-20,María Cruz,Fitpass,Chair,Chair,0,Sí,Condesa,206
2025-01-21,Santiago Díaz,Fitpass,Cadillac,Cadillac,0,Sí,Polanco,193
2025-01-21,Natalia Martínez,Paquete,Reformer,Reformer,8,No,Roma,3014
2025-01-21,Diego Ramírez,Fitpass,Reformer,Reformer,0,Sí,Polanco,238
2025-01-21,Victoria Hernández,Clase Individual,Reformer,Reformer,0,No,Roma,473
2025-01-21,Mateo Martínez,Fitpass,Mat Pilates,Ninguno,0,Sí,Condesa,219
2025-01-21,Regina Díaz,Clase Individual,Cadillac,Cadillac,0,No,Condesa,395
2025-01-21,Alejandro Reyes,Fitpass,Reformer,Reformer,0,Sí,Polanco,185
2025-01-21,Santiago Díaz,Paquete,Reformer,Reformer,8,No,Roma,2919
2025-01-21,Carlos Reyes,Paquete,Reformer,Reformer,8,No,Polanco,3153
2025-01-21,Santiago Ramírez,Paquete,Cadillac,Cadillac,8,No,Roma,3051
2025-01-21,Sofía Rodríguez,Paquete,Reformer,Reformer,12,No,Roma,4489
2025-01-21,Laura Sánchez,Fitpass,Cadillac,Cadillac,0,Sí,Condesa,195
2025-01-21,Regina Martínez,Clase Individual,Cadillac,Cadillac,0,No,Polanco,469
2025-01-21,Sofía Díaz,Fitpass,Cadillac,Cadillac,0,Sí,Polanco,203
2025-01-22,Claudia Vázquez,Clase Individual,Reformer,Reformer,0,No,Polanco,519
2025-01-22,Luis Vázquez,Fitpass,Reformer,Reformer,0,Sí,Polanco,182
2025-01-22,Miguel Sánchez,Fitpass,Reformer,Reformer,0,Sí,Roma,195
2025-01-22,Fernanda Rodríguez,Paquete,Chair,Chair,24,No,Condesa,8095
2025-01-22,Valeria Sánchez,Fitpass,Reformer,Reformer,0,Sí,Polanco,217
2025-01-22,Andrea Gutiérrez,Paquete,Reformer,Reformer,12,No,Roma,4473
2025-01-22,Mariana Reyes,Fitpass,Chair,Chair,0,Sí,Roma,184
2025-01-22,Mateo López,Paquete,Mat Pilates,Ninguno,8,No,Condesa,3014
2025-01-22,Lucía Pérez,Paquete,Reformer,Reformer,12,No,Roma,4538
2025-01-22,Fernando Martínez,Paquete,Reformer,Reformer,8,No,Roma,2973
2025-01-22,Andrea Morales,Fitpass,Reformer,Reformer,0,Sí,Roma,240
2025-01-22,Paula Reyes,Fitpass,Reformer,Reformer,0,Sí,Condesa,216
2025-01-22,Fernanda Hernández,Fitpass,Mat Pilates,Ninguno,0,Sí,Roma,222
2025-01-22,Valeria Cruz,Fitpass,Reformer,Reformer,0,Sí,Polanco,181
2025-01-22,Rodrigo López,Paquete,Reformer,Reformer,12,No,Roma,4539
2025-01-22,Ximena Martínez,Paquete,Reformer,Reformer,8,No,Polanco,3053
2025-01-22,Carolina Torres,Fitpass,Reformer,Reformer,0,Sí,Condesa,197
2025-01-22,Santiago Mendoza,Fitpass,Reformer,Reformer,0,Sí,Roma,236
2025-01-22,Regina Vázquez,Paquete,Chair,Chair,8,No,Condesa,2932
2025-01-22,Daniela Gutiérrez,Paquete,Reformer,Reformer,8,No,Condesa,3166
2025-01-22,Carolina López,Clase Individual,Mat Pilates,Ninguno,0,No,Condesa,481
2025-01-22,Lucía Jiménez,Clase Individual,Mat Pilates,Ninguno,0,No,Roma,396
2025-01-22,Miguel López,Fitpass,Cadillac,Cadillac,0,Sí,Roma,218
2025-01-23,Fernanda Morales,Paquete,Reformer,Reformer,8,No,Roma,2911
2025-01-23,Rodrigo González,Fitpass,Chair,Chair,0,Sí,Condesa,234
2025-01-23,Valeria Morales,Fitpass,Reformer,Reformer,0,Sí,Polanco,236
2025-01-23,Sofía Sánchez,Paquete,Chair,Chair,8,No,Polanco,3139
2025-01-23,Claudia González,Clase Individual,Mat Pilates,Ninguno,0,No,Roma,465
2025-01-23,Santiago Gutiérrez,Fitpass,Reformer,Reformer,0,Sí,Polanco,231
2025-01-23,Diego Mendoza,Fitpass,Reformer,Reformer,0,Sí,Polanco,184
2025-01-23,Valeria Flores,Paquete,Chair,Chair,12,No,Roma,4161
2025-01-23,Javier Jiménez,Paquete,Reformer,Reformer,12,No,Condesa,4376
2025-01-23,Daniela López,Clase Individual,Reformer,Reformer,0,No,Condesa,416
2025-01-23,Sofía Flores,Clase Individual,Mat Pilates,Ninguno,0,No,Condesa,412
2025-01-23,Fernanda Vázquez,Paquete,Chair,Chair,24,No,Roma,8647
2025-01-23,Regina Pérez,Fitpass,Chair,Chair,0,Sí,Condesa,202
2025-01-23,Sofía Jiménez,Fitpass,Reformer,Reformer,0,Sí,Condesa,229
2025-01-23,Claudia Pérez,Clase Individual,Reformer,Reformer,0,No,Condesa,386
2025-01-23,Regina Morales,Fitpass,Mat Pilates,Ninguno,0,Sí,Roma,189
2025-01-23,Gabriela Reyes,Fitpass,Reformer,Reformer,0,Sí,Roma,211
2025-01-24,Gabriela Jiménez,Fitpass,Reformer,Reformer,0,Sí,Condesa,181
2025-01-24,Gabriela Ramírez,Paquete,Reformer,Reformer,8,No,Roma,3224
2025-01-24,Miguel Pérez,Paquete,Mat Pilates,Ninguno,8,No,Condesa,3131
2025-01-24,Renata Reyes,Fitpass,Reformer,Reformer,0,Sí,Condesa,192
2025-01-24,Valeria Vázquez,Paquete,Cadillac,Cadillac,12,No,Roma,4476
2025-01-24,Fernando Jiménez,Paquete,Reformer,Reformer,8,No,Polanco,2982
2025-01-24,Rodrigo Torres,Paquete,Cadillac,Cadillac,12,No,Polanco,4499
2025-01-24,Valeria Hernández,Clase Individual,Chair,Chair,0,No,Condesa,445
2025-01-24,Carlos Martínez,Clase Individual,Cadillac,Cadillac,0,No,Condesa,488
2025-01-24,María Cruz,Clase Individual,Reformer,Reformer,0,No,Condesa,478
2025-01-24,Santiago Martínez,Paquete,Reformer,Reformer,8,No,Polanco,2969
2025-01-24,Carolina Sánchez,Paquete,Chair,Chair,12,No,Polanco,4663
2025-01-24,María Rodríguez,Paquete,Reformer,Reformer,8,No,Condesa,3287
2025-01-25,Mateo Gómez,Clase Individual,Reformer,Reformer,0,No,Polanco,504
2025-01-25,Paula López,Paquete,Reformer,Reformer,8,No,Roma,2906
2025-01-25,Mariana Torres,Paquete,Reformer,Reformer,8,No,Roma,2909
2025-01-25,Andrea Cruz,Clase Individual,Reformer,Reformer,0,No,Roma,427
2025-01-25,Fernanda Rodríguez,Fitpass,Mat Pilates,Ninguno,0,Sí,Condesa,189
2025-01-25,Rodrigo Mendoza,Clase Individual,Reformer,Reformer,0,No,Condesa,459
2025-01-25,Lucía Gutiérrez,Fitpass,Reformer,Reformer,0,Sí,Roma,232
2025-01-25,Gabriela González,Fitpass,Cadillac,Cadillac,0,Sí,Roma,198
2025-01-25,Claudia Pérez,Fitpass,Chair,Chair,0,Sí,Roma,199
2025-01-25,Mariana Jiménez,Fitpass,Reformer,Reformer,0,Sí,Roma,215
2025-01-25,Paula Vázquez,Paquete,Reformer,Reformer,12,No,Condesa,4199
2025-01-25,Santiago Martínez,Paquete,Mat Pilates,Ninguno,12,No,Polanco,4323
2025-01-25,Fernanda Gómez,Fitpass,Cadillac,Cadillac,0,Sí,Polanco,189
2025-01-25,Mateo Martínez,Clase Individual,Reformer,Reformer,0,No,Condesa,419
2025-01-25,Regina Rodríguez,Paquete,Mat Pilates,Ninguno,8,No,Condesa,2952
2025-01-26,Camila Torres,Fitpass,Mat Pilates,Ninguno,0,Sí,Polanco,192
2025-01-26,Alejandro Mendoza,Paquete,Reformer,Reformer,24,No,Roma,8652
2025-01-26,Renata Flores,Clase Individual,Reformer,Reformer,0,No,Polanco,415
2025-01-26,Gabriela Hernández,Paquete,Reformer,Reformer,8,No,Roma,3045
2025-01-26,Ximena Torres,Fitpass,Chair,Chair,0,Sí,Polanco,200
2025-01-26,Fernanda Gutiérrez,Fitpass,Chair,Chair,0,Sí,Polanco,190
2025-01-26,Alejandro Rodríguez,Clase Individual,Chair,Chair,0,No,Roma,414
2025-01-26,Fernanda Díaz,Paquete,Mat Pilates,Ninguno,12,No,Roma,4259
2025-01-26,Fernanda Flores,Fitpass,Reformer,Reformer,0,Sí,Polanco,220
2025-01-26,Camila Rodríguez,Clase Individual,Reformer,Reformer,0,No,Roma,455
2025-01-26,Mateo Rodríguez,Fitpass,Chair,Chair,0,Sí,Condesa,195
2025-01-26,Valeria Flores,Fitpass,Mat Pilates,Ninguno,0,Sí,Roma,226
2025-01-26,Miguel Sánchez,Clase Individual,Reformer,Reformer,0,No,Polanco,451
2025-01-26,Ximena Sánchez,Clase Individual,Reformer,Reformer,0,No,Condesa,414
2025-01-26,Valeria Flores,Clase Individual,Mat Pilates,Ninguno,0,No,Polanco,450
2025-01-26,Valeria Hernández,Paquete,Reformer,Reformer,12,No,Roma,4125
2025-01-26,Luis Morales,Clase Individual,Reformer,Reformer,0,No,Roma,459
2025-01-26,Fernando Gómez,Paquete,Reformer,Reformer,8,No,Polanco,2910
2025-01-26,Daniela Gómez,Fitpass,Reformer,Reformer,0,Sí,Roma,238
2025-01-26,Alejandro Sánchez,Paquete,Cadillac,Cadillac,8,No,Condesa,3017
2025-01-26,Andrea Martínez,Paquete,Cadillac,Cadillac,24,No,Roma,8444
2025-01-27,Daniela Gutiérrez,Paquete,Cadillac,Cadillac,12,No,Condesa,4501
2025-01-27,Diego Gutiérrez,Paquete,Cadillac,Cadillac,8,No,Condesa,2908
2025-01-27,Fernanda Hernández,Clase Individual,Reformer,Reformer,0,No,Condesa,428
2025-01-27,Claudia García,Fitpass,Reformer,Reformer,0,Sí,Roma,202
2025-01-27,Natalia Díaz,Paquete,Reformer,Reformer,24,No,Polanco,8221
2025-01-27,Rodrigo Torres,Paquete,Reformer,Reformer,8,No,Condesa,3005
2025-01-27,Diego Pérez,Paquete,Cadillac,Cadillac,8,No,Polanco,3135
2025-01-27,Alejandro Pérez,Paquete,Reformer,Reformer,8,No,Condesa,3010
2025-01-27,Claudia Hernández,Clase Individual,Reformer,Reformer,0,No,Condesa,402
2025-01-27,Laura Flores,Fitpass,Cadillac,Cadillac,0,Sí,Condesa,220
2025-01-27,Natalia Ramírez,Fitpass,Chair,Chair,0,Sí,Roma,225
2025-01-27,Carolina Torres,Paquete,Cadillac,Cadillac,12,No,Polanco,4452
2025-01-28,Renata Morales,Clase Individual,Reformer,Reformer,0,No,Roma,455
2025-01-28,Javier Torres,Fitpass,Reformer,Reformer,0,Sí,Polanco,185
2025-01-28,Mateo Pérez,Fitpass,Reformer,Reformer,0,Sí,Condesa,189
2025-01-28,Andrea Gómez,Paquete,Chair,Chair,24,No,Roma,8125
2025-01-28,Alejandro Martínez,Fitpass,Mat Pilates,Ninguno,0,Sí,Polanco,230
2025-01-28,Natalia Reyes,Paquete,Reformer,Reformer,8,No,Condesa,3106
2025-01-28,Regina Sánchez,Fitpass,Reformer,Reformer,0,Sí,Condesa,214
2025-01-28,Rodrigo Sánchez,Paquete,Chair,Chair,8,No,Polanco,3284
2025-01-28,Luis Pérez,Paquete,Reformer,Reformer,8,No,Polanco,2902
2025-01-28,Miguel Gutiérrez,Fitpass,Chair,Chair,0,Sí,Condesa,182
2025-01-28,Lucía Ramírez,Fitpass,Chair,Chair,0,Sí,Polanco,226
2025-01-28,Andrea González,Fitpass,Cadillac,Cadillac,0,Sí,Condesa,214
2025-01-28,Daniela Flores,Paquete,Reformer,Reformer,8,No,Condesa,3010
2025-01-28,Gabriela Reyes,Clase Individual,Reformer,Reformer,0,No,Roma,408
2025-01-28,Daniela González,Paquete,Chair,Chair,24,No,Polanco,8384
2025-01-28,María Díaz,Fitpass,Reformer,Reformer,0,Sí,Roma,199
2025-01-29,Daniela Morales,Paquete,Chair,Chair,12,No,Roma,4533
2025-01-29,Luis Pérez,Clase Individual,Chair,Chair,0,No,Roma,409
2025-01-29,Gabriela Gómez,Clase Individual,Reformer,Reformer,0,No,Polanco,487
2025-01-29,Lucía Torres,Clase Individual,Reformer,Reformer,0,No,Condesa,407
2025-01-29,Carolina Torres,Fitpass,Reformer,Reformer,0,Sí,Condesa,187
2025-01-29,Mariana Díaz,Clase Individual,Mat Pilates,Ninguno,0,No,Roma,457
2025-01-29,Santiago Hernández,Paquete,Reformer,Reformer,12,No,Polanco,4470
2025-01-29,Ana Cruz,Paquete,Cadillac,Cadillac,8,No,Condesa,3001
2025-01-29,Daniela Sánchez,Paquete,Chair,Chair,8,No,Condesa,3206
2025-01-29,Renata Jiménez,Paquete,Cadillac,Cadillac,12,No,Condesa,4655
2025-01-29,Santiago Jiménez,Paquete,Reformer,Reformer,12,No,Polanco,4477
2025-01-29,Ximena Flores,Paquete,Reformer,Reformer,24,No,Condesa,8410
2025-01-29,Paula Cruz,Paquete,Cadillac,Cadillac,12,No,Polanco,4174
2025-01-29,Mateo Pérez,Paquete,Reformer,Reformer,24,No,Roma,8065
2025-01-29,Diego Martínez,Clase Individual,Chair,Chair,0,No,Condesa,473
2025-01-29,Daniela Vázquez,Paquete,Reformer,Reformer,12,No,Condesa,4630
2025-01-29,Santiago Hernández,Fitpass,Reformer,Reformer,0,Sí,Condesa,234
2025-01-29,Camila Gómez,Fitpass,Chair,Chair,0,Sí,Roma,218
2025-01-29,Carlos Sánchez,Paquete,Mat Pilates,Ninguno,8,No,Roma,3026
2025-01-29,Ximena Pérez,Fitpass,Chair,Chair,0,Sí,Condesa,210
2025-01-29,Ximena Sánchez,Fitpass,Mat Pilates,Ninguno,0,Sí,Roma,188
2025-01-30,Mateo Sánchez,Fitpass,Reformer,Reformer,0,Sí,Condesa,225
2025-01-30,Carlos Morales,Paquete,Mat Pilates,Ninguno,12,No,Condesa,4696
2025-01-30,Fernando González,Fitpass,Mat Pilates,Ninguno,0,Sí,Polanco,211
2025-01-30,Sofía Mendoza,Clase Individual,Reformer,Reformer,0,No,Condesa,515
2025-01-30,Rodrigo García,Fitpass,Reformer,Reformer,0,Sí,Roma,214
2025-01-30,Fernando Díaz,Clase Individual,Chair,Chair,0,No,Condesa,502
2025-01-30,Gabriela Mendoza,Fitpass,Mat Pilates,Ninguno,0,Sí,Polanco,203
2025-01-30,Daniela Martínez,Paquete,Cadillac,Cadillac,12,No,Condesa,4615
2025-01-30,Andrea Jiménez,Clase Individual,Mat Pilates,Ninguno,0,No,Roma,442
2025-01-30,Carolina Vázquez,Fitpass,Reformer,Reformer,0,Sí,Roma,225
2025-01-30,Carolina Rodríguez,Clase Individual,Reformer,Reformer,0,No,Roma,404
2025-01-30,Ximena González,Fitpass,Reformer,Reformer,0,Sí,Roma,227
2025-01-30,Alejandro Jiménez,Fitpass,Mat Pilates,Ninguno,0,Sí,Condesa,181
2025-01-30,Santiago Hernández,Paquete,Reformer,Reformer,8,No,Condesa,3203
2025-01-30,Valeria Morales,Clase Individual,Reformer,Reformer,0,No,Polanco,479
2025-01-30,Camila Torres,Paquete,Mat Pilates,Ninguno,12,No,Condesa,4174
2025-01-30,Renata González,Fitpass,Chair,Chair,0,Sí,Polanco,215
2025-01-30,Luis González,Clase Individual,Reformer,Reformer,0,No,Condesa,519
2025-01-30,Fernanda Vázquez,Fitpass,Chair,Chair,0,Sí,Condesa,200
2025-01-30,Fernando Ramírez,Paquete,Reformer,Reformer,8,No,Roma,3184
2025-01-30,Laura Ramírez,Paquete,Reformer,Reformer,8,No,Roma,2969
2025-01-30,Camila Torres,Clase Individual,Mat Pilates,Ninguno,0,No,Roma,482
2025-01-31,Lucía Torres,Fitpass,Cadillac,Cadillac,0,Sí,Condesa,186
2025-01-31,Camila Martínez,Fitpass,Reformer,Reformer,0,Sí,Condesa,230
2025-01-31,Luis Sánchez,Fitpass,Reformer,Reformer,0,Sí,Roma,191
2025-01-31,Mateo Díaz,Fitpass,Mat Pilates,Ninguno,0,Sí,Condesa,223
2025-01-31,Daniela Mendoza,Paquete,Reformer,Reformer,12,No,Roma,4600
2025-01-31,Camila Flores,Fitpass,Chair,Chair,0,Sí,Polanco,205
2025-01-31,Santiago Gómez,Paquete,Reformer,Reformer,12,No,Roma,4580
2025-01-31,Victoria Sánchez,Fitpass,Reformer,Reformer,0,Sí,Condesa,183
2025-01-31,Natalia García,Clase Individual,Cadillac,Cadillac,0,No,Condesa,500
2025-01-31,Ximena García,Clase Individual,Reformer,Reformer,0,No,Roma,397
2025-01-31,Laura Gutiérrez,Fitpass,Reformer,Reformer,0,Sí,Roma,183
2025-01-31,Javier Morales,Fitpass,Chair,Chair,0,Sí,Condesa,210
2025-01-31,Miguel Gutiérrez,Clase Individual,Reformer,Reformer,0,No,Roma,470
2025-01-31,Santiago Morales,Clase Individual,Reformer,Reformer,0,No,Roma,402
2025-01-31,Carolina Cruz,Paquete,Mat Pilates,Ninguno,8,No,Condesa,2988
2025-02-01,Paula Rodríguez,Clase Individual,Chair,Chair,0,No,Roma,478
2025-02-01,Laura Martínez,Paquete,Reformer,Reformer,8,No,Condesa,2961
2025-02-01,Ximena Sánchez,Fitpass,Cadillac,Cadillac,0,Sí,Polanco,238
2025-02-01,Luis Morales,Paquete,Mat Pilates,Ninguno,8,No,Roma,3056
2025-02-01,Valeria Morales,Paquete,Cadillac,Cadillac,8,No,Condesa,2903
2025-02-01,Daniela López,Paquete,Reformer,Reformer,12,No,Roma,4549
2025-02-01,Diego Sánchez,Fitpass,Chair,Chair,0,Sí,Roma,214
2025-02-01,Ximena Sánchez,Fitpass,Mat Pilates,Ninguno,0,Sí,Polanco,213
2025-02-01,Fernando Vázquez,Clase Individual,Reformer,Reformer,0,No,Condesa,434
2025-02-01,Victoria Gómez,Fitpass,Mat Pilates,Ninguno,0,Sí,Roma,222
2025-02-01,Renata Reyes,Paquete,Chair,Chair,8,No,Roma,3121
2025-02-01,Claudia Ramírez,Fitpass,Mat Pilates,Ninguno,0,Sí,Condesa,208
2025-02-01,Lucía Vázquez,Fitpass,Reformer,Reformer,0,Sí,Roma,196
2025-02-01,Mateo Rodríguez,Fitpass,Chair,Chair,0,Sí,Condesa,215
2025-02-01,Fernanda Gutiérrez,Fitpass,Mat Pilates,Ninguno,0,Sí,Roma,187
2025-02-01,Carolina Díaz,Clase Individual,Cadillac,Cadillac,0,No,Condesa,416
2025-02-02,Victoria Jiménez,Fitpass,Reformer,Reformer,0,Sí,Condesa,183
2025-02-02,Claudia Martínez,Paquete,Mat Pilates,Ninguno,8,No,Polanco,3025
2025-02-02,Carolina Rodríguez,Fitpass,Reformer,Reformer,0,Sí,Roma,194
2025-02-02,Luis Mendoza,Fitpass,Reformer,Reformer,0,Sí,Condesa,225
2025-02-02,Diego Martínez,Paquete,Reformer,Reformer,8,No,Condesa,3181
2025-02-02,Renata Reyes,Paquete,Mat Pilates,Ninguno,8,No,Condesa,2951
2025-02-02,Daniela Gómez,Paquete,Reformer,Reformer,8,No,Roma,3201
2025-02-02,Andrea Jiménez,Fitpass,Chair,Chair,0,Sí,Condesa,194
2025-02-02,Valeria García,Clase Individual,Chair,Chair,0,No,Polanco,424
2025-02-02,Fernando Mendoza,Fitpass,Cadillac,Cadillac,0,Sí,Condesa,200
2025-02-02,Fernanda Torres,Clase Individual,Cadillac,Cadillac,0,No,Condesa,413
2025-02-02,Mariana Jiménez,Fitpass,Reformer,Reformer,0,Sí,Condesa,194
2025-02-02,Miguel Sánchez,Paquete,Cadillac,Cadillac,24,No,Roma,8602
2025-02-03,Andrea Torres,Clase Individual,Chair,Chair,0,No,Condesa,420
2025-02-03,Mariana Hernández,Paquete,Cadillac,Cadillac,8,No,Condesa,2951
2025-02-03,Claudia Gutiérrez,Paquete,Reformer,Reformer,12,No,Roma,4639
2025-02-03,Valeria Pérez,Clase Individual,Chair,Chair,0,No,Condesa,389
2025-02-03,Daniela Gutiérrez,Paquete,Reformer,Reformer,24,No,Roma,8510
2025-02-03,Natalia Torres,Fitpass,Reformer,Reformer,0,Sí,Polanco,219
2025-02-03,Mateo Sánchez,Fitpass,Mat Pilates,Ninguno,0,Sí,Roma,184
2025-02-03,Ana González,Paquete,Cadillac,Cadillac,12,No,Roma,4313
2025-02-03,Gabriela García,Fitpass,Reformer,Reformer,0,Sí,Polanco,186
2025-02-03,Laura Martínez,Paquete,Chair,Chair,24,No,Polanco,8845
2025-02-04,Natalia Vázquez,Fitpass,Chair,Chair,0,Sí,Roma,217
2025-02-04,Alejandro Jiménez,Fitpass,Reformer,Reformer,0,Sí,Polanco,210
2025-02-04,Renata Morales,Fitpass,Reformer,Reformer,0,Sí,Polanco,206
2025-02-04,Gabriela Gómez,Fitpass,Mat Pilates,Ninguno,0,Sí,Condesa,207
2025-02-04,Daniela Pérez,Paquete,Reformer,Reformer,8,No,Polanco,3107
2025-02-04,Regina García,Fitpass,Reformer,Reformer,0,Sí,Roma,223
2025-02-04,Alejandro Martínez,Fitpass,Reformer,Reformer,0,Sí,Polanco,180
2025-02-04,Ana López,Fitpass,Cadillac,Cadillac,0,Sí,Polanco,189
2025-02-04,Santiago Torres,Paquete,Cadillac,Cadillac,12,No,Roma,4536
2025-02-04,Luis García,Paquete,Reformer,Reformer,24,No,Condesa,8197
2025-02-04,Mariana Cruz,Paquete,Reformer,Reformer,8,No,Roma,2993
2025-02-04,Andrea Jiménez,Fitpass,Reformer,Reformer,0,Sí,Roma,194
2025-02-04,Ximena Pérez,Fitpass,Mat Pilates,Ninguno,0,Sí,Roma,229
2025-02-04,Mateo Sánchez,Paquete,Reformer,Reformer,8,No,Roma,3211
2025-02-04,Rodrigo Ramírez,Fitpass,Chair,Chair,0,Sí,Roma,229
2025-02-04,Ximena García,Paquete,Chair,Chair,8,No,Condesa,3147
2025-02-04,Fernando Ramírez,Fitpass,Mat Pilates,Ninguno,0,Sí,Polanco,233
2025-02-04,Diego López,Clase Individual,Chair,Chair,0,No,Roma,470
2025-02-04,Luis Mendoza,Fitpass,Chair,Chair,0,Sí,Condesa,194
2025-02-04,Alejandro Pérez,Clase Individual,Mat Pilates,Ninguno,0,No,Roma,413
2025-02-04,Laura Vázquez,Paquete,Reformer,Reformer,8,No,Condesa,2966
2025-02-05,Regina Vázquez,Paquete,Mat Pilates,Ninguno,12,No,Polanco,4252
2025-02-05,Mateo Pérez,Paquete,Reformer,Reformer,8,No,Condesa,3280
2025-02-05,Victoria Pérez,Fitpass,Reformer,Reformer,0,Sí,Condesa,201
2025-02-05,Laura Gutiérrez,Clase Individual,Mat Pilates,Ninguno,0,No,Polanco,423
2025-02-05,Paula Torres,Clase Individual,Mat Pilates,Ninguno,0,No,Condesa,407
2025-02-05,Camila Cruz,Fitpass,Reformer,Reformer,0,Sí,Polanco,208
2025-02-05,Gabriela Ramírez,Clase Individual,Chair,Chair,0,No,Polanco,519
2025-02-05,Lucía Díaz,Fitpass,Cadillac,Cadillac,0,Sí,Roma,181
2025-02-05,Laura Reyes,Clase Individual,Reformer,Reformer,0,No,Polanco,442
2025-02-05,Daniela Ramírez,Fitpass,Reformer,Reformer,0,Sí,Condesa,192
2025-02-05,Renata Ramírez,Paquete,Cadillac,Cadillac,8,No,Condesa,3246
2025-02-05,Gabriela Flores,Fitpass,Reformer,Reformer,0,Sí,Condesa,233
2025-02-06,Carlos Ramírez,Fitpass,Mat Pilates,Ninguno,0,Sí,Roma,205
2025-02-06,Lucía Hernández,Fitpass,Reformer,Reformer,0,Sí,Roma,200
2025-02-06,Santiago Díaz,Fitpass,Chair,Chair,0,Sí,Condesa,208
2025-02-06,Lucía García,Paquete,Reformer,Reformer,24,No,Roma,7973
2025-02-06,Gabriela Mendoza,Fitpass,Reformer,Reformer,0,Sí,Roma,236
2025-02-06,Daniela López,Clase Individual,Chair,Chair,0,No,Polanco,433
2025-02-06,Alejandro Díaz,Paquete,Mat Pilates,Ninguno,12,No,Polanco,4524
2025-02-06,Paula Mendoza,Paquete,Chair,Chair,12,No,Condesa,4483
2025-02-06,Alejandro Sánchez,Fitpass,Reformer,Reformer,0,Sí,Roma,187
2025-02-06,Renata Cruz,Paquete,Chair,Chair,8,No,Condesa,3278
2025-02-06,Lucía González,Fitpass,Reformer,Reformer,0,Sí,Roma,198
2025-02-06,Santiago Gutiérrez,Paquete,Mat Pilates,Ninguno,8,No,Polanco,3038
2025-02-06,Ximena Sánchez,Paquete,Reformer,Reformer,12,No,Condesa,4635
2025-02-06,Mariana Jiménez,Paquete,Cadillac,Cadillac,24,No,Roma,8867
2025-02-06,Valeria Vázquez,Fitpass,Reformer,Reformer,0,Sí,Polanco,215
2025-02-06,Victoria Gómez,Paquete,Mat Pilates,Ninguno,8,No,Polanco,3026
2025-02-06,Regina Reyes,Paquete,Chair,Chair,12,No,Condesa,4160
2025-02-07,Valeria Vázquez,Paquete,Reformer,Reformer,8,No,Condesa,3088
2025-02-07,Carlos Sánchez,Fitpass,Reformer,Reformer,0,Sí,Condesa,225
2025-02-07,Ximena Martínez,Clase Individual,Mat Pilates,Ninguno,0,No,Roma,498
2025-02-07,Valeria Díaz,Clase Individual,Mat Pilates,Ninguno,0,No,Condesa,431
2025-02-07,Valeria García,Clase Individual,Mat Pilates,Ninguno,0,No,Polanco,519
2025-02-07,Luis Gutiérrez,Paquete,Reformer,Reformer,12,No,Condesa,4496
2025-02-07,Paula Morales,Paquete,Cadillac,Cadillac,8,No,Polanco,3271
2025-02-07,Daniela Vázquez,Paquete,Reformer,Reformer,8,No,Condesa,3034
2025-02-07,Diego Mendoza,Paquete,Chair,Chair,8,No,Roma,3289
2025-02-08,María Jiménez,Paquete,Cadillac,Cadillac,12,No,Roma,4164
2025-02-08,Mariana Hernández,Fitpass,Chair,Chair,0,Sí,Condesa,203
2025-02-08,Laura González,Fitpass,Chair,Chair,0,Sí,Roma,183
2025-02-08,Laura Mendoza,Paquete,Chair,Chair,12,No,Condesa,4188
2025-02-08,Renata García,Paquete,Chair,Chair,12,No,Polanco,4299
2025-02-08,Natalia Ramírez,Paquete,Reformer,Reformer,12,No,Condesa,4340
2025-02-08,Ximena Jiménez,Fitpass,Cadillac,Cadillac,0,Sí,Roma,223
2025-02-08,Daniela Mendoza,Paquete,Reformer,Reformer,24,No,Roma,8276
2025-02-08,Natalia Mendoza,Fitpass,Reformer,Reformer,0,Sí,Condesa,200
2025-02-08,Rodrigo Mendoza,Fitpass,Reformer,Reformer,0,Sí,Roma,211
2025-02-08,Gabriela García,Fitpass,Reformer,Reformer,0,Sí,Polanco,186
2025-02-09,Rodrigo Díaz,Paquete,Cadillac,Cadillac,8,No,Roma,3244
2025-02-09,Diego Hernández,Clase Individual,Mat Pilates,Ninguno,0,No,Condesa,429
2025-02-09,Natalia Sánchez,Fitpass,Reformer,Reformer,0,Sí,Polanco,215
2025-02-09,Ana Vázquez,Paquete,Reformer,Reformer,8,No,Condesa,3194
2025-02-09,Gabriela Martínez,Paquete,Reformer,Reformer,12,No,Roma,4117
2025-02-09,Regina Ramírez,Fitpass,Mat Pilates,Ninguno,0,Sí,Roma,210
2025-02-09,Lucía García,Paquete,Reformer,Reformer,12,No,Polanco,4558
2025-02-09,Andrea Díaz,Paquete,Mat Pilates,Ninguno,24,No,Polanco,8270
2025-02-09,Daniela Morales,Clase Individual,Reformer,Reformer,0,No,Condesa,415
2025-02-09,Carolina Reyes,Paquete,Reformer,Reformer,8,No,Polanco,2920
2025-02-09,Ana Flores,Paquete,Mat Pilates,Ninguno,24,No,Roma,8370
2025-02-09,Carolina Sánchez,Clase Individual,Reformer,Reformer,0,No,Roma,488
2025-02-09,Regina Gutiérrez,Clase Individual,Chair,Chair,0,No,Polanco,447
2025-02-09,Natalia Martínez,Clase Individual,Reformer,Reformer,0,No,Condesa,407
2025-02-09,Mariana Morales,Paquete,Reformer,Reformer,12,No,Roma,4591
2025-02-09,María García,Fitpass,Reformer,Reformer,0,Sí,Roma,218
2025-02-10,Claudia Morales,Paquete,Reformer,Reformer,8,No,Condesa,3219
2025-02-10,Victoria Reyes,Paquete,Reformer,Reformer,12,No,Condesa,4285
2025-02-10,Daniela Pérez,Fitpass,Cadillac,Cadillac,0,Sí,Roma,201
2025-02-10,Ana Mendoza,Clase Individual,Reformer,Reformer,0,No,Polanco,497
2025-02-10,Javier García,Paquete,Cadillac,Cadillac,8,No,Roma,3196
2025-02-10,Fernando Reyes,Fitpass,Reformer,Reformer,0,Sí,Roma,223
2025-02-10,Paula Ramírez,Fitpass,Reformer,Reformer,0,Sí,Condesa,227
2025-02-10,Daniela Pérez,Fitpass,Mat Pilates,Ninguno,0,Sí,Roma,185
2025-02-10,Natalia Pérez,Fitpass,Chair,Chair,0,Sí,Roma,218
2025-02-10,Gabriela Gutiérrez,Clase Individual,Cadillac,Cadillac,0,No,Condesa,519
2025-02-10,Valeria Martínez,Paquete,Reformer,Reformer,8,No,Roma,3060
2025-02-10,Miguel López,Fitpass,Mat Pilates,Ninguno,0,Sí,Condesa,202
2025-02-10,Miguel Gutiérrez,Paquete,Cadillac,Cadillac,12,No,Polanco,4269
2025-02-11,Fernanda Díaz,Paquete,Chair,Chair,12,No,Condesa,4652
2025-02-11,Santiago Rodríguez,Clase Individual,Mat Pilates,Ninguno,0,No,Roma,388
2025-02-11,Miguel Sánchez,Fitpass,Mat Pilates,Ninguno,0,Sí,Roma,216
2025-02-11,Claudia Rodríguez,Fitpass,Chair,Chair,0,Sí,Condesa,219
2025-02-11,Ximena González,Paquete,Reformer,Reformer,12,No,Roma,4168
2025-02-11,Regina Jiménez,Fitpass,Cadillac,Cadillac,0,Sí,Condesa,211
2025-02-11,Ximena López,Paquete,Reformer,Reformer,12,No,Roma,4453
2025-02-11,Paula Cruz,Paquete,Reformer,Reformer,24,No,Polanco,8672
2025-02-11,Diego Torres,Paquete,Mat Pilates,Ninguno,8,No,Condesa,3187
2025-02-11,Sofía Torres,Fitpass,Mat Pilates,Ninguno,0,Sí,Roma,183
2025-02-11,Luis Rodríguez,Paquete,Cadillac,Cadillac,24,No,Condesa,7947
2025-02-11,Claudia Sánchez,Clase Individual,Chair,Chair,0,No,Condesa,510
2025-02-11,Javier Jiménez,Paquete,Reformer,Reformer,24,No,Condesa,8598
2025-02-11,Victoria Pérez,Fitpass,Chair,Chair,0,Sí,Condesa,227
2025-02-11,Luis Mendoza,Paquete,Chair,Chair,12,No,Condesa,4237
2025-02-11,Andrea Cruz,Fitpass,Chair,Chair,0,Sí,Roma,187
2025-02-12,Gabriela Vázquez,Paquete,Reformer,Reformer,12,No,Polanco,4615
2025-02-12,Javier Vázquez,Clase Individual,Reformer,Reformer,0,No,Roma,401
2025-02-12,Mateo Sánchez,Fitpass,Chair,Chair,0,Sí,Roma,200
2025-02-12,Paula López,Fitpass,Cadillac,Cadillac,0,Sí,Condesa,232
2025-02-12,Carolina Rodríguez,Fitpass,Reformer,Reformer,0,Sí,Roma,210
2025-02-12,Lucía López,Paquete,Chair,Chair,24,No,Roma,8680
2025-02-12,Miguel Flores,Paquete,Chair,Chair,8,No,Roma,3249
2025-02-12,Miguel González,Fitpass,Reformer,Reformer,0,Sí,Polanco,185
2025-02-12,María Hernández,Fitpass,Reformer,Reformer,0,Sí,Roma,204
2025-02-12,Renata Vázquez,Paquete,Chair,Chair,8,No,Condesa,3216
2025-02-13,Miguel Gutiérrez,Clase Individual,Reformer,Reformer,0,No,Condesa,427
2025-02-13,Fernanda Pérez,Fitpass,Reformer,Reformer,0,Sí,Polanco,230
2025-02-13,Javier Ramírez,Paquete,Chair,Chair,12,No,Polanco,4656
2025-02-13,Andrea Torres,Fitpass,Reformer,Reformer,0,Sí,Roma,211
2025-02-13,Carlos Mendoza,Paquete,Reformer,Reformer,12,No,Condesa,4429
2025-02-13,Regina Morales,Fitpass,Cadillac,Cadillac,0,Sí,Condesa,234
2025-02-13,Santiago Sánchez,Fitpass,Mat Pilates,Ninguno,0,Sí,Polanco,210
2025-02-13,Daniela Flores,Paquete,Mat Pilates,Ninguno,8,No,Condesa,2947
2025-02-13,Valeria Cruz,Paquete,Chair,Chair,12,No,Condesa,4350
2025-02-14,Sofía Gómez,Paquete,Reformer,Reformer,8,No,Condesa,2958
2025-02-14,Miguel Pérez,Clase Individual,Reformer,Reformer,0,No,Roma,488
2025-02-14,Miguel Flores,Fitpass,Reformer,Reformer,0,Sí,Roma,202
2025-02-14,Carolina Vázquez,Fitpass,Mat Pilates,Ninguno,0,Sí,Condesa,215
2025-02-14,Mateo Hernández,Paquete,Cadillac,Cadillac,12,No,Roma,4193
2025-02-14,Mateo Pérez,Paquete,Reformer,Reformer,8,No,Roma,3047
2025-02-14,Javier Flores,Clase Individual,Reformer,Reformer,0,No,Roma,441
2025-02-14,Paula Gómez,Fitpass,Reformer,Reformer,0,Sí,Condesa,218
2025-02-14,Camila Gutiérrez,Paquete,Reformer,Reformer,12,No,Roma,4693
2025-02-14,Santiago Hernández,Fitpass,Cadillac,Cadillac,0,Sí,Condesa,230
2025-02-14,Natalia Martínez,Clase Individual,Cadillac,Cadillac,0,No,Roma,493
2025-02-14,Carolina González,Fitpass,Reformer,Reformer,0,Sí,Roma,206
2025-02-14,Fernando Hernández,Paquete,Reformer,Reformer,8,No,Roma,2900
2025-02-14,Sofía Gómez,Clase Individual,Mat Pilates,Ninguno,0,No,Roma,429
2025-02-14,Diego Pérez,Fitpass,Mat Pilates,Ninguno,0,Sí,Condesa,199
2025-02-14,Lucía González,Clase Individual,Cadillac,Cadillac,0,No,Polanco,422
2025-02-14,Javier Vázquez,Fitpass,Reformer,Reformer,0,Sí,Roma,180
2025-02-14,Diego González,Paquete,Reformer,Reformer,24,No,Condesa,7953
2025-02-14,Fernando Martínez,Paquete,Reformer,Reformer,8,No,Condesa,2993
2025-02-14,Javier González,Clase Individual,Reformer,Reformer,0,No,Roma,456
2025-02-15,Fernanda Rodríguez,Paquete,Reformer,Reformer,8,No,Roma,3160
2025-02-15,Daniela Cruz,Paquete,Reformer,Reformer,12,No,Roma,4441
2025-02-15,Lucía Ramírez,Paquete,Chair,Chair,8,No,Roma,2932
2025-02-15,Alejandro Vázquez,Fitpass,Reformer,Reformer,0,Sí,Roma,197
2025-02-15,Claudia Jiménez,Paquete,Reformer,Reformer,24,No,Roma,8191
2025-02-15,Ximena Morales,Paquete,Mat Pilates,Ninguno,12,No,Condesa,4277
2025-02-15,Victoria Rodríguez,Clase Individual,Mat Pilates,Ninguno,0,No,Condesa,454
2025-02-15,Fernando Flores,Paquete,Cadillac,Cadillac,12,No,Condesa,4108
2025-02-15,Mateo Cruz,Paquete,Reformer,Reformer,8,No,Polanco,3228
2025-02-15,María Gutiérrez,Clase Individual,Reformer,Reformer,0,No,Roma,420
2025-02-15,Lucía Vázquez,Fitpass,Cadillac,Cadillac,0,Sí,Roma,196
2025-02-15,Paula Cruz,Fitpass,Reformer,Reformer,0,Sí,Polanco,232
2025-02-15,Paula Martínez,Fitpass,Cadillac,Cadillac,0,Sí,Roma,195
2025-02-15,Carolina Vázquez,Paquete,Cadillac,Cadillac,12,No,Roma,4545
2025-02-15,Gabriela González,Fitpass,Reformer,Reformer,0,Sí,Polanco,195
2025-02-15,Miguel Díaz,Paquete,Chair,Chair,8,No,Condesa,2959
2025-02-15,Andrea Hernández,Fitpass,Mat Pilates,Ninguno,0,Sí,Roma,215
2025-02-15,Sofía Cruz,Fitpass,Chair,Chair,0,Sí,Roma,202
2025-02-15,Ana Martínez,Fitpass,Chair,Chair,0,Sí,Condesa,187
2025-02-16,Mateo Vázquez,Paquete,Mat Pilates,Ninguno,8,No,Condesa,3131
2025-02-16,Claudia Vázquez,Fitpass,Mat Pilates,Ninguno,0,Sí,Condesa,198
2025-02-16,Laura García,Paquete,Reformer,Reformer,8,No,Condesa,2979
2025-02-16,Claudia García,Paquete,Mat Pilates,Ninguno,24,No,Roma,8501
2025-02-16,Sofía Torres,Fitpass,Reformer,Reformer,0,Sí,Roma,215
2025-02-16,Laura Jiménez,Fitpass,Reformer,Reformer,0,Sí,Condesa,188
2025-02-16,Victoria Díaz,Paquete,Reformer,Reformer,12,No,Condesa,4497
2025-02-17,Laura Díaz,Clase Individual,Reformer,Reformer,0,No,Condesa,408
2025-02-17,Diego González,Fitpass,Cadillac,Cadillac,0,Sí,Roma,238
2025-02-17,Fernanda García,Fitpass,Chair,Chair,0,Sí,Condesa,202
2025-02-17,Lucía Martínez,Paquete,Reformer,Reformer,8,No,Roma,3100
2025-02-17,Natalia Díaz,Paquete,Reformer,Reformer,12,No,Condesa,4694
2025-02-17,Camila Morales,Clase Individual,Reformer,Reformer,0,No,Condesa,434
2025-02-17,Santiago Pérez,Clase Individual,Reformer,Reformer,0,No,Condesa,485
2025-02-17,Gabriela Gómez,Clase Individual,Mat Pilates,Ninguno,0,No,Roma,516
2025-02-17,Mateo Vázquez,Paquete,Mat Pilates,Ninguno,12,No,Roma,4458
2025-02-17,Ana García,Paquete,Reformer,Reformer,8,No,Condesa,3226
2025-02-18,Regina Ramírez,Paquete,Reformer,Reformer,8,No,Polanco,2914
2025-02-18,Ximena Gutiérrez,Paquete,Reformer,Reformer,12,No,Roma,4345
2025-02-18,Santiago Jiménez,Fitpass,Chair,Chair,0,Sí,Condesa,218
2025-02-18,Luis Cruz,Clase Individual,Reformer,Reformer,0,No,Condesa,451
2025-02-18,Natalia García,Paquete,Mat Pilates,Ninguno,8,No,Condesa,3150
2025-02-18,Mariana Díaz,Fitpass,Chair,Chair,0,Sí,Condesa,186
2025-02-18,Natalia Sánchez,Fitpass,Chair,Chair,0,Sí,Polanco,195
2025-02-18,Santiago Ramírez,Clase Individual,Mat Pilates,Ninguno,0,No,Condesa,434
2025-02-19,Andrea Gómez,Fitpass,Chair,Chair,0,Sí,Polanco,214
2025-02-19,Santiago Sánchez,Paquete,Reformer,Reformer,8,No,Condesa,2918
2025-02-19,Alejandro Martínez,Paquete,Reformer,Reformer,8,No,Roma,2974
2025-02-19,Gabriela Vázquez,Fitpass,Reformer,Reformer,0,Sí,Condesa,236
2025-02-19,Victoria Sánchez,Fitpass,Mat Pilates,Ninguno,0,Sí,Roma,196
2025-02-19,Laura Sánchez,Paquete,Reformer,Reformer,12,No,Condesa,4532
2025-02-19,Rodrigo Pérez,Fitpass,Mat Pilates,Ninguno,0,Sí,Condesa,240
2025-02-19,Fernanda Hernández,Clase Individual,Cadillac,Cadillac,0,No,Roma,446
2025-02-19,Regina Sánchez,Fitpass,Mat Pilates,Ninguno,0,Sí,Polanco,235
2025-02-20,Victoria Jiménez,Paquete,Mat Pilates,Ninguno,8,No,Condesa,3159
2025-02-20,Andrea González,Paquete,Chair,Chair,12,No,Condesa,4615
2025-02-20,Ximena Gómez,Paquete,Reformer,Reformer,12,No,Condesa,4531
2025-02-20,Laura Reyes,Fitpass,Reformer,Reformer,0,Sí,Polanco,239
2025-02-20,Daniela Vázquez,Paquete,Chair,Chair,12,No,Roma,4545
2025-02-20,Alejandro Hernández,Paquete,Chair,Chair,12,No,Roma,4182
2025-02-20,Javier Morales,Paquete,Cadillac,Cadillac,12,No,Roma,4310
2025-02-20,Santiago Vázquez,Paquete,Reformer,Reformer,12,No,Condesa,4438
2025-02-20,Mateo Martínez,Clase Individual,Chair,Chair,0,No,Roma,500
2025-02-20,Fernando Jiménez,Fitpass,Mat Pilates,Ninguno,0,Sí,Polanco,227
2025-02-20,Sofía Gutiérrez,Paquete,Cadillac,Cadillac,24,No,Polanco,8619
2025-02-20,Laura Díaz,Fitpass,Chair,Chair,0,Sí,Condesa,230
2025-02-20,Mateo García,Fitpass,Reformer,Reformer,0,Sí,Polanco,205
2025-02-20,Carolina Reyes,Clase Individual,Chair,Chair,0,No,Roma,462
2025-02-21,Mateo García,Fitpass,Reformer,Reformer,0,Sí,Roma,204
2025-02-21,Javier Mendoza,Paquete,Reformer,Reformer,8,No,Roma,3109
2025-02-21,Laura Vázquez,Fitpass,Mat Pilates,Ninguno,0,Sí,Polanco,236
2025-02-21,Valeria Sánchez,Fitpass,Cadillac,Cadillac,0,Sí,Roma,194
2025-02-21,Claudia Torres,Paquete,Reformer,Reformer,12,No,Condesa,4588
2025-02-21,Miguel Gutiérrez,Clase Individual,Reformer,Reformer,0,No,Roma,399
2025-02-21,Renata García,Paquete,Reformer,Reformer,12,No,Roma,4420
2025-02-21,Rodrigo Pérez,Paquete,Cadillac,Cadillac,24,No,Polanco,8391
2025-02-21,Camila Rodríguez,Paquete,Reformer,Reformer,12,No,Polanco,4360
2025-02-21,Daniela Ramírez,Fitpass,Reformer,Reformer,0,Sí,Roma,222
2025-02-21,Javier González,Clase Individual,Cadillac,Cadillac,0,No,Roma,382
2025-02-21,Fernando Torres,Fitpass,Mat Pilates,Ninguno,0,Sí,Condesa,191
2025-02-21,Paula Díaz,Fitpass,Chair,Chair,0,Sí,Condesa,195
2025-02-22,Claudia Hernández,Fitpass,Cadillac,Cadillac,0,Sí,Roma,184
2025-02-22,Sofía Mendoza,Paquete,Reformer,Reformer,12,No,Condesa,4343
2025-02-22,Daniela Morales,Clase Individual,Reformer,Reformer,0,No,Condesa,511
2025-02-22,Miguel López,Paquete,Chair,Chair,24,No,Condesa,8812
2025-02-22,Gabriela Gutiérrez,Paquete,Reformer,Reformer,8,No,Condesa,2936
2025-02-22,Miguel Sánchez,Fitpass,Cadillac,Cadillac,0,Sí,Polanco,207
2025-02-22,Andrea Morales,Fitpass,Mat Pilates,Ninguno,0,Sí,Condesa,222
2025-02-22,Victoria Sánchez,Paquete,Cadillac,Cadillac,8,No,Polanco,3180
2025-02-22,Victoria Vázquez,Paquete,Cadillac,Cadillac,24,No,Roma,8863
2025-02-22,María Cruz,Paquete,Reformer,Reformer,12,No,Condesa,4603
2025-02-22,Gabriela Díaz,Paquete,Reformer,Reformer,8,No,Roma,3098
2025-02-22,Santiago Martínez,Clase Individual,Reformer,Reformer,0,No,Roma,424
2025-02-22,María Reyes,Clase Individual,Chair,Chair,0,No,Polanco,451
2025-02-22,Paula Flores,Paquete,Reformer,Reformer,24,No,Roma,8299
2025-02-22,Alejandro Torres,Paquete,Reformer,Reformer,8,No,Condesa,3160
2025-02-22,Renata Gómez,Paquete,Cadillac,Cadillac,24,No,Polanco,8326
2025-02-22,Mariana López,Fitpass,Reformer,Reformer,0,Sí,Polanco,184
2025-02-22,Rodrigo Sánchez,Clase Individual,Mat Pilates,Ninguno,0,No,Condesa,392
2025-02-22,Diego Ramírez,Paquete,Reformer,Reformer,12,No,Condesa,4104
2025-02-22,Claudia Mendoza,Fitpass,Cadillac,Cadillac,0,Sí,Roma,218
2025-02-22,Andrea Jiménez,Clase Individual,Reformer,Reformer,0,No,Roma,479
2025-02-22,Andrea Sánchez,Clase Individual,Reformer,Reformer,0,No,Roma,384
2025-02-22,Gabriela Vázquez,Fitpass,Cadillac,Cadillac,0,Sí,Roma,194
2025-02-22,Gabriela García,Fitpass,Chair,Chair,0,Sí,Roma,187
2025-02-23,Carolina Hernández,Fitpass,Reformer,Reformer,0,Sí,Condesa,182
2025-02-23,Victoria Pérez,Fitpass,Chair,Chair,0,Sí,Roma,230
2025-02-23,Natalia Cruz,Paquete,Reformer,Reformer,12,No,Polanco,4612
2025-02-23,Regina García,Clase Individual,Reformer,Reformer,0,No,Roma,468
2025-02-23,Fernanda Torres,Fitpass,Reformer,Reformer,0,Sí,Condesa,237
2025-02-23,Fernanda Cruz,Fitpass,Chair,Chair,0,Sí,Roma,222
2025-02-23,Regina Hernández,Paquete,Mat Pilates,Ninguno,8,No,Roma,3105
2025-02-23,Renata Cruz,Paquete,Chair,Chair,8,No,Condesa,3113
2025-02-23,Lucía Sánchez,Fitpass,Mat Pilates,Ninguno,0,Sí,Polanco,194
2025-02-23,Laura Hernández,Fitpass,Chair,Chair,0,Sí,Condesa,191
2025-02-23,Gabriela González,Paquete,Reformer,Reformer,24,No,Roma,8583
2025-02-23,Andrea Jiménez,Paquete,Cadillac,Cadillac,8,No,Roma,3053
2025-02-24,Fernanda Gómez,Fitpass,Chair,Chair,0,Sí,Condesa,181
2025-02-24,Daniela Gutiérrez,Fitpass,Reformer,Reformer,0,Sí,Condesa,221
2025-02-24,Santiago Pérez,Paquete,Reformer,Reformer,12,No,Polanco,4633
2025-02-24,Miguel Reyes,Paquete,Cadillac,Cadillac,8,No,Polanco,3202
2025-02-24,Lucía López,Fitpass,Reformer,Reformer,0,Sí,Condesa,199
2025-02-24,María Gómez,Paquete,Reformer,Reformer,12,No,Condesa,4511
2025-02-24,Carlos García,Paquete,Reformer,Reformer,8,No,Condesa,3056
2025-02-24,Andrea Gutiérrez,Paquete,Reformer,Reformer,8,No,Roma,3138
2025-02-24,Renata Sánchez,Paquete,Reformer,Reformer,12,No,Condesa,4156
2025-02-24,Renata Cruz,Paquete,Mat Pilates,Ninguno,8,No,Polanco,3283
2025-02-24,Renata Vázquez,Paquete,Chair,Chair,12,No,Condesa,4196
2025-02-25,Javier Sánchez,Paquete,Reformer,Reformer,8,No,Polanco,3190
2025-02-25,Mateo Díaz,Fitpass,Chair,Chair,0,Sí,Roma,221
2025-02-25,Luis Morales,Paquete,Reformer,Reformer,8,No,Roma,3204
2025-02-25,Diego Díaz,Clase Individual,Reformer,Reformer,0,No,Roma,451
2025-02-25,Santiago Gómez,Clase Individual,Mat Pilates,Ninguno,0,No,Roma,386
2025-02-25,Santiago Vázquez,Fitpass,Reformer,Reformer,0,Sí,Condesa,197
2025-02-25,Luis Gutiérrez,Fitpass,Cadillac,Cadillac,0,Sí,Condesa,209
2025-02-25,Mateo Rodríguez,Fitpass,Chair,Chair,0,Sí,Polanco,194
2025-02-25,Miguel Ramírez,Paquete,Reformer,Reformer,8,No,Polanco,2904
2025-02-25,Fernando Mendoza,Fitpass,Chair,Chair,0,Sí,Condesa,208
2025-02-25,Claudia García,Clase Individual,Reformer,Reformer,0,No,Condesa,503
2025-02-25,Gabriela García,Paquete,Reformer,Reformer,8,No,Roma,3218
2025-02-25,Daniela Rodríguez,Paquete,Reformer,Reformer,8,No,Condesa,3054
2025-02-26,Natalia Cruz,Clase Individual,Mat Pilates,Ninguno,0,No,Polanco,384
2025-02-26,Carlos Rodríguez,Fitpass,Chair,Chair,0,Sí,Polanco,224
2025-02-26,Javier Mendoza,Paquete,Cadillac,Cadillac,24,No,Roma,8264
2025-02-26,Diego Sánchez,Paquete,Chair,Chair,12,No,Polanco,4428
2025-02-26,Fernando González,Fitpass,Reformer,Reformer,0,Sí,Roma,186
2025-02-26,María Morales,Fitpass,Reformer,Reformer,0,Sí,Roma,211
2025-02-26,Lucía Gutiérrez,Paquete,Reformer,Reformer,24,No,Roma,8831
2025-02-26,Miguel Torres,Paquete,Reformer,Reformer,8,No,Polanco,3211
2025-02-26,Daniela Cruz,Fitpass,Cadillac,Cadillac,0,Sí,Roma,180
2025-02-26,Mateo Morales,Clase Individual,Reformer,Reformer,0,No,Polanco,427
2025-02-26,Sofía Gutiérrez,Paquete,Reformer,Reformer,8,No,Polanco,3220
2025-02-27,Mateo Pérez,Fitpass,Mat Pilates,Ninguno,0,Sí,Condesa,215
2025-02-27,Ximena Gutiérrez,Paquete,Cadillac,Cadillac,24,No,Condesa,8170
2025-02-27,Fernanda Díaz,Fitpass,Reformer,Reformer,0,Sí,Roma,231
2025-02-27,Javier Jiménez,Fitpass,Mat Pilates,Ninguno,0,Sí,Polanco,223
2025-02-27,María Gómez,Clase Individual,Reformer,Reformer,0,No,Roma,430
2025-02-27,Miguel Rodríguez,Fitpass,Mat Pilates,Ninguno,0,Sí,Polanco,184
2025-02-27,Santiago Hernández,Paquete,Chair,Chair,8,No,Polanco,2991
2025-02-27,Renata Gómez,Paquete,Reformer,Reformer,8,No,Roma,3177
2025-02-27,Miguel Torres,Paquete,Chair,Chair,12,No,Polanco,4412
2025-02-27,Diego Torres,Paquete,Chair,Chair,12,No,Polanco,4455
2025-02-27,Camila Hernández,Fitpass,Cadillac,Cadillac,0,Sí,Polanco,230
2025-02-27,Carolina Reyes,Paquete,Cadillac,Cadillac,8,No,Condesa,3027
2025-02-27,Luis Díaz,Clase Individual,Reformer,Reformer,0,No,Roma,441
2025-02-27,Alejandro Rodríguez,Fitpass,Mat Pilates,Ninguno,0,Sí,Condesa,211
2025-02-28,Natalia Díaz,Fitpass,Mat Pilates,Ninguno,0,Sí,Polanco,227
2025-02-28,Ana Morales,Paquete,Mat Pilates,Ninguno,8,No,Condesa,3206
2025-02-28,Carolina Cruz,Clase Individual,Reformer,Reformer,0,No,Polanco,411
2025-02-28,Carolina Jiménez,Fitpass,Cadillac,Cadillac,0,Sí,Condesa,218
2025-02-28,Mateo González,Fitpass,Reformer,Reformer,0,Sí,Polanco,235
2025-02-28,Rodrigo García,Paquete,Reformer,Reformer,8,No,Roma,3017
2025-02-28,Claudia Ramírez,Paquete,Chair,Chair,8,No,Roma,3143
2025-02-28,Natalia Díaz,Fitpass,Reformer,Reformer,0,Sí,Polanco,222
2025-02-28,Valeria Cruz,Clase Individual,Reformer,Reformer,0,No,Polanco,488
2025-02-28,Victoria Flores,Paquete,Reformer,Reformer,8,No,Roma,3232
2025-02-28,Renata Morales,Paquete,Mat Pilates,Ninguno,12,No,Condesa,4323
2025-02-28,Andrea Pérez,Paquete,Mat Pilates,Ninguno,12,No,Roma,4570
2025-03-01,Valeria Martínez,Paquete,Cadillac,Cadillac,8,No,Roma,2971
2025-03-01,Mariana Rodríguez,Paquete,Reformer,Reformer,8,No,Roma,3028
2025-03-01,Laura García,Fitpass,Mat Pilates,Ninguno,0,Sí,Polanco,201
2025-03-01,Daniela Torres,Paquete,Reformer,Reformer,12,No,Roma,4207
2025-03-01,Fernando Sánchez,Fitpass,Mat Pilates,Ninguno,0,Sí,Roma,209
2025-03-01,Camila Morales,Paquete,Cadillac,Cadillac,24,No,Condesa,8241
2025-03-01,Carolina Morales,Fitpass,Mat Pilates,Ninguno,0,Sí,Roma,198
2025-03-01,Diego Mendoza,Clase Individual,Reformer,Reformer,0,No,Condesa,480
2025-03-01,Mariana Torres,Fitpass,Chair,Chair,0,Sí,Roma,203
2025-03-01,Mateo Sánchez,Paquete,Reformer,Reformer,8,No,Roma,3255
2025-03-02,Claudia Vázquez,Fitpass,Mat Pilates,Ninguno,0,Sí,Condesa,212
2025-03-02,Ana García,Fitpass,Reformer,Reformer,0,Sí,Condesa,192
2025-03-02,Lucía Gómez,Paquete,Reformer,Reformer,12,No,Roma,4277
2025-03-02,Natalia Vázquez,Paquete,Reformer,Reformer,12,No,Roma,4363
2025-03-02,Carlos Mendoza,Paquete,Chair,Chair,24,No,Roma,8684
2025-03-02,María Gutiérrez,Paquete,Reformer,Reformer,8,No,Roma,3082
2025-03-02,Santiago Díaz,Clase Individual,Chair,Chair,0,No,Condesa,427
2025-03-02,Regina Gómez,Paquete,Chair,Chair,8,No,Condesa,3083
2025-03-02,Sofía González,Fitpass,Reformer,Reformer,0,Sí,Polanco,193
2025-03-02,Javier Gómez,Clase Individual,Chair,Chair,0,No,Condesa,438
2025-03-03,Mariana Reyes,Fitpass,Chair,Chair,0,Sí,Polanco,186
2025-03-03,Mateo Morales,Clase Individual,Reformer,Reformer,0,No,Condesa,499
2025-03-03,Sofía Morales,Paquete,Cadillac,Cadillac,12,No,Polanco,4270
2025-03-03,Alejandro Sánchez,Fitpass,Chair,Chair,0,Sí,Roma,237
2025-03-03,Fernanda Rodríguez,Fitpass,Chair,Chair,0,Sí,Condesa,202
2025-03-03,Ximena Sánchez,Paquete,Cadillac,Cadillac,12,No,Roma,4689
2025-03-03,Natalia García,Clase Individual,Mat Pilates,Ninguno,0,No,Roma,426
2025-03-03,Camila Martínez,Clase Individual,Cadillac,Cadillac,0,No,Polanco,454
2025-03-03,Javier Ramírez,Clase Individual,Reformer,Reformer,0,No,Condesa,505
2025-03-03,Rodrigo Ramírez,Fitpass,Chair,Chair,0,Sí,Polanco,223
2025-03-03,Valeria Morales,Clase Individual,Cadillac,Cadillac,0,No,Condesa,412
2025-03-03,Mariana Cruz,Fitpass,Reformer,Reformer,0,Sí,Polanco,204
2025-03-03,Carolina Vázquez,Fitpass,Mat Pilates,Ninguno,0,Sí,Condesa,239
2025-03-03,Paula García,Paquete,Cadillac,Cadillac,12,No,Roma,4415
2025-03-03,Miguel Morales,Fitpass,Reformer,Reformer,0,Sí,Condesa,208
2025-03-03,Fernanda Rodríguez,Fitpass,Mat Pilates,Ninguno,0,Sí,Polanco,208
2025-03-03,Paula Morales,Paquete,Reformer,Reformer,8,No,Roma,3291
2025-03-03,Camila Ramírez,Clase Individual,Mat Pilates,Ninguno,0,No,Polanco,461
2025-03-03,Alejandro Sánchez,Paquete,Chair,Chair,8,No,Polanco,2945
2025-03-04,Mariana Martínez,Paquete,Chair,Chair,24,No,Polanco,8664
2025-03-04,Fernando Ramírez,Paquete,Mat Pilates,Ninguno,24,No,Condesa,8719
2025-03-04,Fernando Cruz,Clase Individual,Reformer,Reformer,0,No,Polanco,475
2025-03-04,Gabriela González,Paquete,Mat Pilates,Ninguno,8,No,Roma,3031
2025-03-04,Mateo Pérez,Clase Individual,Mat Pilates,Ninguno,0,No,Polanco,422
2025-03-04,Mariana Díaz,Fitpass,Reformer,Reformer,0,Sí,Roma,217
2025-03-04,Gabriela Gutiérrez,Fitpass,Chair,Chair,0,Sí,Roma,220
2025-03-04,Santiago Rodríguez,Paquete,Cadillac,Cadillac,12,No,Polanco,4298
2025-03-04,Andrea Gómez,Fitpass,Reformer,Reformer,0,Sí,Roma,217
2025-03-04,Fernando Hernández,Clase Individual,Mat Pilates,Ninguno,0,No,Condesa,432
2025-03-04,Daniela Reyes,Paquete,Reformer,Reformer,12,No,Roma,4168
2025-03-04,Regina Rodríguez,Paquete,Mat Pilates,Ninguno,8,No,Roma,3043
2025-03-04,Javier Morales,Clase Individual,Cadillac,Cadillac,0,No,Polanco,518
2025-03-04,Daniela Pérez,Paquete,Cadillac,Cadillac,8,No,Condesa,2960
2025-03-04,Victoria Martínez,Paquete,Mat Pilates,Ninguno,12,No,Roma,4529
2025-03-04,Claudia Reyes,Clase Individual,Cadillac,Cadillac,0,No,Roma,501
2025-03-05,Mateo García,Clase Individual,Reformer,Reformer,0,No,Condesa,386
2025-03-05,Daniela Rodríguez,Fitpass,Cadillac,Cadillac,0,Sí,Condesa,209
2025-03-05,Fernando Mendoza,Fitpass,Cadillac,Cadillac,0,Sí,Roma,219
2025-03-05,Santiago Martínez,Fitpass,Mat Pilates,Ninguno,0,Sí,Roma,227
2025-03-05,Laura Reyes,Fitpass,Chair,Chair,0,Sí,Roma,232
2025-03-05,Claudia González,Paquete,Chair,Chair,8,No,Condesa,3174
2025-03-05,Ximena Flores,Fitpass,Reformer,Reformer,0,Sí,Condesa,216
2025-03-05,Regina García,Fitpass,Reformer,Reformer,0,Sí,Polanco,219
2025-03-05,Paula Ramírez,Paquete,Cadillac,Cadillac,24,No,Polanco,8183
2025-03-05,Paula Morales,Fitpass,Cadillac,Cadillac,0,Sí,Polanco,220
2025-03-05,Santiago Rodríguez,Paquete,Mat Pilates,Ninguno,8,No,Polanco,3107
2025-03-05,Victoria Jiménez,Paquete,Chair,Chair,24,No,Polanco,8469
2025-03-06,Santiago Torres,Fitpass,Cadillac,Cadillac,0,Sí,Condesa,237
2025-03-06,Santiago Gómez,Clase Individual,Chair,Chair,0,No,Roma,472
2025-03-06,Diego Hernández,Fitpass,Reformer,Reformer,0,Sí,Roma,215
2025-03-06,Andrea Reyes,Paquete,Reformer,Reformer,12,No,Roma,4133
2025-03-06,Mateo Rodríguez,Fitpass,Chair,Chair,0,Sí,Roma,240
2025-03-06,Regina Gutiérrez,Fitpass,Reformer,Reformer,0,Sí,Condesa,189
2025-03-06,Sofía Morales,Paquete,Reformer,Reformer,24,No,Polanco,8330
2025-03-06,Paula Martínez,Fitpass,Chair,Chair,0,Sí,Roma,228
2025-03-07,Sofía Torres,Paquete,Cadillac,Cadillac,8,No,Roma,2926
2025-03-07,María Rodríguez,Clase Individual,Reformer,Reformer,0,No,Condesa,464
2025-03-07,Carlos García,Paquete,Reformer,Reformer,12,No,Condesa,4446
2025-03-07,Natalia López,Clase Individual,Cadillac,Cadillac,0,No,Roma,471
2025-03-07,Victoria Mendoza,Clase Individual,Reformer,Reformer,0,No,Roma,391
2025-03-07,Carlos Gómez,Clase Individual,Reformer,Reformer,0,No,Polanco,424
2025-03-07,Natalia Pérez,Paquete,Chair,Chair,12,No,Polanco,4388
2025-03-07,Gabriela Jiménez,Paquete,Mat Pilates,Ninguno,12,No,Roma,4521
2025-03-07,Andrea López,Paquete,Chair,Chair,12,No,Condesa,4528
2025-03-07,Fernanda Torres,Fitpass,Reformer,Reformer,0,Sí,Roma,212
2025-03-07,Ana Gómez,Paquete,Reformer,Reformer,12,No,Condesa,4430
2025-03-07,Fernando Cruz,Paquete,Reformer,Reformer,8,No,Condesa,2946
2025-03-07,Alejandro Sánchez,Fitpass,Chair,Chair,0,Sí,Polanco,197
2025-03-07,María Flores,Paquete,Cadillac,Cadillac,8,No,Polanco,3227
2025-03-07,Lucía Flores,Paquete,Cadillac,Cadillac,24,No,Roma,8514
2025-03-07,Camila Cruz,Paquete,Reformer,Reformer,24,No,Polanco,8466
2025-03-07,Rodrigo Díaz,Paquete,Cadillac,Cadillac,12,No,Condesa,4658
2025-03-08,Rodrigo Reyes,Fitpass,Reformer,Reformer,0,Sí,Roma,191
2025-03-08,Alejandro Díaz,Fitpass,Chair,Chair,0,Sí,Condesa,196
2025-03-08,Mateo Pérez,Fitpass,Reformer,Reformer,0,Sí,Polanco,189
2025-03-08,Renata Sánchez,Fitpass,Cadillac,Cadillac,0,Sí,Roma,221
2025-03-08,Lucía Jiménez,Fitpass,Mat Pilates,Ninguno,0,Sí,Roma,197
2025-03-08,Mateo Vázquez,Paquete,Chair,Chair,12,No,Condesa,4347
2025-03-08,Andrea Torres,Paquete,Reformer,Reformer,8,No,Condesa,2943
2025-03-08,María Hernández,Fitpass,Reformer,Reformer,0,Sí,Condesa,196
2025-03-08,Fernanda Morales,Paquete,Cadillac,Cadillac,8,No,Polanco,3082
2025-03-08,Andrea Torres,Paquete,Reformer,Reformer,8,No,Polanco,2982
2025-03-08,Lucía Vázquez,Paquete,Reformer,Reformer,12,No,Condesa,4433
2025-03-08,Fernanda Gutiérrez,Paquete,Cadillac,Cadillac,8,No,Polanco,3171
2025-03-08,Daniela González,Clase Individual,Reformer,Reformer,0,No,Condesa,447
2025-03-08,Carolina Hernández,Clase Individual,Reformer,Reformer,0,No,Roma,464
2025-03-08,Fernanda Rodríguez,Paquete,Chair,Chair,12,No,Roma,4409
2025-03-08,Santiago Mendoza,Clase Individual,Reformer,Reformer,0,No,Condesa,469
2025-03-08,Camila Reyes,Fitpass,Chair,Chair,0,Sí,Polanco,185
2025-03-08,Carlos Martínez,Fitpass,Reformer,Reformer,0,Sí,Condesa,215
2025-03-08,Mateo Díaz,Fitpass,Reformer,Reformer,0,Sí,Polanco,199
2025-03-08,Laura Jiménez,Paquete,Mat Pilates,Ninguno,24,No,Polanco,8835
2025-03-09,Regina Vázquez,Fitpass,Mat Pilates,Ninguno,0,Sí,Roma,230
2025-03-09,Lucía Gómez,Paquete,Cadillac,Cadillac,24,No,Polanco,7902
2025-03-09,Ximena Sánchez,Fitpass,Chair,Chair,0,Sí,Polanco,227
2025-03-09,Javier Mendoza,Fitpass,Cadillac,Cadillac,0,Sí,Polanco,219
2025-03-09,Fernanda Flores,Paquete,Mat Pilates,Ninguno,8,No,Polanco,2925
2025-03-09,Gabriela Martínez,Paquete,Cadillac,Cadillac,8,No,Roma,3012
2025-03-09,María Pérez,Clase Individual,Reformer,Reformer,0,No,Condesa,400
2025-03-09,Regina Martínez,Paquete,Reformer,Reformer,12,No,Roma,4668
2025-03-09,Valeria Gómez,Paquete,Reformer,Reformer,8,No,Roma,3095
2025-03-09,Renata López,Paquete,Cadillac,Cadillac,12,No,Condesa,4612
2025-03-09,Valeria Pérez,Fitpass,Cadillac,Cadillac,0,Sí,Roma,182
2025-03-09,Natalia Ramírez,Clase Individual,Mat Pilates,Ninguno,0,No,Condesa,486
2025-03-10,Luis Gutiérrez,Clase Individual,Reformer,Reformer,0,No,Polanco,406
2025-03-10,Ana Mendoza,Paquete,Cadillac,Cadillac,24,No,Roma,8332
2025-03-10,Andrea Morales,Paquete,Chair,Chair,12,No,Condesa,4269
2025-03-10,Daniela Vázquez,Clase Individual,Chair,Chair,0,No,Polanco,483
2025-03-10,Victoria Cruz,Paquete,Chair,Chair,12,No,Roma,4528
2025-03-10,Luis Morales,Paquete,Reformer,Reformer,8,No,Polanco,2938
2025-03-10,Natalia García,Clase Individual,Chair,Chair,0,No,Condesa,474
2025-03-10,Laura Díaz,Paquete,Chair,Chair,8,No,Polanco,3106
2025-03-10,María Gómez,Fitpass,Chair,Chair,0,Sí,Roma,208
2025-03-11,Ximena López,Paquete,Chair,Chair,8,No,Condesa,3274
2025-03-11,Laura Jiménez,Paquete,Cadillac,Cadillac,24,No,Polanco,8726
2025-03-11,Claudia García,Paquete,Chair,Chair,24,No,Polanco,8242
2025-03-11,Gabriela Mendoza,Fitpass,Reformer,Reformer,0,Sí,Polanco,194
2025-03-11,Lucía González,Paquete,Reformer,Reformer,24,No,Roma,8845
2025-03-11,Renata González,Clase Individual,Chair,Chair,0,No,Roma,395
2025-03-11,Sofía Díaz,Paquete,Reformer,Reformer,8,No,Roma,3034
2025-03-11,Ximena Flores,Fitpass,Reformer,Reformer,0,Sí,Polanco,199
2025-03-11,Rodrigo González,Paquete,Chair,Chair,8,No,Condesa,3119
2025-03-11,Renata Morales,Paquete,Cadillac,Cadillac,24,No,Roma,8596
2025-03-11,Ximena Morales,Clase Individual,Cadillac,Cadillac,0,No,Condesa,496
2025-03-11,Lucía Torres,Fitpass,Reformer,Reformer,0,Sí,Polanco,188
2025-03-11,Fernanda Díaz,Paquete,Chair,Chair,8,No,Roma,3232
2025-03-11,Camila Sánchez,Paquete,Mat Pilates,Ninguno,8,No,Roma,3155
2025-03-11,Claudia Pérez,Paquete,Chair,Chair,8,No,Condesa,3087
2025-03-11,Natalia Cruz,Fitpass,Reformer,Reformer,0,Sí,Polanco,193
2025-03-11,Laura González,Fitpass,Cadillac,Cadillac,0,Sí,Condesa,231
2025-03-11,Diego Hernández,Paquete,Reformer,Reformer,24,No,Polanco,8644
2025-03-11,Fernando Sánchez,Clase Individual,Cadillac,Cadillac,0,No,Polanco,476
2025-03-11,Javier Hernández,Paquete,Reformer,Reformer,12,No,Roma,4507
2025-03-12,Andrea Gutiérrez,Paquete,Reformer,Reformer,24,No,Condesa,8496
2025-03-12,Lucía Jiménez,Paquete,Cadillac,Cadillac,8,No,Condesa,3149
2025-03-12,Regina Díaz,Fitpass,Reformer,Reformer,0,Sí,Roma,185
2025-03-12,Lucía Morales,Fitpass,Chair,Chair,0,Sí,Condesa,184
2025-03-12,Diego Vázquez,Paquete,Chair,Chair,8,No,Condesa,3169
2025-03-12,Renata Gutiérrez,Fitpass,Cadillac,Cadillac,0,Sí,Roma,212
2025-03-12,Mateo Cruz,Fitpass,Reformer,Reformer,0,Sí,Roma,203
2025-03-12,Ximena Gómez,Fitpass,Chair,Chair,0,Sí,Roma,212
2025-03-12,Luis Rodríguez,Paquete,Mat Pilates,Ninguno,24,No,Polanco,8578
2025-03-12,Laura Díaz,Fitpass,Chair,Chair,0,Sí,Condesa,181
2025-03-12,Santiago Hernández,Clase Individual,Mat Pilates,Ninguno,0,No,Condesa,413
2025-03-12,Santiago Gutiérrez,Paquete,Reformer,Reformer,12,No,Polanco,4696
2025-03-12,Camila Cruz,Paquete,Cadillac,Cadillac,12,No,Condesa,4164
2025-03-12,Natalia Pérez,Fitpass,Chair,Chair,0,Sí,Condesa,206
2025-03-12,Ana Gómez,Fitpass,Reformer,Reformer,0,Sí,Roma,208
2025-03-12,Ximena Hernández,Paquete,Reformer,Reformer,12,No,Roma,4508
2025-03-12,Gabriela Flores,Fitpass,Chair,Chair,0,Sí,Condesa,233
2025-03-13,Paula López,Fitpass,Reformer,Reformer,0,Sí,Roma,185
2025-03-13,Valeria Cruz,Fitpass,Reformer,Reformer,0,Sí,Roma,239
2025-03-13,Paula Martínez,Paquete,Reformer,Reformer,12,No,Roma,4206
2025-03-13,Diego Jiménez,Fitpass,Cadillac,Cadillac,0,Sí,Roma,237
2025-03-13,Valeria Mendoza,Clase Individual,Mat Pilates,Ninguno,0,No,Condesa,387
2025-03-13,Javier Díaz,Paquete,Reformer,Reformer,8,No,Condesa,2976
2025-03-13,Valeria Mendoza,Paquete,Reformer,Reformer,24,No,Polanco,8700
2025-03-13,Lucía Martínez,Clase Individual,Cadillac,Cadillac,0,No,Condesa,389
2025-03-13,Carlos López,Clase Individual,Chair,Chair,0,No,Roma,510
2025-03-13,Ana Ramírez,Paquete,Reformer,Reformer,8,No,Polanco,2914
2025-03-13,Carlos Martínez,Paquete,Reformer,Reformer,12,No,Polanco,4470
2025-03-13,Ana Gutiérrez,Paquete,Reformer,Reformer,12,No,Roma,4449
2025-03-13,Andrea Gómez,Fitpass,Mat Pilates,Ninguno,0,Sí,Roma,238
2025-03-13,Ana Ramírez,Paquete,Reformer,Reformer,12,No,Condesa,4145
2025-03-13,Natalia González,Paquete,Reformer,Reformer,12,No,Polanco,4406
2025-03-13,Fernanda Martínez,Fitpass,Cadillac,Cadillac,0,Sí,Roma,228
2025-03-13,Andrea Cruz,Clase Individual,Reformer,Reformer,0,No,Roma,515
2025-03-13,Paula Ramírez,Fitpass,Mat Pilates,Ninguno,0,Sí,Roma,224
2025-03-13,Rodrigo Ramírez,Fitpass,Reformer,Reformer,0,Sí,Roma,219
2025-03-13,Carolina Torres,Fitpass,Mat Pilates,Ninguno,0,Sí,Roma,213
2025-03-13,Fernanda López,Fitpass,Chair,Chair,0,Sí,Polanco,201
2025-03-14,Andrea Gutiérrez,Paquete,Reformer,Reformer,24,No,Condesa,8646
2025-03-14,Regina Rodríguez,Fitpass,Reformer,Reformer,0,Sí,Condesa,211
2025-03-14,Camila Flores,Paquete,Chair,Chair,12,No,Roma,4489
2025-03-14,Luis Pérez,Fitpass,Reformer,Reformer,0,Sí,Roma,182
2025-03-14,Ximena Torres,Clase Individual,Reformer,Reformer,0,No,Condesa,415
2025-03-14,Alejandro Reyes,Paquete,Chair,Chair,8,No,Roma,3249
2025-03-14,Javier Ramírez,Clase Individual,Reformer,Reformer,0,No,Roma,484
2025-03-14,Laura Pérez,Paquete,Cadillac,Cadillac,12,No,Roma,4410
2025-03-14,Victoria Reyes,Fitpass,Chair,Chair,0,Sí,Roma,218
2025-03-14,Luis López,Fitpass,Chair,Chair,0,Sí,Polanco,183
2025-03-14,Gabriela Flores,Paquete,Reformer,Reformer,24,No,Roma,8342
2025-03-14,Miguel Cruz,Paquete,Chair,Chair,8,No,Condesa,3015
2025-03-14,Luis Pérez,Fitpass,Chair,Chair,0,Sí,Polanco,199
2025-03-14,Regina Martínez,Paquete,Reformer,Reformer,8,No,Condesa,3234
2025-03-14,Diego Sánchez,Fitpass,Reformer,Reformer,0,Sí,Polanco,233
2025-03-14,Renata Cruz,Paquete,Mat Pilates,Ninguno,8,No,Condesa,3243
2025-03-14,Javier Díaz,Paquete,Reformer,Reformer,8,No,Roma,2936
2025-03-14,Alejandro Reyes,Fitpass,Reformer,Reformer,0,Sí,Polanco,195
2025-03-15,María Pérez,Clase Individual,Reformer,Reformer,0,No,Roma,393
2025-03-15,Mariana Ramírez,Fitpass,Mat Pilates,Ninguno,0,Sí,Polanco,226
2025-03-15,Fernanda Rodríguez,Paquete,Cadillac,Cadillac,8,No,Polanco,3060
2025-03-15,Alejandro Torres,Paquete,Mat Pilates,Ninguno,12,No,Condesa,4360
2025-03-15,Natalia Sánchez,Fitpass,Reformer,Reformer,0,Sí,Condesa,238
2025-03-15,Paula Ramírez,Paquete,Cadillac,Cadillac,24,No,Condesa,8176
2025-03-15,María Jiménez,Paquete,Reformer,Reformer,8,No,Condesa,2911
2025-03-15,Rodrigo Morales,Paquete,Reformer,Reformer,12,No,Polanco,4310
2025-03-15,Regina Morales,Clase Individual,Reformer,Reformer,0,No,Condesa,401
2025-03-15,Luis Cruz,Paquete,Chair,Chair,12,No,Roma,4546
2025-03-15,Rodrigo Gutiérrez,Fitpass,Chair,Chair,0,Sí,Polanco,209
2025-03-15,Lucía Vázquez,Clase Individual,Reformer,Reformer,0,No,Condesa,478
2025-03-15,Santiago Gómez,Fitpass,Mat Pilates,Ninguno,0,Sí,Roma,184
2025-03-15,Regina López,Paquete,Reformer,Reformer,8,No,Roma,3021
2025-03-15,Javier Rodríguez,Clase Individual,Cadillac,Cadillac,0,No,Polanco,405
2025-03-15,Ana García,Clase Individual,Cadillac,Cadillac,0,No,Roma,469
2025-03-16,Laura Reyes,Fitpass,Mat Pilates,Ninguno,0,Sí,Roma,188
2025-03-16,Camila Vázquez,Clase Individual,Cadillac,Cadillac,0,No,Polanco,403
2025-03-16,Sofía Gómez,Clase Individual,Reformer,Reformer,0,No,Condesa,519
2025-03-16,Natalia Torres,Paquete,Cadillac,Cadillac,8,No,Condesa,3049
2025-03-16,Carlos Martínez,Fitpass,Reformer,Reformer,0,Sí,Roma,195
2025-03-16,Paula Cruz,Paquete,Reformer,Reformer,12,No,Condesa,4688
2025-03-16,Ana Vázquez,Paquete,Reformer,Reformer,8,No,Condesa,3030
2025-03-16,Luis Mendoza,Fitpass,Chair,Chair,0,Sí,Condesa,196
2025-03-16,Laura Gutiérrez,Paquete,Reformer,Reformer,8,No,Condesa,2988
2025-03-16,Claudia Mendoza,Clase Individual,Reformer,Reformer,0,No,Condesa,418
2025-03-16,Lucía López,Paquete,Cadillac,Cadillac,12,No,Condesa,4117
2025-03-16,Claudia García,Paquete,Reformer,Reformer,12,No,Condesa,4557
2025-03-16,Mariana Ramírez,Fitpass,Reformer,Reformer,0,Sí,Roma,211
2025-03-16,Mateo Morales,Fitpass,Reformer,Reformer,0,Sí,Condesa,207
2025-03-17,Fernando Jiménez,Clase Individual,Reformer,Reformer,0,No,Polanco,477
2025-03-17,Carolina Vázquez,Clase Individual,Cadillac,Cadillac,0,No,Condesa,475
2025-03-17,Victoria Rodríguez,Paquete,Chair,Chair,8,No,Roma,3043
2025-03-17,Camila Pérez,Paquete,Reformer,Reformer,8,No,Roma,3104
2025-03-17,Diego Torres,Clase Individual,Mat Pilates,Ninguno,0,No,Polanco,382
2025-03-17,Mateo Cruz,Paquete,Reformer,Reformer,12,No,Polanco,4381
2025-03-17,Camila Vázquez,Clase Individual,Cadillac,Cadillac,0,No,Polanco,517
2025-03-17,Mateo García,Paquete,Reformer,Reformer,24,No,Polanco,8250
2025-03-17,Ximena Sánchez,Paquete,Reformer,Reformer,12,No,Polanco,4350
2025-03-17,Carlos García,Fitpass,Reformer,Reformer,0,Sí,Roma,236
2025-03-17,Daniela Morales,Paquete,Cadillac,Cadillac,24,No,Roma,8850
2025-03-17,Laura Jiménez,Fitpass,Mat Pilates,Ninguno,0,Sí,Condesa,226
2025-03-17,Fernanda López,Fitpass,Chair,Chair,0,Sí,Roma,215
2025-03-17,Mateo Rodríguez,Paquete,Reformer,Reformer,8,No,Roma,3129
2025-03-17,Alejandro Mendoza,Fitpass,Cadillac,Cadillac,0,Sí,Roma,230
2025-03-17,Ximena Gutiérrez,Fitpass,Reformer,Reformer,0,Sí,Condesa,240
2025-03-17,Javier Morales,Paquete,Reformer,Reformer,12,No,Polanco,4684
2025-03-18,Paula Ramírez,Clase Individual,Cadillac,Cadillac,0,No,Polanco,481
2025-03-18,Daniela González,Clase Individual,Mat Pilates,Ninguno,0,No,Polanco,420
2025-03-18,Carolina Díaz,Paquete,Chair,Chair,8,No,Polanco,3199
2025-03-18,Mariana Torres,Paquete,Reformer,Reformer,8,No,Polanco,3137
2025-03-18,Fernanda Cruz,Clase Individual,Chair,Chair,0,No,Polanco,451
2025-03-18,Diego Ramírez,Fitpass,Chair,Chair,0,Sí,Condesa,225
2025-03-18,Diego Mendoza,Paquete,Cadillac,Cadillac,8,No,Condesa,3091
2025-03-18,Mariana Torres,Fitpass,Mat Pilates,Ninguno,0,Sí,Roma,212
2025-03-18,Lucía Gutiérrez,Paquete,Cadillac,Cadillac,8,No,Roma,3276
2025-03-18,Rodrigo García,Fitpass,Cadillac,Cadillac,0,Sí,Roma,203
2025-03-18,Renata López,Paquete,Reformer,Reformer,8,No,Condesa,3106
2025-03-18,Fernando Mendoza,Paquete,Chair,Chair,12,No,Roma,4142
2025-03-18,Rodrigo García,Fitpass,Reformer,Reformer,0,Sí,Condesa,197
2025-03-18,Daniela Flores,Paquete,Mat Pilates,Ninguno,12,No,Condesa,4496
2025-03-18,Daniela Gómez,Paquete,Reformer,Reformer,12,No,Condesa,4193
2025-03-18,Laura Mendoza,Fitpass,Chair,Chair,0,Sí,Condesa,229
2025-03-18,Mariana Rodríguez,Fitpass,Cadillac,Cadillac,0,Sí,Roma,199
2025-03-19,Fernanda Jiménez,Fitpass,Reformer,Reformer,0,Sí,Roma,208
2025-03-19,Gabriela Díaz,Fitpass,Mat Pilates,Ninguno,0,Sí,Polanco,232
2025-03-19,Santiago Mendoza,Fitpass,Chair,Chair,0,Sí,Condesa,217
2025-03-19,Luis Cruz,Paquete,Reformer,Reformer,12,No,Roma,4347
2025-03-19,Fernanda Reyes,Paquete,Chair,Chair,8,No,Condesa,3115
2025-03-19,Sofía Díaz,Paquete,Cadillac,Cadillac,24,No,Roma,8349
2025-03-19,Alejandro Mendoza,Fitpass,Reformer,Reformer,0,Sí,Condesa,207
2025-03-19,Rodrigo González,Fitpass,Reformer,Reformer,0,Sí,Condesa,212
2025-03-19,Valeria Morales,Paquete,Cadillac,Cadillac,8,No,Condesa,3240
2025-03-19,Laura Reyes,Paquete,Reformer,Reformer,8,No,Condesa,3229
2025-03-19,Mateo Rodríguez,Fitpass,Reformer,Reformer,0,Sí,Condesa,240
2025-03-19,Carlos López,Paquete,Mat Pilates,Ninguno,8,No,Roma,3238
2025-03-19,Fernanda Gómez,Fitpass,Reformer,Reformer,0,Sí,Polanco,205
2025-03-19,Carlos López,Paquete,Reformer,Reformer,12,No,Polanco,4364
2025-03-19,Mateo García,Paquete,Reformer,Reformer,12,No,Roma,4102
2025-03-19,Lucía Ramírez,Paquete,Cadillac,Cadillac,8,No,Roma,3288
2025-03-19,Natalia Gutiérrez,Paquete,Cadillac,Cadillac,8,No,Polanco,3108
2025-03-20,Rodrigo Reyes,Paquete,Chair,Chair,24,No,Roma,7975
2025-03-20,Laura Reyes,Paquete,Chair,Chair,8,No,Condesa,3167
2025-03-20,Luis López,Paquete,Reformer,Reformer,8,No,Polanco,3276
2025-03-20,Natalia López,Paquete,Reformer,Reformer,8,No,Condesa,3103
2025-03-20,Paula Ramírez,Clase Individual,Chair,Chair,0,No,Roma,419
2025-03-20,Luis González,Clase Individual,Cadillac,Cadillac,0,No,Roma,484
2025-03-20,Paula Sánchez,Paquete,Cadillac,Cadillac,12,No,Polanco,4517
2025-03-20,Sofía Cruz,Paquete,Chair,Chair,8,No,Condesa,3085
2025-03-20,Daniela Ramírez,Fitpass,Chair,Chair,0,Sí,Roma,213
2025-03-20,María Hernández,Paquete,Reformer,Reformer,8,No,Polanco,3125
2025-03-20,Ximena Pérez,Fitpass,Reformer,Reformer,0,Sí,Roma,181
2025-03-21,Renata Sánchez,Paquete,Reformer,Reformer,24,No,Condesa,8132
2025-03-21,Mateo Pérez,Fitpass,Cadillac,Cadillac,0,Sí,Polanco,219
2025-03-21,Claudia Hernández,Clase Individual,Reformer,Reformer,0,No,Condesa,444
2025-03-21,Ximena Hernández,Paquete,Reformer,Reformer,8,No,Roma,3226
2025-03-21,Renata Flores,Fitpass,Chair,Chair,0,Sí,Polanco,239
2025-03-21,Claudia Torres,Fitpass,Chair,Chair,0,Sí,Polanco,234
2025-03-21,Gabriela Mendoza,Clase Individual,Reformer,Reformer,0,No,Roma,477
2025-03-21,Victoria Rodríguez,Fitpass,Reformer,Reformer,0,Sí,Roma,205
2025-03-21,Paula Rodríguez,Fitpass,Chair,Chair,0,Sí,Condesa,224
2025-03-21,Mateo Cruz,Clase Individual,Cadillac,Cadillac,0,No,Roma,414
2025-03-21,Ximena López,Fitpass,Chair,Chair,0,Sí,Polanco,231
2025-03-21,Javier Jiménez,Paquete,Mat Pilates,Ninguno,8,No,Condesa,3069
2025-03-21,Sofía González,Fitpass,Cadillac,Cadillac,0,Sí,Condesa,238
2025-03-21,Daniela Jiménez,Clase Individual,Chair,Chair,0,No,Condesa,422
2025-03-21,Fernanda Flores,Paquete,Chair,Chair,8,No,Roma,3187
2025-03-22,Santiago Gómez,Fitpass,Reformer,Reformer,0,Sí,Roma,214
2025-03-22,Santiago Rodríguez,Paquete,Reformer,Reformer,8,No,Condesa,3224
2025-03-22,Mariana Cruz,Fitpass,Chair,Chair,0,Sí,Condesa,198
2025-03-22,Camila Mendoza,Fitpass,Reformer,Reformer,0,Sí,Roma,209
2025-03-22,Fernanda Reyes,Fitpass,Cadillac,Cadillac,0,Sí,Roma,223
2025-03-22,Fernanda Hernández,Paquete,Reformer,Reformer,24,No,Condesa,8589
2025-03-22,Luis Pérez,Paquete,Mat Pilates,Ninguno,12,No,Roma,4683
2025-03-22,Natalia Morales,Clase Individual,Cadillac,Cadillac,0,No,Polanco,465
2025-03-23,Regina López,Paquete,Reformer,Reformer,8,No,Roma,3078
2025-03-23,Victoria Pérez,Clase Individual,Reformer,Reformer,0,No,Roma,395
2025-03-23,Carolina Jiménez,Paquete,Chair,Chair,24,No,Condesa,8184
2025-03-23,Renata López,Paquete,Mat Pilates,Ninguno,12,No,Condesa,4338
2025-03-23,María Cruz,Paquete,Chair,Chair,12,No,Roma,4103
2025-03-23,Regina Rodríguez,Fitpass,Reformer,Reformer,0,Sí,Polanco,191
2025-03-23,Ximena García,Clase Individual,Mat Pilates,Ninguno,0,No,Condesa,422
2025-03-23,Carolina Mendoza,Fitpass,Reformer,Reformer,0,Sí,Condesa,201
2025-03-23,Rodrigo Torres,Paquete,Reformer,Reformer,24,No,Roma,7912
2025-03-23,Fernanda Reyes,Clase Individual,Reformer,Reformer,0,No,Roma,497
2025-03-23,Mariana Flores,Paquete,Reformer,Reformer,8,No,Roma,2921
2025-03-23,Victoria Díaz,Clase Individual,Reformer,Reformer,0,No,Condesa,468
2025-03-23,Lucía Rodríguez,Clase Individual,Reformer,Reformer,0,No,Polanco,515
2025-03-23,Mateo Reyes,Clase Individual,Mat Pilates,Ninguno,0,No,Condesa,475
2025-03-23,Diego Gutiérrez,Fitpass,Chair,Chair,0,Sí,Roma,218
2025-03-23,Carlos Vázquez,Paquete,Chair,Chair,8,No,Polanco,2923
2025-03-23,Renata Flores,Clase Individual,Cadillac,Cadillac,0,No,Polanco,511
2025-03-23,Javier González,Paquete,Reformer,Reformer,8,No,Roma,2972
2025-03-23,Sofía Gómez,Paquete,Reformer,Reformer,24,No,Roma,8870
2025-03-23,Valeria Martínez,Clase Individual,Reformer,Reformer,0,No,Roma,421
2025-03-24,Daniela Hernández,Paquete,Reformer,Reformer,24,No,Roma,8560
2025-03-24,Alejandro Martínez,Paquete,Reformer,Reformer,8,No,Roma,2995
2025-03-24,Renata García,Fitpass,Reformer,Reformer,0,Sí,Polanco,187
2025-03-24,Ximena Martínez,Paquete,Reformer,Reformer,8,No,Condesa,3131
2025-03-24,Fernanda Cruz,Paquete,Reformer,Reformer,12,No,Condesa,4489
2025-03-24,Sofía Gutiérrez,Fitpass,Reformer,Reformer,0,Sí,Condesa,210
2025-03-24,Sofía Martínez,Paquete,Reformer,Reformer,8,No,Condesa,3035
2025-03-24,Javier Jiménez,Paquete,Chair,Chair,12,No,Roma,4645
2025-03-24,Laura González,Paquete,Reformer,Reformer,8,No,Condesa,3267
2025-03-24,Alejandro Mendoza,Paquete,Chair,Chair,8,No,Roma,3090
2025-03-24,Ana Gómez,Fitpass,Chair,Chair,0,Sí,Roma,238
2025-03-24,Miguel Flores,Paquete,Reformer,Reformer,8,No,Roma,3074
2025-03-24,Valeria Morales,Paquete,Chair,Chair,24,No,Polanco,8610
2025-03-24,Paula Martínez,Fitpass,Reformer,Reformer,0,Sí,Condesa,229
2025-03-24,Valeria Sánchez,Paquete,Reformer,Reformer,24,No,Roma,8692
2025-03-24,Santiago Hernández,Paquete,Reformer,Reformer,24,No,Roma,8400
2025-03-24,Javier Vázquez,Clase Individual,Reformer,Reformer,0,No,Condesa,480
2025-03-24,Ximena Morales,Paquete,Reformer,Reformer,8,No,Polanco,3110
2025-03-25,Mariana Flores,Fitpass,Reformer,Reformer,0,Sí,Condesa,196
2025-03-25,Laura Ramírez,Clase Individual,Reformer,Reformer,0,No,Condesa,406
2025-03-25,Carolina López,Paquete,Cadillac,Cadillac,8,No,Polanco,3123
2025-03-25,Claudia González,Clase Individual,Reformer,Reformer,0,No,Condesa,437
2025-03-25,Claudia Díaz,Fitpass,Reformer,Reformer,0,Sí,Roma,185
2025-03-25,Laura Mendoza,Fitpass,Chair,Chair,0,Sí,Condesa,190
2025-03-25,Carlos Díaz,Paquete,Reformer,Reformer,8,No,Condesa,2918
2025-03-25,Valeria Gómez,Fitpass,Chair,Chair,0,Sí,Roma,220
2025-03-26,Mariana Gómez,Clase Individual,Reformer,Reformer,0,No,Roma,519
2025-03-26,Fernanda Gómez,Fitpass,Reformer,Reformer,0,Sí,Roma,194
2025-03-26,Regina Torres,Fitpass,Reformer,Reformer,0,Sí,Polanco,189
2025-03-26,Andrea Díaz,Paquete,Reformer,Reformer,12,No,Condesa,4678
2025-03-26,Carlos Martínez,Fitpass,Mat Pilates,Ninguno,0,Sí,Roma,208
2025-03-26,Laura Martínez,Fitpass,Reformer,Reformer,0,Sí,Polanco,187
2025-03-26,Gabriela Mendoza,Fitpass,Chair,Chair,0,Sí,Condesa,207
2025-03-26,Victoria Pérez,Paquete,Reformer,Reformer,8,No,Roma,3117
2025-03-26,Rodrigo Cruz,Paquete,Reformer,Reformer,8,No,Polanco,3085
2025-03-26,Claudia García,Clase Individual,Reformer,Reformer,0,No,Polanco,383
2025-03-26,Andrea Sánchez,Fitpass,Chair,Chair,0,Sí,Roma,231
2025-03-26,Rodrigo Díaz,Paquete,Chair,Chair,12,No,Roma,4450
2025-03-26,Regina González,Fitpass,Reformer,Reformer,0,Sí,Condesa,227
2025-03-26,Regina Torres,Fitpass,Reformer,Reformer,0,Sí,Polanco,184
2025-03-27,Paula Mendoza,Fitpass,Chair,Chair,0,Sí,Roma,229
2025-03-27,Lucía Flores,Fitpass,Chair,Chair,0,Sí,Roma,229
2025-03-27,Javier Díaz,Paquete,Reformer,Reformer,8,No,Polanco,3175
2025-03-27,Regina Hernández,Fitpass,Reformer,Reformer,0,Sí,Roma,219
2025-03-27,Luis Rodríguez,Paquete,Mat Pilates,Ninguno,12,No,Polanco,4696
2025-03-27,Rodrigo Torres,Paquete,Reformer,Reformer,12,No,Polanco,4184
2025-03-27,Lucía Ramírez,Clase Individual,Reformer,Reformer,0,No,Polanco,408
2025-03-27,Camila Gómez,Paquete,Reformer,Reformer,24,No,Polanco,8718
2025-03-27,Alejandro Pérez,Fitpass,Chair,Chair,0,Sí,Roma,188
2025-03-27,Claudia Vázquez,Fitpass,Reformer,Reformer,0,Sí,Polanco,195
2025-03-27,Carolina García,Paquete,Mat Pilates,Ninguno,12,No,Polanco,4107
2025-03-27,Daniela Vázquez,Paquete,Reformer,Reformer,8,No,Condesa,2956
2025-03-27,Luis González,Clase Individual,Reformer,Reformer,0,No,Polanco,402
2025-03-27,Paula Morales,Paquete,Reformer,Reformer,12,No,Roma,4583
2025-03-27,Mariana Jiménez,Fitpass,Reformer,Reformer,0,Sí,Condesa,189
2025-03-27,Ximena García,Paquete,Reformer,Reformer,24,No,Polanco,8622
2025-03-27,Daniela Jiménez,Paquete,Cadillac,Cadillac,12,No,Condesa,4490
2025-03-27,Fernando Morales,Fitpass,Reformer,Reformer,0,Sí,Condesa,181
2025-03-27,Gabriela Ramírez,Paquete,Reformer,Reformer,8,No,Condesa,3053
2025-03-28,Sofía Flores,Clase Individual,Reformer,Reformer,0,No,Condesa,451
2025-03-28,Lucía Flores,Fitpass,Reformer,Reformer,0,Sí,Polanco,228
2025-03-28,Valeria Pérez,Clase Individual,Chair,Chair,0,No,Roma,483
2025-03-28,Ana Flores,Fitpass,Chair,Chair,0,Sí,Condesa,239
2025-03-28,Gabriela Jiménez,Fitpass,Mat Pilates,Ninguno,0,Sí,Polanco,199
2025-03-28,Victoria Cruz,Clase Individual,Cadillac,Cadillac,0,No,Condesa,437
2025-03-28,Sofía Cruz,Paquete,Reformer,Reformer,8,No,Polanco,2901
2025-03-28,Andrea González,Paquete,Reformer,Reformer,8,No,Roma,3273
2025-03-28,Andrea Morales,Paquete,Reformer,Reformer,12,No,Polanco,4418
2025-03-28,Javier Sánchez,Fitpass,Cadillac,Cadillac,0,Sí,Roma,211
2025-03-28,María Morales,Paquete,Reformer,Reformer,12,No,Roma,4430
2025-03-28,Mariana Mendoza,Paquete,Cadillac,Cadillac,8,No,Roma,3132
2025-03-28,Regina García,Paquete,Cadillac,Cadillac,12,No,Roma,4337
2025-03-28,Santiago Jiménez,Fitpass,Cadillac,Cadillac,0,Sí,Roma,195
2025-03-28,Paula Reyes,Paquete,Reformer,Reformer,12,No,Roma,4366
2025-03-28,Carlos García,Paquete,Chair,Chair,12,No,Condesa,4513
2025-03-29,Sofía Morales,Paquete,Mat Pilates,Ninguno,12,No,Roma,4448
2025-03-29,Fernanda Flores,Fitpass,Chair,Chair,0,Sí,Roma,197
2025-03-29,Mariana Martínez,Fitpass,Reformer,Reformer,0,Sí,Condesa,217
2025-03-29,Sofía Díaz,Clase Individual,Chair,Chair,0,No,Condesa,427
2025-03-29,Natalia Martínez,Fitpass,Reformer,Reformer,0,Sí,Roma,203
2025-03-29,Valeria Martínez,Paquete,Reformer,Reformer,8,No,Roma,3263
2025-03-29,Rodrigo Gutiérrez,Paquete,Cadillac,Cadillac,8,No,Roma,2956
2025-03-29,Paula Ramírez,Fitpass,Reformer,Reformer,0,Sí,Roma,188
2025-03-29,Natalia Morales,Paquete,Mat Pilates,Ninguno,8,No,Polanco,3279
2025-03-29,Fernanda Reyes,Paquete,Chair,Chair,12,No,Roma,4639
2025-03-29,Ana Martínez,Clase Individual,Reformer,Reformer,0,No,Condesa,383
2025-03-29,Fernanda González,Clase Individual,Mat Pilates,Ninguno,0,No,Roma,473
2025-03-29,Laura Martínez,Fitpass,Reformer,Reformer,0,Sí,Condesa,231
2025-03-29,Regina Gutiérrez,Paquete,Chair,Chair,8,No,Condesa,3037
2025-03-29,Laura Gómez,Paquete,Cadillac,Cadillac,12,No,Condesa,4635
2025-03-29,Diego Jiménez,Fitpass,Reformer,Reformer,0,Sí,Roma,203
2025-03-29,Natalia González,Paquete,Chair,Chair,12,No,Polanco,4123
2025-03-30,Ximena Flores,Fitpass,Reformer,Reformer,0,Sí,Polanco,190
2025-03-30,Alejandro Reyes,Clase Individual,Mat Pilates,Ninguno,0,No,Roma,401
2025-03-30,Valeria Cruz,Paquete,Cadillac,Cadillac,24,No,Condesa,8312
2025-03-30,Valeria Cruz,Paquete,Mat Pilates,Ninguno,8,No,Roma,3286
2025-03-30,Mateo Flores,Clase Individual,Mat Pilates,Ninguno,0,No,Polanco,404
2025-03-30,Rodrigo García,Clase Individual,Mat Pilates,Ninguno,0,No,Roma,380
2025-03-30,Luis López,Clase Individual,Reformer,Reformer,0,No,Condesa,484
2025-03-30,Renata Jiménez,Clase Individual,Reformer,Reformer,0,No,Condesa,401
2025-03-30,Regina Torres,Paquete,Cadillac,Cadillac,8,No,Roma,2991
2025-03-30,Regina Vázquez,Clase Individual,Reformer,Reformer,0,No,Roma,514
2025-03-30,Fernanda Díaz,Clase Individual,Chair,Chair,0,No,Condesa,392
2025-03-30,Santiago Reyes,Clase Individual,Mat Pilates,Ninguno,0,No,Roma,394
2025-03-30,María Gutiérrez,Paquete,Reformer,Reformer,12,No,Roma,4667
2025-03-30,Santiago Jiménez,Fitpass,Reformer,Reformer,0,Sí,Polanco,228
2025-03-30,Santiago Hernández,Clase Individual,Reformer,Reformer,0,No,Polanco,504
2025-03-30,Renata Gutiérrez,Clase Individual,Reformer,Reformer,0,No,Condesa,428
2025-03-30,Carolina Morales,Fitpass,Chair,Chair,0,Sí,Polanco,211
2025-03-31,Valeria Hernández,Fitpass,Reformer,Reformer,0,Sí,Condesa,193
2025-03-31,Carlos Torres,Paquete,Reformer,Reformer,8,No,Condesa,2933
2025-03-31,Santiago Morales,Fitpass,Cadillac,Cadillac,0,Sí,Condesa,235
2025-03-31,Andrea González,Paquete,Mat Pilates,Ninguno,24,No,Roma,8795
2025-03-31,Sofía Reyes,Fitpass,Reformer,Reformer,0,Sí,Polanco,182
2025-03-31,Ana Cruz,Paquete,Reformer,Reformer,8,No,Roma,3036
2025-03-31,Sofía Mendoza,Clase Individual,Chair,Chair,0,No,Condesa,429
2025-03-31,Diego Martínez,Fitpass,Reformer,Reformer,0,Sí,Condesa,213
2025-03-31,Mateo Reyes,Paquete,Chair,Chair,8,No,Roma,3206
2025-03-31,Lucía Rodríguez,Fitpass,Cadillac,Cadillac,0,Sí,Polanco,183
2025-03-31,Carlos López,Fitpass,Chair,Chair,0,Sí,Polanco,191
2025-03-31,Luis Gutiérrez,Fitpass,Chair,Chair,0,Sí,Polanco,234
2025-03-31,María Gutiérrez,Fitpass,Mat Pilates,Ninguno,0,Sí,Condesa,180
2025-03-31,Camila Cruz,Paquete,Chair,Chair,8,No,Condesa,2985
2025-03-31,Ana Mendoza,Clase Individual,Mat Pilates,Ninguno,0,No,Condesa,432
2025-04-01,Mariana Hernández,Clase Individual,Reformer,Reformer,0,No,Condesa,469
2025-04-01,Lucía Torres,Paquete,Mat Pilates,Ninguno,8,No,Condesa,3134
2025-04-01,Laura Sánchez,Clase Individual,Mat Pilates,Ninguno,0,No,Polanco,402
2025-04-01,Valeria Pérez,Paquete,Reformer,Reformer,12,No,Polanco,4515
2025-04-01,Natalia Torres,Clase Individual,Chair,Chair,0,No,Polanco,396
2025-04-01,Lucía Jiménez,Clase Individual,Reformer,Reformer,0,No,Polanco,470
2025-04-01,Andrea Martínez,Paquete,Reformer,Reformer,8,No,Condesa,2928
2025-04-01,Gabriela Martínez,Clase Individual,Chair,Chair,0,No,Polanco,390
2025-04-01,Fernando Flores,Clase Individual,Reformer,Reformer,0,No,Roma,389
2025-04-01,Renata González,Clase Individual,Cadillac,Cadillac,0,No,Condesa,495
2025-04-01,Camila Sánchez,Paquete,Chair,Chair,24,No,Condesa,7943
2025-04-01,Fernanda Reyes,Clase Individual,Chair,Chair,0,No,Roma,504
2025-04-01,Sofía Flores,Fitpass,Reformer,Reformer,0,Sí,Roma,198
2025-04-01,Miguel López,Paquete,Reformer,Reformer,24,No,Condesa,8578
2025-04-01,Laura Ramírez,Paquete,Reformer,Reformer,24,No,Roma,8513
2025-04-02,Carolina Ramírez,Paquete,Reformer,Reformer,8,No,Condesa,3107
2025-04-02,Santiago Jiménez,Fitpass,Chair,Chair,0,Sí,Polanco,197
2025-04-02,Carlos Mendoza,Fitpass,Reformer,Reformer,0,Sí,Condesa,218
2025-04-02,Fernanda Díaz,Clase Individual,Reformer,Reformer,0,No,Condesa,490
2025-04-02,Fernando Vázquez,Fitpass,Reformer,Reformer,0,Sí,Condesa,209
2025-04-02,Valeria Hernández,Fitpass,Cadillac,Cadillac,0,Sí,Condesa,240
2025-04-02,Gabriela Martínez,Paquete,Cadillac,Cadillac,12,No,Roma,4509
2025-04-02,Renata Jiménez,Fitpass,Cadillac,Cadillac,0,Sí,Polanco,188
2025-04-02,Diego Jiménez,Fitpass,Reformer,Reformer,0,Sí,Condesa,181
2025-04-02,Mariana López,Fitpass,Reformer,Reformer,0,Sí,Roma,240
2025-04-02,Camila Flores,Clase Individual,Reformer,Reformer,0,No,Condesa,392
2025-04-02,Regina Sánchez,Clase Individual,Chair,Chair,0,No,Condesa,400
2025-04-02,Carlos Ramírez,Paquete,Mat Pilates,Ninguno,8,No,Condesa,3267
2025-04-02,Paula Morales,Paquete,Cadillac,Cadillac,8,No,Condesa,3291
2025-04-02,Alejandro Reyes,Fitpass,Reformer,Reformer,0,Sí,Polanco,187
2025-04-02,Camila Hernández,Clase Individual,Reformer,Reformer,0,No,Condesa,473
2025-04-02,Camila Sánchez,Clase Individual,Chair,Chair,0,No,Roma,465
2025-04-02,Laura Díaz,Fitpass,Cadillac,Cadillac,0,Sí,Condesa,209
2025-04-02,Laura García,Paquete,Mat Pilates,Ninguno,8,No,Condesa,2966
2025-04-03,Laura Vázquez,Fitpass,Mat Pilates,Ninguno,0,Sí,Polanco,194
2025-04-03,Andrea Hernández,Fitpass,Reformer,Reformer,0,Sí,Roma,184
2025-04-03,Regina González,Paquete,Cadillac,Cadillac,8,No,Condesa,2956
2025-04-03,Mariana Díaz,Paquete,Reformer,Reformer,12,No,Condesa,4417
2025-04-03,Paula Cruz,Paquete,Cadillac,Cadillac,12,No,Polanco,4644
2025-04-03,Lucía Jiménez,Paquete,Chair,Chair,8,No,Roma,3164
2025-04-03,Lucía Sánchez,Paquete,Chair,Chair,12,No,Roma,4469
2025-04-03,Mateo Sánchez,Paquete,Chair,Chair,12,No,Polanco,4594
2025-04-03,Valeria Reyes,Paquete,Reformer,Reformer,8,No,Condesa,3080
2025-04-03,Carlos Gómez,Fitpass,Cadillac,Cadillac,0,Sí,Roma,235
2025-04-03,Victoria Díaz,Paquete,Chair,Chair,8,No,Polanco,3208
2025-04-04,Victoria González,Paquete,Reformer,Reformer,8,No,Polanco,2993
2025-04-04,Carolina Martínez,Paquete,Chair,Chair,8,No,Polanco,3093
2025-04-04,Miguel Mendoza,Paquete,Cadillac,Cadillac,24,No,Condesa,8775
2025-04-04,Andrea Sánchez,Fitpass,Chair,Chair,0,Sí,Polanco,198
2025-04-04,Laura Mendoza,Paquete,Chair,Chair,24,No,Condesa,7939
2025-04-04,Paula Vázquez,Paquete,Chair,Chair,8,No,Polanco,3223
2025-04-04,Mariana Morales,Paquete,Cadillac,Cadillac,8,No,Condesa,3098
2025-04-04,Alejandro Díaz,Fitpass,Mat Pilates,Ninguno,0,Sí,Polanco,234
2025-04-04,Regina Gómez,Paquete,Chair,Chair,8,No,Condesa,3189
2025-04-04,Javier Ramírez,Fitpass,Chair,Chair,0,Sí,Roma,220
2025-04-04,Claudia García,Clase Individual,Reformer,Reformer,0,No,Roma,412
2025-04-04,Alejandro Gómez,Paquete,Mat Pilates,Ninguno,8,No,Condesa,3181
2025-04-05,Fernanda Jiménez,Fitpass,Reformer,Reformer,0,Sí,Roma,231
2025-04-05,María Pérez,Fitpass,Mat Pilates,Ninguno,0,Sí,Roma,240
2025-04-05,Valeria Díaz,Paquete,Chair,Chair,8,No,Roma,3251
2025-04-05,Javier Jiménez,Fitpass,Reformer,Reformer,0,Sí,Polanco,215
2025-04-05,Paula Torres,Fitpass,Reformer,Reformer,0,Sí,Roma,200
2025-04-05,Fernando Gutiérrez,Paquete,Reformer,Reformer,12,No,Roma,4397
2025-04-05,Mariana López,Fitpass,Cadillac,Cadillac,0,Sí,Polanco,202
2025-04-05,Renata González,Paquete,Mat Pilates,Ninguno,8,No,Roma,3046
2025-04-05,Carolina Gómez,Fitpass,Cadillac,Cadillac,0,Sí,Condesa,235
2025-04-05,Gabriela Gutiérrez,Fitpass,Reformer,Reformer,0,Sí,Polanco,215
2025-04-05,Daniela Torres,Paquete,Mat Pilates,Ninguno,8,No,Polanco,2934
2025-04-05,Lucía Gutiérrez,Clase Individual,Reformer,Reformer,0,No,Roma,428
2025-04-05,Victoria Sánchez,Fitpass,Reformer,Reformer,0,Sí,Roma,188
2025-04-05,Laura García,Clase Individual,Cadillac,Cadillac,0,No,Condesa,504
2025-04-05,Ana Mendoza,Clase Individual,Reformer,Reformer,0,No,Condesa,380
2025-04-06,Ana García,Fitpass,Reformer,Reformer,0,Sí,Roma,184
2025-04-06,Javier Ramírez,Clase Individual,Mat Pilates,Ninguno,0,No,Roma,453
2025-04-06,Santiago López,Paquete,Chair,Chair,24,No,Roma,8355
2025-04-06,Sofía Mendoza,Fitpass,Reformer,Reformer,0,Sí,Condesa,208
2025-04-06,Laura Pérez,Clase Individual,Reformer,Reformer,0,No,Condesa,474
2025-04-06,Javier Jiménez,Fitpass,Mat Pilates,Ninguno,0,Sí,Roma,202
2025-04-06,Carlos Vázquez,Fitpass,Reformer,Reformer,0,Sí,Roma,201
2025-04-06,Santiago Rodríguez,Paquete,Reformer,Reformer,8,No,Condesa,3255
2025-04-06,Rodrigo Díaz,Paquete,Cadillac,Cadillac,24,No,Condesa,8803
2025-04-06,Fernando Morales,Fitpass,Cadillac,Cadillac,0,Sí,Polanco,210
2025-04-07,Carlos Mendoza,Paquete,Cadillac,Cadillac,12,No,Condesa,4511
2025-04-07,Valeria Morales,Fitpass,Chair,Chair,0,Sí,Polanco,239
2025-04-07,Carlos Mendoza,Paquete,Chair,Chair,12,No,Roma,4537
2025-04-07,Ximena Gómez,Fitpass,Reformer,Reformer,0,Sí,Polanco,221
2025-04-07,Victoria Gómez,Fitpass,Cadillac,Cadillac,0,Sí,Roma,224
2025-04-07,Diego Mendoza,Paquete,Reformer,Reformer,12,No,Condesa,4379
2025-04-07,Rodrigo López,Fitpass,Chair,Chair,0,Sí,Polanco,181
2025-04-08,María García,Fitpass,Reformer,Reformer,0,Sí,Roma,182
2025-04-08,Fernanda González,Clase Individual,Mat Pilates,Ninguno,0,No,Condesa,495
2025-04-08,María Gómez,Paquete,Chair,Chair,12,No,Roma,4360
2025-04-08,Gabriela Díaz,Paquete,Reformer,Reformer,12,No,Condesa,4336
2025-04-08,Fernando García,Paquete,Chair,Chair,12,No,Polanco,4654
2025-04-08,Laura Martínez,Fitpass,Reformer,Reformer,0,Sí,Roma,198
2025-04-08,Regina García,Paquete,Reformer,Reformer,8,No,Condesa,3066
2025-04-08,Miguel Pérez,Clase Individual,Cadillac,Cadillac,0,No,Condesa,392
2025-04-08,Lucía López,Fitpass,Cadillac,Cadillac,0,Sí,Condesa,234
2025-04-08,Miguel Ramírez,Paquete,Chair,Chair,8,No,Roma,3209
2025-04-08,Carolina Díaz,Fitpass,Cadillac,Cadillac,0,Sí,Condesa,210
2025-04-08,Mariana Mendoza,Paquete,Reformer,Reformer,8,No,Polanco,3019
2025-04-08,Ana Gutiérrez,Clase Individual,Reformer,Reformer,0,No,Polanco,456
2025-04-08,Miguel Torres,Clase Individual,Mat Pilates,Ninguno,0,No,Polanco,439
2025-04-08,Ximena Sánchez,Paquete,Mat Pilates,Ninguno,12,No,Roma,4544
2025-04-08,Carlos Vázquez,Fitpass,Chair,Chair,0,Sí,Condesa,222
2025-04-08,Carolina Ramírez,Fitpass,Reformer,Reformer,0,Sí,Polanco,209
2025-04-08,Valeria Gutiérrez,Clase Individual,Cadillac,Cadillac,0,No,Condesa,438
2025-04-08,Victoria Gutiérrez,Fitpass,Reformer,Reformer,0,Sí,Roma,211
2025-04-09,Javier Ramírez,Paquete,Reformer,Reformer,24,No,Condesa,8897
2025-04-09,Santiago Rodríguez,Paquete,Reformer,Reformer,8,No,Condesa,3100
2025-04-09,Renata López,Paquete,Chair,Chair,12,No,Polanco,4194
2025-04-09,Mariana Flores,Paquete,Reformer,Reformer,12,No,Polanco,4287
2025-04-09,Valeria Sánchez,Fitpass,Reformer,Reformer,0,Sí,Polanco,222
2025-04-09,Natalia Ramírez,Fitpass,Reformer,Reformer,0,Sí,Polanco,237
2025-04-09,Rodrigo Cruz,Clase Individual,Reformer,Reformer,0,No,Roma,491
2025-04-10,Laura Vázquez,Clase Individual,Reformer,Reformer,0,No,Polanco,382
2025-04-10,Camila Morales,Clase Individual,Cadillac,Cadillac,0,No,Condesa,420
2025-04-10,Daniela Jiménez,Paquete,Cadillac,Cadillac,12,No,Roma,4699
2025-04-10,Sofía Mendoza,Fitpass,Reformer,Reformer,0,Sí,Polanco,211
2025-04-10,Sofía Díaz,Clase Individual,Reformer,Reformer,0,No,Polanco,417
2025-04-10,Carolina Díaz,Fitpass,Reformer,Reformer,0,Sí,Roma,220
2025-04-10,Lucía González,Clase Individual,Reformer,Reformer,0,No,Polanco,384
2025-04-10,María Jiménez,Paquete,Cadillac,Cadillac,8,No,Roma,3021
2025-04-10,Camila Morales,Clase Individual,Reformer,Reformer,0,No,Roma,478
2025-04-10,Camila Vázquez,Clase Individual,Reformer,Reformer,0,No,Condesa,381
2025-04-10,Lucía Reyes,Clase Individual,Cadillac,Cadillac,0,No,Roma,483
2025-04-10,Daniela Jiménez,Paquete,Mat Pilates,Ninguno,12,No,Polanco,4118
2025-04-10,Camila Gutiérrez,Clase Individual,Reformer,Reformer,0,No,Condesa,472
2025-04-10,Claudia Ramírez,Paquete,Cadillac,Cadillac,12,No,Roma,4465
2025-04-10,Renata González,Fitpass,Mat Pilates,Ninguno,0,Sí,Roma,219
2025-04-10,Renata Gutiérrez,Paquete,Reformer,Reformer,8,No,Roma,2934
2025-04-11,Andrea Morales,Paquete,Reformer,Reformer,12,No,Roma,4599
2025-04-11,Rodrigo Mendoza,Paquete,Chair,Chair,8,No,Roma,2988
2025-04-11,Gabriela Hernández,Paquete,Mat Pilates,Ninguno,12,No,Roma,4155
2025-04-11,Renata Jiménez,Paquete,Reformer,Reformer,12,No,Roma,4156
2025-04-11,Fernando Jiménez,Paquete,Mat Pilates,Ninguno,8,No,Condesa,3174
2025-04-11,Alejandro Gómez,Paquete,Chair,Chair,24,No,Polanco,8358
2025-04-11,Fernanda Jiménez,Clase Individual,Cadillac,Cadillac,0,No,Polanco,394
2025-04-11,Paula Ramírez,Paquete,Reformer,Reformer,8,No,Condesa,3204
2025-04-11,Victoria Reyes,Paquete,Mat Pilates,Ninguno,12,No,Condesa,4153
2025-04-11,Luis López,Paquete,Reformer,Reformer,8,No,Roma,3217
2025-04-11,Alejandro Jiménez,Paquete,Reformer,Reformer,12,No,Polanco,4520
2025-04-11,Javier Flores,Clase Individual,Reformer,Reformer,0,No,Condesa,439
2025-04-11,Santiago Rodríguez,Clase Individual,Cadillac,Cadillac,0,No,Polanco,488
2025-04-11,Rodrigo Sánchez,Paquete,Cadillac,Cadillac,24,No,Condesa,8706
2025-04-11,Alejandro Sánchez,Paquete,Reformer,Reformer,8,No,Roma,2916
2025-04-12,Diego Pérez,Paquete,Mat Pilates,Ninguno,8,No,Polanco,3134
2025-04-12,Paula Reyes,Paquete,Mat Pilates,Ninguno,12,No,Polanco,4501
2025-04-12,Ana Ramírez,Fitpass,Reformer,Reformer,0,Sí,Roma,185
2025-04-12,Fernanda Rodríguez,Paquete,Reformer,Reformer,12,No,Condesa,4214
2025-04-12,Diego Ramírez,Clase Individual,Chair,Chair,0,No,Condesa,477
2025-04-12,Santiago Torres,Paquete,Cadillac,Cadillac,12,No,Condesa,4474
2025-04-12,Regina Jiménez,Paquete,Mat Pilates,Ninguno,12,No,Condesa,4147
2025-04-12,María Gutiérrez,Fitpass,Cadillac,Cadillac,0,Sí,Polanco,223
2025-04-12,Victoria Reyes,Paquete,Cadillac,Cadillac,8,No,Polanco,2916
2025-04-12,Gabriela Sánchez,Fitpass,Reformer,Reformer,0,Sí,Polanco,186
2025-04-12,Victoria Hernández,Clase Individual,Reformer,Reformer,0,No,Roma,483
2025-04-12,María Cruz,Paquete,Reformer,Reformer,12,No,Polanco,4669
2025-04-12,Lucía González,Clase Individual,Chair,Chair,0,No,Condesa,519
2025-04-12,Renata Flores,Paquete,Reformer,Reformer,12,No,Condesa,4684
2025-04-12,Natalia López,Paquete,Reformer,Reformer,12,No,Roma,4120
2025-04-13,Mateo González,Clase Individual,Mat Pilates,Ninguno,0,No,Polanco,389
2025-04-13,Regina Torres,Fitpass,Cadillac,Cadillac,0,Sí,Polanco,219
2025-04-13,Valeria Cruz,Paquete,Chair,Chair,8,No,Condesa,3214
2025-04-13,Paula Rodríguez,Fitpass,Cadillac,Cadillac,0,Sí,Condesa,206
2025-04-13,Fernanda García,Fitpass,Reformer,Reformer,0,Sí,Roma,198
2025-04-13,Fernanda Rodríguez,Clase Individual,Reformer,Reformer,0,No,Condesa,452
2025-04-13,Sofía Cruz,Fitpass,Chair,Chair,0,Sí,Polanco,232
2025-04-13,Rodrigo Pérez,Clase Individual,Chair,Chair,0,No,Polanco,400
2025-04-13,Carlos Vázquez,Fitpass,Reformer,Reformer,0,Sí,Roma,206
2025-04-13,Javier Jiménez,Fitpass,Chair,Chair,0,Sí,Polanco,238
2025-04-13,Camila Hernández,Clase Individual,Cadillac,Cadillac,0,No,Polanco,518
2025-04-13,Luis Reyes,Paquete,Reformer,Reformer,8,No,Condesa,3203
2025-04-13,Renata Torres,Fitpass,Reformer,Reformer,0,Sí,Polanco,217
2025-04-14,Sofía Díaz,Fitpass,Chair,Chair,0,Sí,Condesa,182
2025-04-14,Rodrigo Gutiérrez,Paquete,Reformer,Reformer,8,No,Condesa,3040
2025-04-14,Regina Pérez,Fitpass,Reformer,Reformer,0,Sí,Roma,181
2025-04-14,Andrea Díaz,Fitpass,Cadillac,Cadillac,0,Sí,Condesa,212
2025-04-14,Laura González,Clase Individual,Cadillac,Cadillac,0,No,Condesa,490
2025-04-14,Natalia Cruz,Fitpass,Mat Pilates,Ninguno,0,Sí,Roma,212
2025-04-14,Claudia Hernández,Paquete,Reformer,Reformer,24,No,Condesa,8227
2025-04-14,Carolina Torres,Paquete,Cadillac,Cadillac,8,No,Condesa,3009
2025-04-14,Regina Jiménez,Fitpass,Mat Pilates,Ninguno,0,Sí,Roma,198
2025-04-14,Regina Díaz,Paquete,Reformer,Reformer,12,No,Roma,4419
2025-04-14,Miguel Ramírez,Paquete,Reformer,Reformer,8,No,Roma,3269
2025-04-15,Lucía Jiménez,Fitpass,Cadillac,Cadillac,0,Sí,Condesa,231
2025-04-15,Fernando Reyes,Paquete,Reformer,Reformer,8,No,Polanco,3017
2025-04-15,Natalia Pérez,Paquete,Mat Pilates,Ninguno,12,No,Condesa,4583
2025-04-15,Carolina Sánchez,Fitpass,Reformer,Reformer,0,Sí,Condesa,218
2025-04-15,Santiago Reyes,Paquete,Mat Pilates,Ninguno,8,No,Condesa,3134
2025-04-15,Renata García,Fitpass,Reformer,Reformer,0,Sí,Condesa,190
2025-04-15,Carlos Torres,Fitpass,Chair,Chair,0,Sí,Roma,232
2025-04-15,Gabriela Vázquez,Fitpass,Mat Pilates,Ninguno,0,Sí,Polanco,226
2025-04-15,Ana Morales,Clase Individual,Reformer,Reformer,0,No,Roma,496
2025-04-15,Laura Díaz,Clase Individual,Cadillac,Cadillac,0,No,Condesa,466
2025-04-15,Natalia Torres,Clase Individual,Reformer,Reformer,0,No,Roma,428
2025-04-15,Natalia Díaz,Paquete,Cadillac,Cadillac,8,No,Roma,2952
2025-04-16,Mateo Pérez,Paquete,Cadillac,Cadillac,8,No,Condesa,3008
2025-04-16,Carlos Reyes,Paquete,Chair,Chair,8,No,Roma,3165
2025-04-16,Ana Gutiérrez,Paquete,Reformer,Reformer,12,No,Roma,4384
2025-04-16,Ximena González,Paquete,Reformer,Reformer,8,No,Condesa,3071
2025-04-16,Javier Morales,Paquete,Reformer,Reformer,8,No,Roma,3025
2025-04-16,Renata Jiménez,Paquete,Chair,Chair,12,No,Condesa,4256
2025-04-16,Andrea Jiménez,Paquete,Reformer,Reformer,24,No,Roma,8001
2025-04-16,Rodrigo García,Fitpass,Reformer,Reformer,0,Sí,Condesa,202
2025-04-16,Valeria Gutiérrez,Paquete,Chair,Chair,8,No,Polanco,3147
2025-04-16,Daniela Martínez,Paquete,Reformer,Reformer,8,No,Roma,3258
2025-04-16,Ximena Hernández,Fitpass,Chair,Chair,0,Sí,Roma,223
2025-04-16,Carolina Cruz,Fitpass,Reformer,Reformer,0,Sí,Roma,186
2025-04-16,Natalia Vázquez,Paquete,Reformer,Reformer,24,No,Condesa,8851
2025-04-17,Fernando Jiménez,Fitpass,Reformer,Reformer,0,Sí,Roma,199
2025-04-17,Alejandro Rodríguez,Clase Individual,Reformer,Reformer,0,No,Condesa,476
2025-04-17,Alejandro Mendoza,Clase Individual,Cadillac,Cadillac,0,No,Roma,419
2025-04-17,Rodrigo Cruz,Paquete,Cadillac,Cadillac,12,No,Condesa,4368
2025-04-17,Alejandro Díaz,Paquete,Chair,Chair,8,No,Polanco,3240
2025-04-17,Valeria García,Fitpass,Reformer,Reformer,0,Sí,Roma,184
2025-04-17,Laura Jiménez,Fitpass,Reformer,Reformer,0,Sí,Condesa,225
2025-04-17,Diego Martínez,Paquete,Reformer,Reformer,12,No,Roma,4355
2025-04-17,Andrea López,Clase Individual,Chair,Chair,0,No,Roma,437
2025-04-17,Claudia Torres,Fitpass,Reformer,Reformer,0,Sí,Roma,209
2025-04-18,Rodrigo Torres,Clase Individual,Chair,Chair,0,No,Roma,421
2025-04-18,Andrea Sánchez,Clase Individual,Reformer,Reformer,0,No,Roma,438
2025-04-18,Alejandro Torres,Clase Individual,Chair,Chair,0,No,Roma,382
2025-04-18,Luis Jiménez,Fitpass,Cadillac,Cadillac,0,Sí,Condesa,214
2025-04-18,Rodrigo Torres,Paquete,Chair,Chair,8,No,Condesa,2906
2025-04-18,Mariana Morales,Fitpass,Reformer,Reformer,0,Sí,Condesa,229
2025-04-18,Regina López,Paquete,Mat Pilates,Ninguno,8,No,Roma,3128
2025-04-18,Claudia Vázquez,Fitpass,Reformer,Reformer,0,Sí,Roma,240
2025-04-18,Laura Gómez,Clase Individual,Reformer,Reformer,0,No,Condesa,381
2025-04-18,Ximena Torres,Clase Individual,Cadillac,Cadillac,0,No,Polanco,455
2025-04-18,Ximena Gómez,Clase Individual,Reformer,Reformer,0,No,Polanco,426
2025-04-18,Carolina Martínez,Clase Individual,Reformer,Reformer,0,No,Roma,510
2025-04-19,Natalia Ramírez,Fitpass,Mat Pilates,Ninguno,0,Sí,Roma,217
2025-04-19,Laura Díaz,Fitpass,Cadillac,Cadillac,0,Sí,Condesa,211
2025-04-19,Fernanda González,Paquete,Chair,Chair,24,No,Condesa,8752
2025-04-19,Luis Vázquez,Fitpass,Cadillac,Cadillac,0,Sí,Roma,215
2025-04-19,Claudia Martínez,Clase Individual,Chair,Chair,0,No,Roma,413
2025-04-19,Alejandro Martínez,Fitpass,Reformer,Reformer,0,Sí,Roma,205
2025-04-19,Laura Mendoza,Paquete,Chair,Chair,8,No,Polanco,3289
2025-04-19,Daniela Ramírez,Paquete,Mat Pilates,Ninguno,24,No,Condesa,8763
2025-04-19,Gabriela Hernández,Paquete,Mat Pilates,Ninguno,12,No,Condesa,4558
2025-04-19,Andrea Hernández,Clase Individual,Chair,Chair,0,No,Polanco,480
2025-04-19,Diego Gómez,Fitpass,Reformer,Reformer,0,Sí,Roma,190
2025-04-19,Javier García,Paquete,Reformer,Reformer,12,No,Condesa,4277
2025-04-19,Sofía Gómez,Clase Individual,Mat Pilates,Ninguno,0,No,Condesa,388
2025-04-19,Carlos Gómez,Paquete,Mat Pilates,Ninguno,8,No,Polanco,3248
2025-04-19,Diego Ramírez,Paquete,Reformer,Reformer,12,No,Roma,4480
2025-04-19,Fernanda García,Paquete,Reformer,Reformer,8,No,Roma,3225
2025-04-20,Paula Reyes,Paquete,Reformer,Reformer,8,No,Condesa,3083
2025-04-20,Camila Ramírez,Fitpass,Reformer,Reformer,0,Sí,Roma,209
2025-04-20,Regina Mendoza,Paquete,Mat Pilates,Ninguno,8,No,Roma,3283
2025-04-20,Natalia Vázquez,Paquete,Reformer,Reformer,8,No,Polanco,3186
2025-04-20,Paula Cruz,Paquete,Reformer,Reformer,12,No,Roma,4565
2025-04-20,Daniela Gómez,Fitpass,Reformer,Reformer,0,Sí,Roma,216
2025-04-20,Alejandro Mendoza,Paquete,Reformer,Reformer,12,No,Condesa,4490
2025-04-21,Camila Rodríguez,Clase Individual,Chair,Chair,0,No,Roma,405
2025-04-21,Renata Vázquez,Clase Individual,Reformer,Reformer,0,No,Condesa,502
2025-04-21,Daniela López,Clase Individual,Reformer,Reformer,0,No,Roma,418
2025-04-21,Daniela Gómez,Fitpass,Reformer,Reformer,0,Sí,Roma,206
2025-04-21,Lucía Flores,Clase Individual,Cadillac,Cadillac,0,No,Polanco,467
2025-04-21,Claudia Morales,Paquete,Reformer,Reformer,8,No,Condesa,3168
2025-04-21,Valeria Gómez,Fitpass,Cadillac,Cadillac,0,Sí,Condesa,200
2025-04-21,Regina Hernández,Paquete,Reformer,Reformer,12,No,Polanco,4378
2025-04-21,Luis García,Clase Individual,Reformer,Reformer,0,No,Polanco,451
2025-04-21,Gabriela Díaz,Fitpass,Chair,Chair,0,Sí,Roma,197
2025-04-21,Rodrigo Ramírez,Clase Individual,Reformer,Reformer,0,No,Condesa,473
2025-04-21,Victoria Martínez,Clase Individual,Reformer,Reformer,0,No,Roma,492
2025-04-21,Ana Cruz,Fitpass,Mat Pilates,Ninguno,0,Sí,Condesa,211
2025-04-21,Valeria García,Fitpass,Reformer,Reformer,0,Sí,Polanco,212
2025-04-21,Sofía Pérez,Paquete,Chair,Chair,24,No,Condesa,8891
2025-04-22,Claudia Hernández,Clase Individual,Mat Pilates,Ninguno,0,No,Condesa,413
2025-04-22,Alejandro Vázquez,Fitpass,Reformer,Reformer,0,Sí,Polanco,195
2025-04-22,Sofía Pérez,Fitpass,Reformer,Reformer,0,Sí,Roma,181
2025-04-22,Paula Morales,Clase Individual,Chair,Chair,0,No,Roma,385
2025-04-22,Claudia Rodríguez,Paquete,Reformer,Reformer,12,No,Polanco,4411
2025-04-22,Santiago Torres,Paquete,Reformer,Reformer,8,No,Condesa,3048
2025-04-22,Laura Gutiérrez,Fitpass,Reformer,Reformer,0,Sí,Condesa,208
2025-04-22,Daniela Morales,Fitpass,Cadillac,Cadillac,0,Sí,Condesa,202
2025-04-22,Renata Flores,Fitpass,Chair,Chair,0,Sí,Roma,209
2025-04-22,María Díaz,Fitpass,Cadillac,Cadillac,0,Sí,Condesa,216
2025-04-22,Daniela Flores,Fitpass,Reformer,Reformer,0,Sí,Condesa,185
2025-04-22,Mateo Pérez,Fitpass,Cadillac,Cadillac,0,Sí,Roma,184
2025-04-22,Luis Reyes,Paquete,Reformer,Reformer,8,No,Polanco,3146
2025-04-22,Laura Vázquez,Paquete,Reformer,Reformer,12,No,Condesa,4502
2025-04-22,Mateo Rodríguez,Paquete,Reformer,Reformer,8,No,Roma,3116
2025-04-23,Javier Morales,Clase Individual,Cadillac,Cadillac,0,No,Roma,516
2025-04-23,Lucía Torres,Fitpass,Reformer,Reformer,0,Sí,Roma,201
2025-04-23,Claudia González,Fitpass,Reformer,Reformer,0,Sí,Polanco,188
2025-04-23,Victoria Rodríguez,Clase Individual,Reformer,Reformer,0,No,Polanco,380
2025-04-23,Javier Flores,Fitpass,Reformer,Reformer,0,Sí,Condesa,221
2025-04-23,Santiago Pérez,Fitpass,Mat Pilates,Ninguno,0,Sí,Roma,190
2025-04-23,Camila Sánchez,Clase Individual,Chair,Chair,0,No,Roma,509
2025-04-23,Fernando Vázquez,Fitpass,Reformer,Reformer,0,Sí,Condesa,188
2025-04-23,Lucía Reyes,Fitpass,Reformer,Reformer,0,Sí,Roma,202
2025-04-23,Paula Reyes,Paquete,Mat Pilates,Ninguno,12,No,Roma,4421
2025-04-23,Alejandro Vázquez,Paquete,Chair,Chair,12,No,Polanco,4288
2025-04-24,Paula Cruz,Clase Individual,Reformer,Reformer,0,No,Roma,434
2025-04-24,Fernanda Díaz,Fitpass,Reformer,Reformer,0,Sí,Condesa,195
2025-04-24,Mateo Reyes,Fitpass,Reformer,Reformer,0,Sí,Roma,233
2025-04-24,Fernando Torres,Fitpass,Mat Pilates,Ninguno,0,Sí,Polanco,215
2025-04-24,Santiago López,Paquete,Cadillac,Cadillac,8,No,Condesa,3093
2025-04-24,María Cruz,Fitpass,Chair,Chair,0,Sí,Condesa,238
2025-04-24,Sofía Cruz,Fitpass,Mat Pilates,Ninguno,0,Sí,Polanco,229
2025-04-24,Victoria Torres,Paquete,Reformer,Reformer,12,No,Roma,4214
2025-04-24,Daniela Martínez,Clase Individual,Reformer,Reformer,0,No,Condesa,384
2025-04-24,Regina Hernández,Paquete,Reformer,Reformer,8,No,Polanco,3085
2025-04-24,Regina Martínez,Paquete,Chair,Chair,8,No,Roma,3103
2025-04-24,Mateo Rodríguez,Paquete,Reformer,Reformer,8,No,Polanco,3148
2025-04-24,Ana Flores,Paquete,Cadillac,Cadillac,12,No,Roma,4450
2025-04-24,Mariana Gómez,Paquete,Cadillac,Cadillac,12,No,Polanco,4211
2025-04-25,Santiago Morales,Paquete,Chair,Chair,12,No,Condesa,4228
2025-04-25,Gabriela Sánchez,Fitpass,Cadillac,Cadillac,0,Sí,Condesa,191
2025-04-25,Natalia Reyes,Paquete,Reformer,Reformer,8,No,Polanco,2925
2025-04-25,Carolina González,Fitpass,Mat Pilates,Ninguno,0,Sí,Polanco,210
2025-04-25,Sofía Cruz,Paquete,Mat Pilates,Ninguno,8,No,Polanco,3086
2025-04-25,Mariana Gómez,Paquete,Cadillac,Cadillac,24,No,Polanco,8702
2025-04-25,Carlos Pérez,Paquete,Mat Pilates,Ninguno,8,No,Condesa,3176
2025-04-25,Natalia Ramírez,Fitpass,Mat Pilates,Ninguno,0,Sí,Roma,214
2025-04-25,Sofía García,Fitpass,Chair,Chair,0,Sí,Condesa,200
2025-04-25,Ximena Gutiérrez,Paquete,Cadillac,Cadillac,12,No,Condesa,4328
2025-04-25,Ana González,Fitpass,Chair,Chair,0,Sí,Polanco,239
2025-04-25,Natalia Pérez,Paquete,Reformer,Reformer,8,No,Roma,2928
2025-04-25,Laura Hernández,Paquete,Reformer,Reformer,12,No,Condesa,4186
2025-04-26,Victoria Gutiérrez,Paquete,Reformer,Reformer,8,No,Roma,3146
2025-04-26,Sofía Martínez,Paquete,Chair,Chair,24,No,Roma,8695
2025-04-26,Carolina García,Clase Individual,Reformer,Reformer,0,No,Polanco,393
2025-04-26,Lucía García,Paquete,Cadillac,Cadillac,12,No,Roma,4156
2025-04-26,Sofía Gutiérrez,Paquete,Mat Pilates,Ninguno,8,No,Condesa,2942
2025-04-26,Daniela Ramírez,Paquete,Reformer,Reformer,8,No,Polanco,3036
2025-04-26,Natalia Sánchez,Clase Individual,Cadillac,Cadillac,0,No,Polanco,421
2025-04-26,Sofía Reyes,Fitpass,Reformer,Reformer,0,Sí,Condesa,212
2025-04-26,Victoria Gutiérrez,Clase Individual,Reformer,Reformer,0,No,Roma,434
2025-04-26,Laura Martínez,Paquete,Chair,Chair,12,No,Roma,4184
2025-04-26,Natalia García,Fitpass,Cadillac,Cadillac,0,Sí,Condesa,208
2025-04-26,Ximena Ramírez,Clase Individual,Cadillac,Cadillac,0,No,Condesa,437
2025-04-26,Natalia Morales,Paquete,Mat Pilates,Ninguno,8,No,Condesa,3097
2025-04-26,Fernando García,Fitpass,Reformer,Reformer,0,Sí,Condesa,200
2025-04-26,Ana García,Paquete,Cadillac,Cadillac,12,No,Roma,4224
2025-04-26,Alejandro Vázquez,Paquete,Reformer,Reformer,24,No,Polanco,8122
2025-04-27,Carlos García,Clase Individual,Reformer,Reformer,0,No,Polanco,436
2025-04-27,Fernando Cruz,Paquete,Mat Pilates,Ninguno,12,No,Roma,4388
2025-04-27,Renata Torres,Fitpass,Reformer,Reformer,0,Sí,Roma,191
2025-04-27,Mariana López,Paquete,Chair,Chair,8,No,Polanco,3092
2025-04-27,Fernando Reyes,Paquete,Reformer,Reformer,24,No,Polanco,8489
2025-04-27,Diego Jiménez,Paquete,Reformer,Reformer,8,No,Condesa,3294
2025-04-27,Mariana Flores,Fitpass,Reformer,Reformer,0,Sí,Condesa,188
2025-04-27,Mateo López,Fitpass,Cadillac,Cadillac,0,Sí,Polanco,214
2025-04-27,Natalia Morales,Clase Individual,Reformer,Reformer,0,No,Polanco,477
2025-04-27,Santiago Gutiérrez,Fitpass,Chair,Chair,0,Sí,Polanco,215
2025-04-27,Luis Reyes,Clase Individual,Reformer,Reformer,0,No,Roma,452
2025-04-27,Alejandro Gómez,Paquete,Mat Pilates,Ninguno,24,No,Polanco,8286
2025-04-27,Gabriela Mendoza,Fitpass,Reformer,Reformer,0,Sí,Condesa,199
2025-04-27,Miguel Torres,Clase Individual,Reformer,Reformer,0,No,Roma,502
2025-04-27,Mariana Pérez,Clase Individual,Reformer,Reformer,0,No,Roma,398
2025-04-27,Lucía Hernández,Paquete,Reformer,Reformer,8,No,Condesa,3076
2025-04-27,Paula Sánchez,Fitpass,Mat Pilates,Ninguno,0,Sí,Condesa,238
2025-04-27,Fernanda Hernández,Fitpass,Mat Pilates,Ninguno,0,Sí,Roma,226
2025-04-28,Luis López,Paquete,Reformer,Reformer,8,No,Roma,3281
2025-04-28,Daniela Ramírez,Paquete,Chair,Chair,8,No,Roma,3058
2025-04-28,Miguel López,Clase Individual,Mat Pilates,Ninguno,0,No,Polanco,394
2025-04-28,Diego Martínez,Paquete,Chair,Chair,24,No,Polanco,8793
2025-04-28,Diego Mendoza,Paquete,Chair,Chair,8,No,Roma,3024
2025-04-28,Sofía Díaz,Paquete,Reformer,Reformer,24,No,Polanco,8373
2025-04-28,Camila Gutiérrez,Fitpass,Chair,Chair,0,Sí,Polanco,219
2025-04-28,Sofía Morales,Fitpass,Mat Pilates,Ninguno,0,Sí,Polanco,236
2025-04-28,Carlos Gómez,Fitpass,Chair,Chair,0,Sí,Roma,218
2025-04-29,María Jiménez,Fitpass,Chair,Chair,0,Sí,Roma,220
2025-04-29,Javier Gómez,Fitpass,Reformer,Reformer,0,Sí,Polanco,233
2025-04-29,Mariana Mendoza,Fitpass,Chair,Chair,0,Sí,Polanco,227
2025-04-29,Miguel Pérez,Fitpass,Reformer,Reformer,0,Sí,Roma,192
2025-04-29,Paula Morales,Fitpass,Reformer,Reformer,0,Sí,Condesa,210
2025-04-29,Ximena Flores,Fitpass,Chair,Chair,0,Sí,Roma,224
2025-04-29,María Díaz,Paquete,Chair,Chair,8,No,Condesa,3231
2025-04-30,Ana González,Clase Individual,Mat Pilates,Ninguno,0,No,Condesa,383
2025-04-30,Andrea Torres,Clase Individual,Reformer,Reformer,0,No,Condesa,407
2025-04-30,Rodrigo Torres,Clase Individual,Reformer,Reformer,0,No,Condesa,403
2025-04-30,Paula Mendoza,Paquete,Chair,Chair,12,No,Polanco,4314
2025-04-30,Miguel López,Fitpass,Chair,Chair,0,Sí,Roma,240
2025-04-30,Javier Rodríguez,Clase Individual,Reformer,Reformer,0,No,Roma,419
2025-04-30,Rodrigo Sánchez,Paquete,Reformer,Reformer,24,No,Condesa,7946
2025-04-30,Fernando Reyes,Fitpass,Reformer,Reformer,0,Sí,Polanco,202
2025-04-30,Daniela Gómez,Paquete,Mat Pilates,Ninguno,8,No,Condesa,3215
2025-04-30,Fernando Mendoza,Fitpass,Reformer,Reformer,0,Sí,Polanco,209
2025-04-30,Claudia Torres,Clase Individual,Cadillac,Cadillac,0,No,Polanco,517
2025-04-30,Mateo González,Fitpass,Reformer,Reformer,0,Sí,Condesa,192
2025-04-30,Andrea Martínez,Fitpass,Reformer,Reformer,0,Sí,Condesa,196
2025-04-30,Rodrigo Ramírez,Fitpass,Reformer,Reformer,0,Sí,Polanco,234
2025-04-30,Carlos Díaz,Fitpass,Cadillac,Cadillac,0,Sí,Roma,206
2025-04-30,Camila Cruz,Paquete,Reformer,Reformer,12,No,Condesa,4673
2025-04-30,Valeria Gutiérrez,Fitpass,Mat Pilates,Ninguno,0,Sí,Roma,239
2025-05-01,Mariana Hernández,Fitpass,Reformer,Reformer,0,Sí,Condesa,200
2025-05-01,Ana Morales,Paquete,Reformer,Reformer,12,No,Condesa,4518
2025-05-01,Claudia Martínez,Fitpass,Reformer,Reformer,0,Sí,Condesa,185
2025-05-01,Luis Morales,Paquete,Chair,Chair,8,No,Condesa,3242
2025-05-01,Claudia González,Clase Individual,Chair,Chair,0,No,Condesa,471
2025-05-01,Gabriela Jiménez,Paquete,Mat Pilates,Ninguno,8,No,Condesa,3112
2025-05-01,Renata Ramírez,Paquete,Chair,Chair,8,No,Roma,3074
2025-05-01,Diego Vázquez,Fitpass,Reformer,Reformer,0,Sí,Roma,208
2025-05-01,Daniela Cruz,Paquete,Chair,Chair,8,No,Roma,3082
2025-05-01,Renata Vázquez,Fitpass,Reformer,Reformer,0,Sí,Roma,181
2025-05-01,Lucía García,Clase Individual,Cadillac,Cadillac,0,No,Polanco,390
2025-05-01,Regina Ramírez,Paquete,Cadillac,Cadillac,8,No,Polanco,2916
2025-05-01,Fernando Díaz,Clase Individual,Reformer,Reformer,0,No,Roma,449
2025-05-01,Carolina Martínez,Fitpass,Reformer,Reformer,0,Sí,Condesa,239
2025-05-01,María Mendoza,Clase Individual,Reformer,Reformer,0,No,Roma,475
2025-05-01,Laura Hernández,Fitpass,Reformer,Reformer,0,Sí,Condesa,191
2025-05-01,Claudia Vázquez,Fitpass,Chair,Chair,0,Sí,Condesa,219
2025-05-02,Fernando Jiménez,Clase Individual,Chair,Chair,0,No,Condesa,420
2025-05-02,Mateo Martínez,Clase Individual,Chair,Chair,0,No,Roma,436
2025-05-02,Mateo Cruz,Paquete,Chair,Chair,8,No,Polanco,3056
2025-05-02,Rodrigo Díaz,Clase Individual,Reformer,Reformer,0,No,Roma,409
2025-05-02,Regina Pérez,Paquete,Chair,Chair,24,No,Condesa,8100
2025-05-02,Gabriela Gutiérrez,Fitpass,Mat Pilates,Ninguno,0,Sí,Roma,206
2025-05-02,Luis Jiménez,Fitpass,Mat Pilates,Ninguno,0,Sí,Roma,198
2025-05-02,Ximena Morales,Paquete,Reformer,Reformer,8,No,Roma,3260
2025-05-02,Claudia Rodríguez,Fitpass,Reformer,Reformer,0,Sí,Roma,232
2025-05-02,Fernando Sánchez,Clase Individual,Reformer,Reformer,0,No,Roma,412
2025-05-02,Mariana Cruz,Paquete,Reformer,Reformer,12,No,Condesa,4303
2025-05-02,Ximena Hernández,Paquete,Chair,Chair,12,No,Roma,4475
2025-05-02,Mateo Gómez,Clase Individual,Reformer,Reformer,0,No,Roma,402
2025-05-03,Victoria Pérez,Fitpass,Reformer,Reformer,0,Sí,Polanco,181
2025-05-03,Carolina Martínez,Paquete,Cadillac,Cadillac,12,No,Condesa,4269
2025-05-03,Rodrigo Cruz,Paquete,Reformer,Reformer,8,No,Roma,2974
2025-05-03,Regina Jiménez,Clase Individual,Mat Pilates,Ninguno,0,No,Polanco,435
2025-05-03,Victoria Flores,Clase Individual,Reformer,Reformer,0,No,Condesa,380
2025-05-03,Carlos Díaz,Paquete,Reformer,Reformer,8,No,Roma,2988
2025-05-03,Gabriela Díaz,Paquete,Cadillac,Cadillac,12,No,Polanco,4544
2025-05-03,Mariana Torres,Paquete,Reformer,Reformer,8,No,Polanco,3163
2025-05-03,Mateo Martínez,Fitpass,Chair,Chair,0,Sí,Roma,216
2025-05-03,Santiago Rodríguez,Paquete,Reformer,Reformer,12,No,Roma,4233
2025-05-03,Gabriela Gutiérrez,Paquete,Chair,Chair,8,No,Condesa,2996
2025-05-03,Ana Morales,Fitpass,Reformer,Reformer,0,Sí,Condesa,187
2025-05-03,Santiago Rodríguez,Paquete,Reformer,Reformer,8,No,Polanco,3058
2025-05-03,Mariana Flores,Paquete,Reformer,Reformer,12,No,Roma,4405
2025-05-03,Valeria Flores,Paquete,Chair,Chair,8,No,Condesa,3228
2025-05-03,Regina Rodríguez,Fitpass,Chair,Chair,0,Sí,Condesa,221
2025-05-03,Miguel Cruz,Fitpass,Chair,Chair,0,Sí,Roma,202
2025-05-03,Regina Mendoza,Fitpass,Reformer,Reformer,0,Sí,Roma,213
2025-05-03,Victoria Martínez,Paquete,Cadillac,Cadillac,8,No,Condesa,3225
2025-05-03,Alejandro López,Fitpass,Cadillac,Cadillac,0,Sí,Polanco,209
2025-05-03,María Gutiérrez,Paquete,Mat Pilates,Ninguno,8,No,Condesa,3017
2025-05-03,Alejandro Reyes,Fitpass,Reformer,Reformer,0,Sí,Condesa,217
2025-05-03,Sofía Flores,Fitpass,Reformer,Reformer,0,Sí,Polanco,196
2025-05-04,Valeria García,Paquete,Chair,Chair,24,No,Condesa,7938
2025-05-04,Rodrigo Torres,Fitpass,Reformer,Reformer,0,Sí,Condesa,220
2025-05-04,Miguel López,Clase Individual,Reformer,Reformer,0,No,Roma,454
2025-05-04,Fernando Cruz,Paquete,Cadillac,Cadillac,8,No,Polanco,3239
2025-05-04,Claudia Gutiérrez,Fitpass,Reformer,Reformer,0,Sí,Roma,192
2025-05-04,Fernando Morales,Paquete,Chair,Chair,12,No,Roma,4640
2025-05-04,Lucía Sánchez,Paquete,Cadillac,Cadillac,12,No,Roma,4582
2025-05-04,Paula Reyes,Paquete,Cadillac,Cadillac,8,No,Condesa,3085
2025-05-04,Valeria Cruz,Fitpass,Mat Pilates,Ninguno,0,Sí,Roma,233
2025-05-04,Diego Gutiérrez,Fitpass,Reformer,Reformer,0,Sí,Polanco,200
2025-05-04,Renata Vázquez,Paquete,Cadillac,Cadillac,12,No,Roma,4562
2025-05-04,Sofía Reyes,Fitpass,Reformer,Reformer,0,Sí,Roma,239
2025-05-05,Andrea Torres,Paquete,Cadillac,Cadillac,8,No,Roma,3105
2025-05-05,Victoria Rodríguez,Fitpass,Cadillac,Cadillac,0,Sí,Roma,192
2025-05-05,Sofía Flores,Paquete,Reformer,Reformer,8,No,Condesa,3091
2025-05-05,María Pérez,Clase Individual,Reformer,Reformer,0,No,Condesa,464
2025-05-05,Ana López,Fitpass,Reformer,Reformer,0,Sí,Condesa,205
2025-05-05,Luis Morales,Clase Individual,Reformer,Reformer,0,No,Condesa,441
2025-05-05,Claudia Pérez,Paquete,Mat Pilates,Ninguno,8,No,Polanco,3171
2025-05-05,Luis Morales,Clase Individual,Chair,Chair,0,No,Roma,456
2025-05-05,Santiago Morales,Paquete,Reformer,Reformer,12,No,Condesa,4450
2025-05-05,Renata Jiménez,Paquete,Chair,Chair,8,No,Condesa,3295
2025-05-05,Victoria Martínez,Fitpass,Reformer,Reformer,0,Sí,Roma,182
2025-05-05,Alejandro López,Paquete,Reformer,Reformer,12,No,Condesa,4154
2025-05-05,Alejandro Díaz,Paquete,Chair,Chair,8,No,Roma,3018
2025-05-05,Camila Cruz,Paquete,Reformer,Reformer,12,No,Polanco,4323
2025-05-05,Ana Flores,Fitpass,Reformer,Reformer,0,Sí,Condesa,201
2025-05-06,Luis Díaz,Clase Individual,Reformer,Reformer,0,No,Polanco,518
2025-05-06,Laura Jiménez,Clase Individual,Mat Pilates,Ninguno,0,No,Roma,516
2025-05-06,Fernando Gómez,Fitpass,Mat Pilates,Ninguno,0,Sí,Roma,183
2025-05-06,Valeria Vázquez,Fitpass,Reformer,Reformer,0,Sí,Condesa,235
2025-05-06,Rodrigo Morales,Fitpass,Chair,Chair,0,Sí,Roma,221
2025-05-06,Javier García,Fitpass,Cadillac,Cadillac,0,Sí,Roma,208
2025-05-06,Fernando Reyes,Fitpass,Chair,Chair,0,Sí,Condesa,180
2025-05-06,Rodrigo Sánchez,Paquete,Reformer,Reformer,8,No,Condesa,3183
2025-05-06,Lucía Gutiérrez,Clase Individual,Reformer,Reformer,0,No,Condesa,423
2025-05-06,Fernando Mendoza,Fitpass,Reformer,Reformer,0,Sí,Condesa,189
2025-05-06,Ana Gutiérrez,Paquete,Cadillac,Cadillac,12,No,Condesa,4393
2025-05-06,Andrea Gómez,Clase Individual,Mat Pilates,Ninguno,0,No,Condesa,446
2025-05-07,Gabriela García,Paquete,Mat Pilates,Ninguno,24,No,Condesa,8158
2025-05-07,María Jiménez,Fitpass,Reformer,Reformer,0,Sí,Condesa,196
2025-05-07,Andrea Gutiérrez,Paquete,Mat Pilates,Ninguno,12,No,Roma,4484
2025-05-07,Valeria Pérez,Clase Individual,Reformer,Reformer,0,No,Condesa,424
2025-05-07,Carolina Ramírez,Fitpass,Chair,Chair,0,Sí,Condesa,204
2025-05-07,Alejandro Díaz,Clase Individual,Mat Pilates,Ninguno,0,No,Condesa,384
2025-05-07,Laura Reyes,Paquete,Reformer,Reformer,8,No,Condesa,3233
2025-05-07,Daniela Gutiérrez,Paquete,Reformer,Reformer,8,No,Polanco,3025
2025-05-07,Gabriela Martínez,Fitpass,Reformer,Reformer,0,Sí,Condesa,184
2025-05-07,Ana García,Fitpass,Mat Pilates,Ninguno,0,Sí,Polanco,190
2025-05-07,Javier Sánchez,Paquete,Reformer,Reformer,12,No,Condesa,4600
2025-05-07,Natalia Martínez,Fitpass,Mat Pilates,Ninguno,0,Sí,Polanco,193
2025-05-08,Valeria García,Paquete,Chair,Chair,8,No,Condesa,3213
2025-05-08,Mateo Hernández,Paquete,Mat Pilates,Ninguno,8,No,Roma,3278
2025-05-08,Fernando González,Paquete,Reformer,Reformer,12,No,Roma,4692
2025-05-08,Carolina Jiménez,Fitpass,Reformer,Reformer,0,Sí,Condesa,181
2025-05-08,Luis Pérez,Paquete,Reformer,Reformer,12,No,Roma,4169
2025-05-08,Andrea Jiménez,Clase Individual,Chair,Chair,0,No,Condesa,392
2025-05-08,Lucía López,Paquete,Chair,Chair,8,No,Condesa,3242
2025-05-08,Natalia López,Clase Individual,Reformer,Reformer,0,No,Roma,492
2025-05-08,Camila Pérez,Paquete,Mat Pilates,Ninguno,8,No,Roma,3288
2025-05-09,Natalia Hernández,Fitpass,Mat Pilates,Ninguno,0,Sí,Condesa,223
2025-05-09,Mateo Pérez,Fitpass,Reformer,Reformer,0,Sí,Polanco,216
2025-05-09,Santiago Reyes,Fitpass,Mat Pilates,Ninguno,0,Sí,Roma,240
2025-05-09,Luis Díaz,Paquete,Reformer,Reformer,24,No,Condesa,8183
2025-05-09,Carlos Morales,Fitpass,Cadillac,Cadillac,0,Sí,Condesa,180
2025-05-09,Ximena Torres,Fitpass,Chair,Chair,0,Sí,Roma,224
2025-05-09,Valeria García,Fitpass,Reformer,Reformer,0,Sí,Roma,227
2025-05-09,Sofía Torres,Paquete,Mat Pilates,Ninguno,8,No,Roma,3279
2025-05-09,Mariana Gómez,Clase Individual,Reformer,Reformer,0,No,Polanco,491
2025-05-09,Regina Reyes,Paquete,Reformer,Reformer,8,No,Roma,2975
2025-05-09,María Díaz,Clase Individual,Mat Pilates,Ninguno,0,No,Polanco,460
2025-05-09,Rodrigo Torres,Fitpass,Cadillac,Cadillac,0,Sí,Condesa,198
2025-05-09,Ximena Martínez,Paquete,Chair,Chair,12,No,Roma,4547
2025-05-09,María Flores,Clase Individual,Reformer,Reformer,0,No,Polanco,450
2025-05-09,Claudia Martínez,Paquete,Reformer,Reformer,12,No,Polanco,4623
2025-05-10,Miguel Gutiérrez,Fitpass,Reformer,Reformer,0,Sí,Condesa,199
2025-05-10,Santiago Ramírez,Clase Individual,Reformer,Reformer,0,No,Roma,491
2025-05-10,Mateo García,Fitpass,Reformer,Reformer,0,Sí,Condesa,236
2025-05-10,Luis Gutiérrez,Fitpass,Cadillac,Cadillac,0,Sí,Roma,228
2025-05-10,Daniela Morales,Clase Individual,Chair,Chair,0,No,Roma,424
2025-05-10,Santiago Mendoza,Paquete,Reformer,Reformer,8,No,Polanco,3069
2025-05-10,Claudia Gutiérrez,Paquete,Reformer,Reformer,24,No,Polanco,8161
2025-05-10,Victoria Pérez,Paquete,Chair,Chair,8,No,Roma,3164
2025-05-10,Diego Sánchez,Fitpass,Reformer,Reformer,0,Sí,Condesa,229
2025-05-10,Renata Morales,Fitpass,Chair,Chair,0,Sí,Condesa,196
2025-05-10,Javier Gómez,Fitpass,Reformer,Reformer,0,Sí,Roma,218
2025-05-11,Mariana Rodríguez,Paquete,Reformer,Reformer,8,No,Roma,3103
2025-05-11,Camila Cruz,Clase Individual,Chair,Chair,0,No,Condesa,440
2025-05-11,Camila Cruz,Paquete,Mat Pilates,Ninguno,12,No,Roma,4176
2025-05-11,Miguel Flores,Paquete,Reformer,Reformer,12,No,Roma,4377
2025-05-11,Santiago Morales,Paquete,Reformer,Reformer,8,No,Roma,3069
2025-05-11,Lucía Rodríguez,Fitpass,Mat Pilates,Ninguno,0,Sí,Roma,190
2025-05-11,Carlos Ramírez,Paquete,Chair,Chair,8,No,Condesa,3131
2025-05-11,Laura Jiménez,Fitpass,Reformer,Reformer,0,Sí,Polanco,185
2025-05-11,María Mendoza,Fitpass,Chair,Chair,0,Sí,Condesa,218
2025-05-11,Claudia Vázquez,Clase Individual,Mat Pilates,Ninguno,0,No,Roma,380
2025-05-11,Natalia Reyes,Paquete,Reformer,Reformer,24,No,Roma,8716
2025-05-11,Victoria Díaz,Paquete,Chair,Chair,8,No,Polanco,3195
2025-05-11,Renata Vázquez,Fitpass,Chair,Chair,0,Sí,Roma,214
2025-05-11,Paula Flores,Fitpass,Cadillac,Cadillac,0,Sí,Condesa,189
2025-05-11,Laura Gómez,Paquete,Mat Pilates,Ninguno,8,No,Roma,2992
2025-05-11,Camila Sánchez,Paquete,Chair,Chair,8,No,Condesa,3202
2025-05-11,Sofía Rodríguez,Paquete,Cadillac,Cadillac,24,No,Roma,8097
2025-05-11,Javier Sánchez,Fitpass,Reformer,Reformer,0,Sí,Roma,224
2025-05-11,Renata Gómez,Clase Individual,Reformer,Reformer,0,No,Polanco,463
2025-05-11,Claudia Díaz,Paquete,Reformer,Reformer,8,No,Polanco,3204
2025-05-12,Carolina Torres,Clase Individual,Chair,Chair,0,No,Condesa,384
2025-05-12,Ximena Gómez,Paquete,Cadillac,Cadillac,12,No,Roma,4132
2025-05-12,Ana Flores,Clase Individual,Reformer,Reformer,0,No,Roma,397
2025-05-12,Ximena Vázquez,Paquete,Chair,Chair,8,No,Polanco,3105
2025-05-12,Mariana Gómez,Fitpass,Mat Pilates,Ninguno,0,Sí,Polanco,189
2025-05-12,Paula Díaz,Fitpass,Mat Pilates,Ninguno,0,Sí,Condesa,224
2025-05-12,Miguel Torres,Paquete,Cadillac,Cadillac,8,No,Roma,3069
2025-05-12,Valeria Martínez,Paquete,Cadillac,Cadillac,12,No,Polanco,4142
2025-05-12,Claudia Vázquez,Paquete,Mat Pilates,Ninguno,12,No,Polanco,4681
2025-05-12,Daniela Morales,Fitpass,Reformer,Reformer,0,Sí,Roma,206
2025-05-12,Ana Pérez,Fitpass,Mat Pilates,Ninguno,0,Sí,Roma,204
2025-05-13,Claudia Morales,Paquete,Cadillac,Cadillac,24,No,Polanco,8074
2025-05-13,Javier Ramírez,Fitpass,Mat Pilates,Ninguno,0,Sí,Polanco,193
2025-05-13,Fernando Vázquez,Paquete,Reformer,Reformer,12,No,Condesa,4423
2025-05-13,Diego Sánchez,Fitpass,Cadillac,Cadillac,0,Sí,Condesa,207
2025-05-13,María Mendoza,Clase Individual,Reformer,Reformer,0,No,Polanco,417
2025-05-13,María Gutiérrez,Fitpass,Reformer,Reformer,0,Sí,Polanco,182
2025-05-13,Paula Sánchez,Paquete,Cadillac,Cadillac,8,No,Condesa,3182
2025-05-13,Victoria Gómez,Fitpass,Mat Pilates,Ninguno,0,Sí,Condesa,196
2025-05-13,Regina González,Paquete,Chair,Chair,8,No,Polanco,3272
2025-05-13,Miguel Sánchez,Fitpass,Reformer,Reformer,0,Sí,Polanco,210
2025-05-13,Gabriela Hernández,Clase Individual,Cadillac,Cadillac,0,No,Condesa,476
2025-05-13,Daniela Vázquez,Paquete,Cadillac,Cadillac,24,No,Roma,8372
2025-05-13,Victoria González,Clase Individual,Chair,Chair,0,No,Polanco,401
2025-05-13,Natalia Gutiérrez,Fitpass,Reformer,Reformer,0,Sí,Roma,222
2025-05-14,Victoria González,Paquete,Mat Pilates,Ninguno,12,No,Roma,4134
2025-05-14,Regina Pérez,Fitpass,Reformer,Reformer,0,Sí,Roma,211
2025-05-14,Paula Rodríguez,Paquete,Reformer,Reformer,8,No,Polanco,3136
2025-05-14,Victoria Gómez,Paquete,Reformer,Reformer,24,No,Condesa,8691
2025-05-14,Renata Sánchez,Fitpass,Reformer,Reformer,0,Sí,Roma,239
2025-05-14,Natalia Torres,Clase Individual,Chair,Chair,0,No,Condesa,392
2025-05-14,Diego Rodríguez,Paquete,Reformer,Reformer,8,No,Condesa,3051
2025-05-14,Laura Flores,Paquete,Cadillac,Cadillac,8,No,Roma,3253
2025-05-14,Camila Morales,Paquete,Chair,Chair,12,No,Roma,4570
2025-05-14,Diego Gutiérrez,Fitpass,Chair,Chair,0,Sí,Polanco,193
2025-05-14,Andrea González,Paquete,Reformer,Reformer,8,No,Roma,3067
2025-05-14,Claudia Díaz,Fitpass,Reformer,Reformer,0,Sí,Condesa,209
2025-05-14,Miguel Rodríguez,Paquete,Mat Pilates,Ninguno,12,No,Condesa,4506
2025-05-15,Carolina Sánchez,Clase Individual,Cadillac,Cadillac,0,No,Condesa,419
2025-05-15,Mateo Cruz,Clase Individual,Mat Pilates,Ninguno,0,No,Condesa,455
2025-05-15,Javier Torres,Paquete,Mat Pilates,Ninguno,8,No,Roma,2926
2025-05-15,Luis Gutiérrez,Paquete,Reformer,Reformer,8,No,Roma,3237
2025-05-15,Gabriela Jiménez,Paquete,Chair,Chair,12,No,Roma,4538
2025-05-15,Daniela Reyes,Paquete,Cadillac,Cadillac,8,No,Roma,2932
2025-05-15,Lucía Torres,Fitpass,Reformer,Reformer,0,Sí,Roma,229
2025-05-15,Gabriela Gómez,Paquete,Chair,Chair,12,No,Condesa,4199
2025-05-15,Javier Morales,Clase Individual,Chair,Chair,0,No,Polanco,453
2025-05-15,Alejandro Reyes,Paquete,Reformer,Reformer,8,No,Roma,2993
2025-05-15,Miguel Díaz,Paquete,Mat Pilates,Ninguno,8,No,Roma,3182
2025-05-15,Fernanda Jiménez,Fitpass,Mat Pilates,Ninguno,0,Sí,Roma,218
2025-05-15,Ximena Torres,Fitpass,Chair,Chair,0,Sí,Condesa,199
2025-05-15,Claudia García,Fitpass,Reformer,Reformer,0,Sí,Roma,216
2025-05-15,Mariana Rodríguez,Clase Individual,Cadillac,Cadillac,0,No,Polanco,429
2025-05-16,Fernanda Díaz,Fitpass,Reformer,Reformer,0,Sí,Roma,196
2025-05-16,Diego Gutiérrez,Paquete,Cadillac,Cadillac,12,No,Condesa,4542
2025-05-16,Renata Reyes,Paquete,Chair,Chair,24,No,Roma,8275
2025-05-16,Camila Ramírez,Paquete,Reformer,Reformer,12,No,Roma,4367
2025-05-16,Alejandro Flores,Clase Individual,Reformer,Reformer,0,No,Condesa,486
2025-05-16,Claudia Rodríguez,Paquete,Cadillac,Cadillac,12,No,Roma,4114
2025-05-16,Ximena Vázquez,Clase Individual,Chair,Chair,0,No,Polanco,486
2025-05-16,María Rodríguez,Fitpass,Reformer,Reformer,0,Sí,Condesa,204
2025-05-16,Miguel Cruz,Clase Individual,Reformer,Reformer,0,No,Condesa,467
2025-05-16,Daniela González,Paquete,Chair,Chair,8,No,Condesa,2904
2025-05-16,Ana Flores,Fitpass,Chair,Chair,0,Sí,Condesa,217
2025-05-17,Miguel Rodríguez,Paquete,Mat Pilates,Ninguno,8,No,Polanco,3025
2025-05-17,Regina Cruz,Fitpass,Chair,Chair,0,Sí,Roma,238
2025-05-17,Sofía Flores,Paquete,Mat Pilates,Ninguno,24,No,Roma,8039
2025-05-17,Alejandro Vázquez,Paquete,Cadillac,Cadillac,12,No,Polanco,4650
2025-05-17,Lucía García,Paquete,Reformer,Reformer,12,No,Condesa,4510
2025-05-17,Gabriela Mendoza,Fitpass,Chair,Chair,0,Sí,Condesa,202
2025-05-17,Fernanda Flores,Paquete,Chair,Chair,8,No,Roma,2964
2025-05-17,Victoria Gutiérrez,Fitpass,Chair,Chair,0,Sí,Condesa,236
2025-05-17,Javier Morales,Paquete,Reformer,Reformer,12,No,Roma,4509
2025-05-17,Ana Gómez,Clase Individual,Chair,Chair,0,No,Polanco,402
2025-05-17,Camila Ramírez,Clase Individual,Reformer,Reformer,0,No,Condesa,415
2025-05-17,Mateo Gómez,Paquete,Chair,Chair,12,No,Roma,4394
2025-05-17,Paula Morales,Fitpass,Reformer,Reformer,0,Sí,Roma,217
2025-05-17,Fernanda Vázquez,Fitpass,Reformer,Reformer,0,Sí,Polanco,212
2025-05-17,Ximena Morales,Paquete,Cadillac,Cadillac,24,No,Roma,8238
2025-05-17,Regina Pérez,Paquete,Reformer,Reformer,8,No,Polanco,3203
2025-05-17,Renata Gutiérrez,Paquete,Mat Pilates,Ninguno,8,No,Polanco,3187
2025-05-17,Fernando Reyes,Paquete,Reformer,Reformer,24,No,Polanco,8202
2025-05-18,Lucía García,Clase Individual,Reformer,Reformer,0,No,Roma,461
2025-05-18,Ana Vázquez,Paquete,Reformer,Reformer,12,No,Condesa,4140
2025-05-18,Camila Morales,Fitpass,Reformer,Reformer,0,Sí,Roma,213
2025-05-18,María Pérez,Paquete,Reformer,Reformer,8,No,Condesa,3140
2025-05-18,Diego García,Fitpass,Cadillac,Cadillac,0,Sí,Condesa,194
2025-05-18,Andrea Pérez,Fitpass,Reformer,Reformer,0,Sí,Roma,228
2025-05-18,Regina Rodríguez,Paquete,Cadillac,Cadillac,24,No,Polanco,8708
2025-05-18,Fernanda Flores,Fitpass,Mat Pilates,Ninguno,0,Sí,Roma,196
2025-05-18,Luis Gutiérrez,Fitpass,Mat Pilates,Ninguno,0,Sí,Condesa,203
2025-05-18,Santiago Morales,Fitpass,Cadillac,Cadillac,0,Sí,Roma,222
2025-05-18,Fernando Gómez,Fitpass,Cadillac,Cadillac,0,Sí,Condesa,233
2025-05-18,Fernanda Gutiérrez,Clase Individual,Mat Pilates,Ninguno,0,No,Roma,431
2025-05-18,Regina Sánchez,Clase Individual,Reformer,Reformer,0,No,Roma,404
2025-05-18,Daniela Gutiérrez,Fitpass,Reformer,Reformer,0,Sí,Roma,194
2025-05-18,Daniela Sánchez,Fitpass,Reformer,Reformer,0,Sí,Polanco,235
2025-05-18,Fernando Sánchez,Paquete,Chair,Chair,8,No,Condesa,2946
2025-05-18,Alejandro Sánchez,Clase Individual,Reformer,Reformer,0,No,Roma,500
2025-05-19,Carolina Sánchez,Paquete,Reformer,Reformer,8,No,Roma,3204
2025-05-19,Fernanda Jiménez,Paquete,Reformer,Reformer,12,No,Roma,4269
2025-05-19,Victoria Gómez,Paquete,Chair,Chair,8,No,Polanco,2908
2025-05-19,Valeria Vázquez,Paquete,Reformer,Reformer,8,No,Roma,3213
2025-05-19,Victoria Reyes,Paquete,Reformer,Reformer,8,No,Condesa,3219
2025-05-19,Sofía Gutiérrez,Paquete,Reformer,Reformer,12,No,Polanco,4590
2025-05-19,Alejandro Jiménez,Paquete,Reformer,Reformer,8,No,Condesa,2953
2025-05-19,Paula Torres,Clase Individual,Reformer,Reformer,0,No,Roma,438
2025-05-19,Daniela Vázquez,Fitpass,Mat Pilates,Ninguno,0,Sí,Condesa,219
2025-05-19,Alejandro Vázquez,Paquete,Reformer,Reformer,8,No,Roma,3292
2025-05-19,Victoria Mendoza,Clase Individual,Chair,Chair,0,No,Roma,430
2025-05-19,Laura Gutiérrez,Paquete,Cadillac,Cadillac,12,No,Polanco,4314
2025-05-19,Daniela Ramírez,Paquete,Reformer,Reformer,8,No,Polanco,2966
2025-05-19,Lucía Sánchez,Paquete,Chair,Chair,12,No,Condesa,4369
2025-05-19,Mateo Martínez,Paquete,Cadillac,Cadillac,8,No,Polanco,3060
2025-05-19,Luis Cruz,Clase Individual,Reformer,Reformer,0,No,Polanco,519
2025-05-19,Mariana Torres,Paquete,Reformer,Reformer,8,No,Condesa,3186
2025-05-20,Rodrigo Gómez,Fitpass,Chair,Chair,0,Sí,Polanco,192
2025-05-20,Luis Reyes,Paquete,Chair,Chair,8,No,Condesa,3032
2025-05-20,María Gómez,Fitpass,Reformer,Reformer,0,Sí,Polanco,208
2025-05-20,Rodrigo García,Fitpass,Reformer,Reformer,0,Sí,Polanco,200
2025-05-20,Mariana Morales,Clase Individual,Reformer,Reformer,0,No,Roma,463
2025-05-20,Claudia Cruz,Fitpass,Reformer,Reformer,0,Sí,Polanco,221
2025-05-20,Natalia Díaz,Clase Individual,Reformer,Reformer,0,No,Condesa,428
2025-05-20,Paula López,Paquete,Reformer,Reformer,8,No,Condesa,3116
2025-05-20,Renata López,Paquete,Mat Pilates,Ninguno,12,No,Condesa,4654
2025-05-20,Alejandro Mendoza,Fitpass,Cadillac,Cadillac,0,Sí,Condesa,193
2025-05-20,Mateo López,Paquete,Reformer,Reformer,8,No,Roma,3184
2025-05-20,Daniela Flores,Paquete,Reformer,Reformer,8,No,Polanco,2975
2025-05-20,Lucía Díaz,Paquete,Reformer,Reformer,8,No,Condesa,3272
2025-05-20,Fernanda Hernández,Clase Individual,Chair,Chair,0,No,Roma,471
2025-05-20,Victoria Hernández,Paquete,Chair,Chair,8,No,Roma,2958
2025-05-20,Fernanda Martínez,Fitpass,Chair,Chair,0,Sí,Polanco,227
2025-05-20,Gabriela Gutiérrez,Paquete,Cadillac,Cadillac,12,No,Condesa,4473
2025-05-20,Victoria Mendoza,Paquete,Reformer,Reformer,12,No,Roma,4486
2025-05-21,Laura García,Paquete,Cadillac,Cadillac,12,No,Roma,4532
2025-05-21,Diego Ramírez,Paquete,Cadillac,Cadillac,12,No,Roma,4328
2025-05-21,Claudia González,Paquete,Mat Pilates,Ninguno,12,No,Polanco,4127
2025-05-21,Fernanda Vázquez,Paquete,Reformer,Reformer,12,No,Roma,4634
2025-05-21,Claudia Sánchez,Paquete,Reformer,Reformer,24,No,Roma,8771
2025-05-21,Fernanda Vázquez,Paquete,Reformer,Reformer,8,No,Roma,3279
2025-05-21,Paula Martínez,Paquete,Mat Pilates,Ninguno,24,No,Condesa,8647
2025-05-21,Gabriela Vázquez,Paquete,Cadillac,Cadillac,8,No,Roma,2917
2025-05-21,Daniela González,Paquete,Chair,Chair,8,No,Condesa,3070
2025-05-21,Mateo Flores,Fitpass,Chair,Chair,0,Sí,Roma,224
2025-05-21,Miguel Morales,Fitpass,Cadillac,Cadillac,0,Sí,Polanco,211
2025-05-21,Fernando García,Paquete,Reformer,Reformer,8,No,Condesa,3286
2025-05-21,Ximena Jiménez,Fitpass,Reformer,Reformer,0,Sí,Polanco,229
2025-05-21,Gabriela Díaz,Paquete,Mat Pilates,Ninguno,8,No,Roma,3085
2025-05-21,Daniela Hernández,Paquete,Reformer,Reformer,8,No,Condesa,3279
2025-05-22,Javier Díaz,Fitpass,Mat Pilates,Ninguno,0,Sí,Polanco,196
2025-05-22,Carolina Jiménez,Paquete,Reformer,Reformer,12,No,Roma,4633
2025-05-22,Luis García,Clase Individual,Reformer,Reformer,0,No,Roma,452
2025-05-22,Paula Torres,Paquete,Reformer,Reformer,8,No,Roma,2992
2025-05-22,Camila Martínez,Fitpass,Reformer,Reformer,0,Sí,Condesa,233
2025-05-22,Camila Martínez,Paquete,Reformer,Reformer,8,No,Roma,3262
2025-05-22,Fernanda Mendoza,Fitpass,Mat Pilates,Ninguno,0,Sí,Condesa,192
2025-05-22,Claudia Reyes,Clase Individual,Chair,Chair,0,No,Condesa,394
2025-05-22,Victoria Gómez,Paquete,Reformer,Reformer,12,No,Condesa,4577
2025-05-22,Lucía Flores,Clase Individual,Chair,Chair,0,No,Polanco,432
2025-05-22,Miguel Gutiérrez,Fitpass,Reformer,Reformer,0,Sí,Condesa,181
2025-05-22,Andrea Hernández,Fitpass,Chair,Chair,0,Sí,Polanco,227
2025-05-22,Ximena Flores,Clase Individual,Reformer,Reformer,0,No,Condesa,432
2025-05-22,Rodrigo López,Paquete,Reformer,Reformer,24,No,Condesa,8049
2025-05-22,Natalia Hernández,Clase Individual,Reformer,Reformer,0,No,Roma,476
2025-05-22,Daniela Torres,Paquete,Reformer,Reformer,8,No,Condesa,2928
2025-05-22,Fernanda García,Fitpass,Reformer,Reformer,0,Sí,Condesa,224
2025-05-22,Fernando Torres,Paquete,Cadillac,Cadillac,8,No,Condesa,3165
2025-05-22,Fernanda Mendoza,Clase Individual,Cadillac,Cadillac,0,No,Polanco,490
2025-05-23,Mariana Pérez,Paquete,Reformer,Reformer,8,No,Condesa,3300
2025-05-23,Carolina Torres,Fitpass,Reformer,Reformer,0,Sí,Roma,224
2025-05-23,Claudia Morales,Fitpass,Reformer,Reformer,0,Sí,Condesa,204
2025-05-23,Valeria Gómez,Paquete,Chair,Chair,12,No,Condesa,4108
2025-05-23,Carolina González,Clase Individual,Mat Pilates,Ninguno,0,No,Condesa,516
2025-05-23,Javier Torres,Fitpass,Mat Pilates,Ninguno,0,Sí,Roma,207
2025-05-23,Laura Sánchez,Paquete,Reformer,Reformer,8,No,Roma,3290
2025-05-23,Paula Gómez,Paquete,Reformer,Reformer,8,No,Condesa,3237
2025-05-23,Diego Gutiérrez,Fitpass,Reformer,Reformer,0,Sí,Roma,224
2025-05-23,María Gómez,Fitpass,Reformer,Reformer,0,Sí,Roma,204
2025-05-23,Mateo Sánchez,Fitpass,Reformer,Reformer,0,Sí,Condesa,217
2025-05-23,Valeria Reyes,Fitpass,Chair,Chair,0,Sí,Condesa,202
2025-05-23,Ximena Gutiérrez,Fitpass,Reformer,Reformer,0,Sí,Roma,198
2025-05-23,María Flores,Paquete,Cadillac,Cadillac,8,No,Polanco,2916
2025-05-23,Ximena García,Fitpass,Reformer,Reformer,0,Sí,Condesa,224
2025-05-24,Laura Sánchez,Clase Individual,Cadillac,Cadillac,0,No,Condesa,467
2025-05-24,Miguel Cruz,Clase Individual,Reformer,Reformer,0,No,Roma,419
2025-05-24,María Rodríguez,Paquete,Cadillac,Cadillac,12,No,Roma,4691
2025-05-24,Natalia Martínez,Paquete,Mat Pilates,Ninguno,8,No,Roma,3192
2025-05-24,Luis Hernández,Clase Individual,Reformer,Reformer,0,No,Condesa,400
2025-05-24,Ximena Hernández,Fitpass,Mat Pilates,Ninguno,0,Sí,Condesa,206
2025-05-24,Claudia Morales,Paquete,Chair,Chair,24,No,Condesa,8118
2025-05-24,Luis Díaz,Paquete,Chair,Chair,12,No,Roma,4472
2025-05-24,Renata Vázquez,Clase Individual,Reformer,Reformer,0,No,Polanco,433
2025-05-24,Valeria Sánchez,Clase Individual,Reformer,Reformer,0,No,Condesa,506
2025-05-24,Renata Sánchez,Fitpass,Reformer,Reformer,0,Sí,Condesa,228
2025-05-25,Daniela Vázquez,Fitpass,Reformer,Reformer,0,Sí,Polanco,205
2025-05-25,Alejandro Sánchez,Paquete,Chair,Chair,12,No,Condesa,4473
2025-05-25,Rodrigo Torres,Fitpass,Chair,Chair,0,Sí,Polanco,239
2025-05-25,Sofía López,Paquete,Chair,Chair,12,No,Condesa,4270
2025-05-25,Renata González,Paquete,Mat Pilates,Ninguno,12,No,Roma,4608
2025-05-25,Mariana Hernández,Paquete,Mat Pilates,Ninguno,8,No,Roma,2965
2025-05-25,Carolina Ramírez,Clase Individual,Reformer,Reformer,0,No,Polanco,491
2025-05-25,Lucía Martínez,Paquete,Chair,Chair,8,No,Roma,3129
2025-05-25,Laura García,Paquete,Mat Pilates,Ninguno,8,No,Polanco,3116
2025-05-25,Renata Ramírez,Clase Individual,Chair,Chair,0,No,Condesa,515
2025-05-25,Daniela Gómez,Paquete,Reformer,Reformer,8,No,Condesa,2968
2025-05-25,Laura Mendoza,Paquete,Reformer,Reformer,12,No,Polanco,4419
2025-05-25,Miguel Flores,Paquete,Reformer,Reformer,12,No,Roma,4502
2025-05-25,Natalia Hernández,Fitpass,Chair,Chair,0,Sí,Polanco,198
2025-05-26,Miguel Mendoza,Clase Individual,Reformer,Reformer,0,No,Roma,500
2025-05-26,Natalia Morales,Paquete,Cadillac,Cadillac,24,No,Polanco,8326
2025-05-26,Andrea Pérez,Fitpass,Reformer,Reformer,0,Sí,Roma,231
2025-05-26,Ana Flores,Paquete,Reformer,Reformer,8,No,Condesa,3261
2025-05-26,Lucía Hernández,Paquete,Reformer,Reformer,8,No,Polanco,2985
2025-05-26,Diego Gómez,Paquete,Reformer,Reformer,8,No,Roma,3180
2025-05-26,Ximena López,Fitpass,Reformer,Reformer,0,Sí,Condesa,189
2025-05-26,Luis García,Paquete,Cadillac,Cadillac,8,No,Roma,2957
2025-05-26,Mateo Díaz,Clase Individual,Cadillac,Cadillac,0,No,Roma,469
2025-05-26,Miguel Pérez,Fitpass,Cadillac,Cadillac,0,Sí,Roma,216
2025-05-26,Natalia Ramírez,Paquete,Reformer,Reformer,8,No,Polanco,2926
2025-05-26,Fernando Díaz,Paquete,Reformer,Reformer,24,No,Roma,8666
2025-05-26,Renata López,Paquete,Reformer,Reformer,12,No,Polanco,4279
2025-05-26,Diego Gutiérrez,Fitpass,Chair,Chair,0,Sí,Roma,208
2025-05-26,Lucía García,Fitpass,Reformer,Reformer,0,Sí,Roma,218
2025-05-26,Natalia Mendoza,Clase Individual,Reformer,Reformer,0,No,Polanco,420
2025-05-26,Lucía Hernández,Fitpass,Mat Pilates,Ninguno,0,Sí,Roma,201
2025-05-26,Laura Pérez,Paquete,Chair,Chair,8,No,Condesa,3140
2025-05-26,Paula Ramírez,Paquete,Reformer,Reformer,8,No,Roma,3086
2025-05-27,Regina Sánchez,Clase Individual,Mat Pilates,Ninguno,0,No,Condesa,485
2025-05-27,Santiago Díaz,Paquete,Reformer,Reformer,8,No,Roma,3213
2025-05-27,Victoria Vázquez,Clase Individual,Cadillac,Cadillac,0,No,Condesa,437
2025-05-27,Camila Pérez,Paquete,Reformer,Reformer,24,No,Condesa,8887
2025-05-27,Camila Flores,Clase Individual,Reformer,Reformer,0,No,Condesa,488
2025-05-27,Ana Gutiérrez,Paquete,Reformer,Reformer,12,No,Roma,4536
2025-05-27,María Jiménez,Paquete,Reformer,Reformer,8,No,Roma,3144
2025-05-27,Mateo Reyes,Fitpass,Cadillac,Cadillac,0,Sí,Roma,217
2025-05-27,Camila Díaz,Clase Individual,Reformer,Reformer,0,No,Roma,518
2025-05-27,Paula Ramírez,Paquete,Chair,Chair,8,No,Polanco,3291
2025-05-27,Valeria González,Paquete,Chair,Chair,12,No,Roma,4629
2025-05-27,Gabriela Gutiérrez,Clase Individual,Chair,Chair,0,No,Roma,436
2025-05-27,Mateo Sánchez,Fitpass,Chair,Chair,0,Sí,Roma,208
2025-05-27,Regina Morales,Paquete,Chair,Chair,8,No,Polanco,3060
2025-05-28,Luis Pérez,Paquete,Reformer,Reformer,8,No,Condesa,3234
2025-05-28,Carlos Pérez,Paquete,Mat Pilates,Ninguno,24,No,Roma,8551
2025-05-28,Valeria Díaz,Clase Individual,Chair,Chair,0,No,Condesa,499
2025-05-28,Alejandro Gómez,Fitpass,Mat Pilates,Ninguno,0,Sí,Condesa,213
2025-05-28,Rodrigo Gutiérrez,Fitpass,Mat Pilates,Ninguno,0,Sí,Roma,197
2025-05-28,María Flores,Clase Individual,Mat Pilates,Ninguno,0,No,Roma,479
2025-05-28,Rodrigo López,Fitpass,Reformer,Reformer,0,Sí,Roma,235
2025-05-28,Miguel López,Paquete,Chair,Chair,12,No,Polanco,4244
2025-05-28,Sofía Díaz,Paquete,Cadillac,Cadillac,12,No,Roma,4484
2025-05-28,Gabriela Ramírez,Fitpass,Chair,Chair,0,Sí,Condesa,202
2025-05-28,Diego Díaz,Clase Individual,Reformer,Reformer,0,No,Roma,511
2025-05-28,Mateo Reyes,Fitpass,Mat Pilates,Ninguno,0,Sí,Roma,212
2025-05-28,Carolina Sánchez,Paquete,Reformer,Reformer,12,No,Polanco,4661
2025-05-29,Sofía Mendoza,Fitpass,Mat Pilates,Ninguno,0,Sí,Polanco,221
2025-05-29,Rodrigo Reyes,Paquete,Reformer,Reformer,24,No,Condesa,8384
2025-05-29,Claudia García,Paquete,Mat Pilates,Ninguno,8,No,Polanco,3125
2025-05-29,Lucía Pérez,Paquete,Reformer,Reformer,24,No,Roma,8889
2025-05-29,Rodrigo Cruz,Clase Individual,Reformer,Reformer,0,No,Polanco,427
2025-05-29,Paula Vázquez,Clase Individual,Reformer,Reformer,0,No,Roma,394
2025-05-29,Natalia López,Fitpass,Reformer,Reformer,0,Sí,Roma,181
2025-05-29,Santiago Reyes,Clase Individual,Cadillac,Cadillac,0,No,Polanco,487
2025-05-29,Paula Vázquez,Clase Individual,Mat Pilates,Ninguno,0,No,Roma,436
2025-05-30,Diego Mendoza,Paquete,Chair,Chair,8,No,Roma,3066
2025-05-30,Mateo Cruz,Fitpass,Mat Pilates,Ninguno,0,Sí,Condesa,231
2025-05-30,Luis Jiménez,Clase Individual,Reformer,Reformer,0,No,Polanco,485
2025-05-30,Sofía Jiménez,Fitpass,Mat Pilates,Ninguno,0,Sí,Roma,220
2025-05-30,Daniela González,Fitpass,Reformer,Reformer,0,Sí,Polanco,214
2025-05-30,Sofía Jiménez,Paquete,Mat Pilates,Ninguno,12,No,Condesa,4239
2025-05-30,Ximena Hernández,Fitpass,Chair,Chair,0,Sí,Condesa,221
2025-05-30,Andrea Reyes,Fitpass,Reformer,Reformer,0,Sí,Polanco,238
2025-05-30,Claudia Torres,Clase Individual,Reformer,Reformer,0,No,Polanco,384
2025-05-30,Santiago Mendoza,Fitpass,Reformer,Reformer,0,Sí,Polanco,189
2025-05-30,Camila Gómez,Paquete,Mat Pilates,Ninguno,8,No,Roma,3289
2025-05-31,Natalia López,Paquete,Cadillac,Cadillac,8,No,Condesa,3282
2025-05-31,Lucía Díaz,Fitpass,Chair,Chair,0,Sí,Polanco,229
2025-05-31,Miguel Reyes,Fitpass,Chair,Chair,0,Sí,Roma,194
2025-05-31,Mariana Cruz,Paquete,Reformer,Reformer,12,No,Roma,4615
2025-05-31,Ana Morales,Fitpass,Mat Pilates,Ninguno,0,Sí,Polanco,187
2025-05-31,Regina Gutiérrez,Paquete,Mat Pilates,Ninguno,24,No,Roma,8723
2025-05-31,Regina López,Paquete,Reformer,Reformer,12,No,Condesa,4139
2025-05-31,Carolina Díaz,Paquete,Reformer,Reformer,24,No,Roma,8541
2025-05-31,Fernando Ramírez,Paquete,Chair,Chair,12,No,Roma,4510
2025-05-31,Gabriela Díaz,Paquete,Reformer,Reformer,8,No,Roma,2987
2025-05-31,Camila Díaz,Clase Individual,Cadillac,Cadillac,0,No,Condesa,505
2025-05-31,María Pérez,Paquete,Reformer,Reformer,12,No,Roma,4350
2025-05-31,Valeria Gómez,Paquete,Mat Pilates,Ninguno,8,No,Condesa,2987
2025-05-31,Ximena Flores,Paquete,Reformer,Reformer,8,No,Roma,3226
2025-05-31,Diego Díaz,Clase Individual,Mat Pilates,Ninguno,0,No,Condesa,388
2025-06-01,Santiago Pérez,Paquete,Mat Pilates,Ninguno,12,No,Polanco,4364
2025-06-01,Andrea Vázquez,Paquete,Chair,Chair,24,No,Roma,8542
2025-06-01,Carlos López,Paquete,Reformer,Reformer,8,No,Roma,3116
2025-06-01,Mariana Reyes,Paquete,Cadillac,Cadillac,8,No,Roma,3065
2025-06-01,Claudia Ramírez,Paquete,Reformer,Reformer,8,No,Roma,3204
2025-06-01,Javier Morales,Paquete,Reformer,Reformer,8,No,Roma,3193
2025-06-01,Carolina Hernández,Paquete,Mat Pilates,Ninguno,8,No,Polanco,3281
2025-06-01,Andrea López,Clase Individual,Cadillac,Cadillac,0,No,Polanco,439
2025-06-01,Valeria Flores,Fitpass,Chair,Chair,0,Sí,Roma,231
2025-06-01,Renata Vázquez,Clase Individual,Reformer,Reformer,0,No,Roma,485
2025-06-01,Fernando Martínez,Paquete,Reformer,Reformer,8,No,Condesa,2995
2025-06-01,Camila Flores,Clase Individual,Reformer,Reformer,0,No,Polanco,507
2025-06-01,Fernando Mendoza,Fitpass,Cadillac,Cadillac,0,Sí,Roma,237
2025-06-01,Diego López,Fitpass,Mat Pilates,Ninguno,0,Sí,Polanco,193
2025-06-02,Andrea Reyes,Fitpass,Reformer,Reformer,0,Sí,Condesa,191
2025-06-02,Mateo Rodríguez,Clase Individual,Reformer,Reformer,0,No,Condesa,479
2025-06-02,Victoria Flores,Fitpass,Chair,Chair,0,Sí,Condesa,209
2025-06-02,Carolina Gómez,Clase Individual,Reformer,Reformer,0,No,Roma,486
2025-06-02,Paula Gómez,Paquete,Mat Pilates,Ninguno,24,No,Polanco,8811
2025-06-02,María García,Paquete,Cadillac,Cadillac,8,No,Polanco,3014
2025-06-02,Daniela Gómez,Paquete,Reformer,Reformer,8,No,Condesa,2978
2025-06-02,Claudia Cruz,Clase Individual,Chair,Chair,0,No,Roma,463
2025-06-02,Camila Díaz,Paquete,Reformer,Reformer,8,No,Polanco,3204
2025-06-02,Laura Vázquez,Paquete,Reformer,Reformer,8,No,Roma,3264
2025-06-02,Fernanda Jiménez,Paquete,Reformer,Reformer,12,No,Roma,4661
2025-06-02,Victoria Jiménez,Fitpass,Mat Pilates,Ninguno,0,Sí,Roma,201
2025-06-02,Camila Torres,Clase Individual,Chair,Chair,0,No,Roma,428
2025-06-02,Renata Flores,Fitpass,Reformer,Reformer,0,Sí,Polanco,213
2025-06-03,Laura Vázquez,Paquete,Reformer,Reformer,8,No,Roma,3091
2025-06-03,Ana Flores,Paquete,Reformer,Reformer,8,No,Condesa,3084
2025-06-03,Luis Pérez,Clase Individual,Reformer,Reformer,0,No,Polanco,457
2025-06-03,Sofía Jiménez,Paquete,Mat Pilates,Ninguno,24,No,Roma,8089
2025-06-03,Daniela Martínez,Fitpass,Reformer,Reformer,0,Sí,Roma,229
2025-06-03,Miguel López,Paquete,Chair,Chair,12,No,Polanco,4616
2025-06-03,Ximena Torres,Paquete,Chair,Chair,8,No,Condesa,3004
2025-06-03,Gabriela Gómez,Paquete,Reformer,Reformer,12,No,Polanco,4141
2025-06-03,Carolina Sánchez,Paquete,Reformer,Reformer,8,No,Roma,3004
2025-06-03,Gabriela Vázquez,Paquete,Reformer,Reformer,8,No,Polanco,3104
2025-06-03,Santiago Mendoza,Paquete,Reformer,Reformer,24,No,Roma,8212
2025-06-03,Andrea Reyes,Fitpass,Chair,Chair,0,Sí,Roma,198
2025-06-03,Luis Reyes,Fitpass,Mat Pilates,Ninguno,0,Sí,Roma,187
2025-06-03,Carlos López,Paquete,Reformer,Reformer,12,No,Roma,4322
2025-06-04,Renata Jiménez,Fitpass,Mat Pilates,Ninguno,0,Sí,Condesa,215
2025-06-04,Claudia Gómez,Fitpass,Reformer,Reformer,0,Sí,Roma,193
2025-06-04,Claudia Jiménez,Paquete,Chair,Chair,24,No,Polanco,8017
2025-06-04,Renata Gutiérrez,Paquete,Mat Pilates,Ninguno,8,No,Roma,3005
2025-06-04,Carlos Ramírez,Fitpass,Reformer,Reformer,0,Sí,Roma,228
2025-06-04,Camila Mendoza,Paquete,Chair,Chair,24,No,Condesa,8749
2025-06-04,Diego Cruz,Clase Individual,Reformer,Reformer,0,No,Polanco,512
2025-06-04,Lucía Vázquez,Paquete,Reformer,Reformer,8,No,Polanco,3029
2025-06-04,Carlos Martínez,Fitpass,Chair,Chair,0,Sí,Polanco,181
2025-06-04,Miguel Díaz,Paquete,Chair,Chair,12,No,Roma,4377
2025-06-04,Luis Reyes,Paquete,Reformer,Reformer,8,No,Roma,3280
2025-06-05,Rodrigo Cruz,Paquete,Cadillac,Cadillac,8,No,Condesa,2942
2025-06-05,Regina Pérez,Fitpass,Reformer,Reformer,0,Sí,Roma,238
2025-06-05,Carolina Torres,Clase Individual,Reformer,Reformer,0,No,Polanco,491
2025-06-05,Diego Reyes,Clase Individual,Reformer,Reformer,0,No,Condesa,476
2025-06-05,Carlos Vázquez,Paquete,Chair,Chair,8,No,Condesa,3009
2025-06-05,Paula García,Paquete,Cadillac,Cadillac,8,No,Polanco,2920
2025-06-05,Victoria Díaz,Paquete,Chair,Chair,8,No,Condesa,3217
2025-06-05,Carolina Rodríguez,Paquete,Cadillac,Cadillac,8,No,Condesa,3066
2025-06-05,Laura Vázquez,Paquete,Chair,Chair,8,No,Roma,2996
2025-06-05,Laura Pérez,Paquete,Cadillac,Cadillac,8,No,Roma,3180
2025-06-05,Claudia Pérez,Fitpass,Chair,Chair,0,Sí,Polanco,239
2025-06-05,Mateo González,Fitpass,Chair,Chair,0,Sí,Polanco,182
2025-06-05,Luis Jiménez,Fitpass,Reformer,Reformer,0,Sí,Condesa,202
2025-06-05,Sofía González,Paquete,Reformer,Reformer,8,No,Roma,3001
2025-06-05,Natalia Ramírez,Fitpass,Reformer,Reformer,0,Sí,Roma,201
2025-06-06,Andrea Díaz,Paquete,Chair,Chair,24,No,Condesa,8742
2025-06-06,Javier González,Paquete,Chair,Chair,12,No,Condesa,4538
2025-06-06,Carolina Hernández,Clase Individual,Reformer,Reformer,0,No,Condesa,407
2025-06-06,Sofía Martínez,Clase Individual,Mat Pilates,Ninguno,0,No,Polanco,498
2025-06-06,Daniela Cruz,Fitpass,Reformer,Reformer,0,Sí,Condesa,239
2025-06-06,Valeria Flores,Fitpass,Reformer,Reformer,0,Sí,Condesa,227
2025-06-06,Victoria Pérez,Fitpass,Reformer,Reformer,0,Sí,Roma,183
2025-06-07,Rodrigo Torres,Paquete,Reformer,Reformer,8,No,Polanco,3194
2025-06-07,Claudia Cruz,Fitpass,Mat Pilates,Ninguno,0,Sí,Polanco,235
2025-06-07,Paula García,Clase Individual,Mat Pilates,Ninguno,0,No,Roma,392
2025-06-07,Fernanda Jiménez,Fitpass,Reformer,Reformer,0,Sí,Roma,215
2025-06-07,Ana Pérez,Paquete,Reformer,Reformer,8,No,Condesa,3243
2025-06-07,Sofía Flores,Paquete,Reformer,Reformer,8,No,Condesa,3297
2025-06-07,Natalia López,Clase Individual,Mat Pilates,Ninguno,0,No,Roma,456
2025-06-07,Valeria Flores,Fitpass,Reformer,Reformer,0,Sí,Roma,181
2025-06-07,Sofía López,Fitpass,Reformer,Reformer,0,Sí,Roma,190
2025-06-07,Fernanda López,Clase Individual,Reformer,Reformer,0,No,Roma,483
2025-06-07,Paula Díaz,Fitpass,Reformer,Reformer,0,Sí,Roma,184
2025-06-08,Diego González,Paquete,Reformer,Reformer,12,No,Condesa,4689
2025-06-08,Valeria Morales,Fitpass,Cadillac,Cadillac,0,Sí,Condesa,210
2025-06-08,Carolina Martínez,Fitpass,Reformer,Reformer,0,Sí,Roma,217
2025-06-08,Carolina García,Fitpass,Chair,Chair,0,Sí,Roma,202
2025-06-08,María Pérez,Clase Individual,Reformer,Reformer,0,No,Roma,436
2025-06-08,Sofía Sánchez,Clase Individual,Cadillac,Cadillac,0,No,Polanco,425
2025-06-08,Carlos López,Paquete,Mat Pilates,Ninguno,12,No,Condesa,4133
2025-06-08,Claudia Sánchez,Paquete,Mat Pilates,Ninguno,8,No,Condesa,3221
2025-06-08,Paula Reyes,Paquete,Reformer,Reformer,8,No,Roma,3242
2025-06-08,Santiago Mendoza,Paquete,Mat Pilates,Ninguno,24,No,Condesa,8713
2025-06-08,Alejandro Hernández,Clase Individual,Reformer,Reformer,0,No,Condesa,514
2025-06-08,Paula Flores,Fitpass,Chair,Chair,0,Sí,Condesa,226
2025-06-08,Paula Gutiérrez,Paquete,Cadillac,Cadillac,24,No,Condesa,7993
2025-06-08,Paula García,Paquete,Reformer,Reformer,8,No,Roma,3134
2025-06-08,Javier Díaz,Fitpass,Chair,Chair,0,Sí,Polanco,219
2025-06-08,Javier Mendoza,Clase Individual,Cadillac,Cadillac,0,No,Condesa,511
2025-06-09,Santiago Morales,Fitpass,Reformer,Reformer,0,Sí,Roma,196
2025-06-09,Victoria Gómez,Fitpass,Reformer,Reformer,0,Sí,Condesa,211
2025-06-09,Santiago Rodríguez,Fitpass,Cadillac,Cadillac,0,Sí,Condesa,203
2025-06-09,Andrea Vázquez,Fitpass,Reformer,Reformer,0,Sí,Condesa,229
2025-06-09,Claudia Pérez,Clase Individual,Chair,Chair,0,No,Roma,487
2025-06-09,Valeria Gómez,Paquete,Reformer,Reformer,8,No,Polanco,3210
2025-06-09,Lucía Reyes,Clase Individual,Reformer,Reformer,0,No,Polanco,440
2025-06-09,Victoria Jiménez,Fitpass,Cadillac,Cadillac,0,Sí,Condesa,221
2025-06-09,Valeria Vázquez,Paquete,Reformer,Reformer,8,No,Roma,3098
2025-06-09,Lucía Flores,Fitpass,Mat Pilates,Ninguno,0,Sí,Condesa,222
2025-06-09,María Jiménez,Fitpass,Chair,Chair,0,Sí,Roma,235
2025-06-09,Regina Jiménez,Paquete,Chair,Chair,12,No,Condesa,4102
2025-06-09,Javier Hernández,Paquete,Reformer,Reformer,24,No,Roma,8507
2025-06-10,Renata Flores,Clase Individual,Mat Pilates,Ninguno,0,No,Condesa,470
2025-06-10,Daniela Hernández,Clase Individual,Reformer,Reformer,0,No,Roma,445
2025-06-10,Alejandro Rodríguez,Fitpass,Chair,Chair,0,Sí,Polanco,185
2025-06-10,Victoria Vázquez,Paquete,Cadillac,Cadillac,12,No,Roma,4654
2025-06-10,Camila Torres,Paquete,Cadillac,Cadillac,12,No,Condesa,4460
2025-06-10,Daniela Reyes,Paquete,Reformer,Reformer,12,No,Polanco,4252
2025-06-10,Diego Jiménez,Fitpass,Cadillac,Cadillac,0,Sí,Roma,235
2025-06-10,María Reyes,Fitpass,Chair,Chair,0,Sí,Roma,225
2025-06-11,Carolina Díaz,Paquete,Cadillac,Cadillac,8,No,Condesa,3286
2025-06-11,Natalia Sánchez,Fitpass,Reformer,Reformer,0,Sí,Polanco,180
2025-06-11,Laura Flores,Fitpass,Reformer,Reformer,0,Sí,Condesa,211
2025-06-11,Camila Gómez,Fitpass,Reformer,Reformer,0,Sí,Roma,189
2025-06-11,Fernando Mendoza,Fitpass,Cadillac,Cadillac,0,Sí,Roma,192
2025-06-11,Regina González,Paquete,Reformer,Reformer,8,No,Condesa,3130
2025-06-11,Fernando Díaz,Clase Individual,Mat Pilates,Ninguno,0,No,Condesa,500
2025-06-11,Laura Jiménez,Fitpass,Reformer,Reformer,0,Sí,Roma,238
2025-06-11,Lucía Gutiérrez,Paquete,Cadillac,Cadillac,12,No,Condesa,4376
2025-06-11,Sofía Gómez,Paquete,Chair,Chair,8,No,Condesa,3039
2025-06-11,María García,Fitpass,Cadillac,Cadillac,0,Sí,Roma,188
2025-06-12,Carlos Martínez,Fitpass,Chair,Chair,0,Sí,Condesa,233
2025-06-12,Fernanda López,Fitpass,Reformer,Reformer,0,Sí,Polanco,210
2025-06-12,Victoria Pérez,Fitpass,Reformer,Reformer,0,Sí,Polanco,226
2025-06-12,Sofía García,Paquete,Reformer,Reformer,24,No,Polanco,8108
2025-06-12,Santiago Rodríguez,Fitpass,Reformer,Reformer,0,Sí,Roma,226
2025-06-12,Carlos Ramírez,Paquete,Cadillac,Cadillac,8,No,Condesa,3106
2025-06-12,Diego González,Fitpass,Chair,Chair,0,Sí,Polanco,211
2025-06-12,Laura Martínez,Paquete,Chair,Chair,12,No,Condesa,4696
2025-06-12,Ana Ramírez,Paquete,Reformer,Reformer,24,No,Polanco,8674
2025-06-12,Javier Gómez,Paquete,Reformer,Reformer,12,No,Roma,4392
2025-06-12,Alejandro Rodríguez,Fitpass,Reformer,Reformer,0,Sí,Roma,201
2025-06-12,Rodrigo García,Paquete,Reformer,Reformer,12,No,Polanco,4570
2025-06-13,Luis Díaz,Paquete,Cadillac,Cadillac,12,No,Roma,4338
2025-06-13,Fernanda García,Clase Individual,Chair,Chair,0,No,Roma,471
2025-06-13,Luis García,Fitpass,Reformer,Reformer,0,Sí,Polanco,235
2025-06-13,Claudia Sánchez,Paquete,Mat Pilates,Ninguno,12,No,Polanco,4583
2025-06-13,Laura Gómez,Paquete,Cadillac,Cadillac,12,No,Polanco,4337
2025-06-13,Valeria Martínez,Clase Individual,Reformer,Reformer,0,No,Condesa,506
2025-06-13,Alejandro Sánchez,Fitpass,Reformer,Reformer,0,Sí,Polanco,225
2025-06-13,Santiago Ramírez,Paquete,Cadillac,Cadillac,12,No,Roma,4331
2025-06-13,Luis Díaz,Fitpass,Chair,Chair,0,Sí,Polanco,180
2025-06-13,Alejandro Torres,Paquete,Chair,Chair,12,No,Condesa,4184
2025-06-13,Ximena Gómez,Paquete,Reformer,Reformer,8,No,Roma,3025
2025-06-13,Laura Pérez,Paquete,Reformer,Reformer,8,No,Roma,2945
2025-06-13,Mateo Hernández,Paquete,Chair,Chair,8,No,Roma,2989
2025-06-13,Valeria Gutiérrez,Clase Individual,Cadillac,Cadillac,0,No,Roma,451
2025-06-14,Paula Gómez,Paquete,Chair,Chair,8,No,Polanco,3176
2025-06-14,Santiago Martínez,Paquete,Mat Pilates,Ninguno,12,No,Condesa,4365
2025-06-14,María Morales,Paquete,Reformer,Reformer,8,No,Roma,3258
2025-06-14,Sofía Pérez,Fitpass,Chair,Chair,0,Sí,Roma,188
2025-06-14,Gabriela Gómez,Fitpass,Reformer,Reformer,0,Sí,Condesa,225
2025-06-14,Santiago Díaz,Paquete,Reformer,Reformer,12,No,Roma,4629
2025-06-14,Paula Sánchez,Paquete,Cadillac,Cadillac,8,No,Roma,3016
2025-06-14,Laura Hernández,Paquete,Mat Pilates,Ninguno,8,No,Roma,3176
2025-06-14,Claudia Sánchez,Clase Individual,Reformer,Reformer,0,No,Roma,485
2025-06-14,Regina Sánchez,Paquete,Cadillac,Cadillac,12,No,Condesa,4178
2025-06-14,Andrea Martínez,Paquete,Chair,Chair,8,No,Condesa,3232
2025-06-14,Carlos Morales,Clase Individual,Reformer,Reformer,0,No,Roma,482
2025-06-14,Diego Díaz,Fitpass,Reformer,Reformer,0,Sí,Condesa,196
2025-06-15,Gabriela Jiménez,Fitpass,Chair,Chair,0,Sí,Condesa,223
2025-06-15,Alejandro Vázquez,Fitpass,Chair,Chair,0,Sí,Condesa,203
2025-06-15,Daniela Martínez,Clase Individual,Cadillac,Cadillac,0,No,Roma,520
2025-06-15,Fernando Jiménez,Paquete,Reformer,Reformer,12,No,Condesa,4476
2025-06-15,Paula Morales,Paquete,Cadillac,Cadillac,24,No,Roma,7907
2025-06-15,Regina Vázquez,Paquete,Cadillac,Cadillac,24,No,Polanco,8102
2025-06-15,Fernanda Reyes,Paquete,Reformer,Reformer,12,No,Polanco,4364
2025-06-15,Regina Gutiérrez,Fitpass,Reformer,Reformer,0,Sí,Polanco,205
2025-06-15,Camila Sánchez,Paquete,Reformer,Reformer,12,No,Condesa,4630
2025-06-15,Carlos Sánchez,Paquete,Reformer,Reformer,12,No,Roma,4545
2025-06-15,Santiago Jiménez,Paquete,Reformer,Reformer,12,No,Polanco,4229
2025-06-15,Regina Ramírez,Fitpass,Reformer,Reformer,0,Sí,Condesa,206
2025-06-15,Laura Ramírez,Paquete,Chair,Chair,12,No,Roma,4292
2025-06-15,Andrea Gómez,Paquete,Reformer,Reformer,8,No,Roma,2978
2025-06-15,Javier Gutiérrez,Fitpass,Reformer,Reformer,0,Sí,Condesa,207
2025-06-16,Paula Gómez,Fitpass,Reformer,Reformer,0,Sí,Polanco,222
2025-06-16,Paula Gómez,Paquete,Chair,Chair,8,No,Roma,2930
2025-06-16,Ana Vázquez,Paquete,Chair,Chair,8,No,Condesa,3283
2025-06-16,Mariana Ramírez,Fitpass,Chair,Chair,0,Sí,Polanco,188
2025-06-16,Mateo Gómez,Paquete,Chair,Chair,12,No,Polanco,4218
2025-06-16,Laura Martínez,Paquete,Chair,Chair,24,No,Polanco,7903
2025-06-16,Fernando Pérez,Paquete,Mat Pilates,Ninguno,8,No,Roma,3005
2025-06-16,Paula Rodríguez,Paquete,Mat Pilates,Ninguno,12,No,Condesa,4137
2025-06-16,Natalia Vázquez,Clase Individual,Chair,Chair,0,No,Condesa,391
2025-06-16,Lucía Pérez,Clase Individual,Reformer,Reformer,0,No,Roma,448
2025-06-16,Claudia Reyes,Paquete,Reformer,Reformer,24,No,Roma,8225
2025-06-16,Ximena González,Fitpass,Chair,Chair,0,Sí,Condesa,184
2025-06-16,Alejandro Sánchez,Paquete,Chair,Chair,8,No,Roma,3063
2025-06-16,Ana López,Fitpass,Cadillac,Cadillac,0,Sí,Condesa,207
2025-06-16,Camila Díaz,Clase Individual,Chair,Chair,0,No,Roma,466
2025-06-16,Diego Gómez,Paquete,Reformer,Reformer,8,No,Roma,3037
2025-06-16,Valeria García,Clase Individual,Reformer,Reformer,0,No,Roma,500
2025-06-16,Miguel González,Paquete,Chair,Chair,8,No,Condesa,3272
2025-06-17,María Hernández,Fitpass,Reformer,Reformer,0,Sí,Condesa,200
2025-06-17,Ximena Gutiérrez,Clase Individual,Reformer,Reformer,0,No,Polanco,477
2025-06-17,Regina Sánchez,Paquete,Mat Pilates,Ninguno,12,No,Polanco,4347
2025-06-17,Fernando Morales,Clase Individual,Chair,Chair,0,No,Condesa,435
2025-06-17,Valeria Mendoza,Paquete,Chair,Chair,8,No,Condesa,3035
2025-06-17,Mariana Cruz,Clase Individual,Reformer,Reformer,0,No,Roma,386
2025-06-17,Natalia Mendoza,Paquete,Chair,Chair,8,No,Condesa,3075
2025-06-17,Javier Díaz,Paquete,Cadillac,Cadillac,12,No,Polanco,4581
2025-06-17,Diego Vázquez,Fitpass,Mat Pilates,Ninguno,0,Sí,Condesa,203
2025-06-17,Renata Ramírez,Fitpass,Reformer,Reformer,0,Sí,Polanco,221
2025-06-17,Ana Morales,Fitpass,Mat Pilates,Ninguno,0,Sí,Condesa,197
2025-06-17,Miguel Cruz,Paquete,Cadillac,Cadillac,8,No,Polanco,3292
2025-06-17,Sofía Cruz,Clase Individual,Chair,Chair,0,No,Polanco,406
2025-06-17,Andrea González,Paquete,Chair,Chair,12,No,Roma,4140
2025-06-18,Miguel López,Clase Individual,Chair,Chair,0,No,Roma,452
2025-06-18,Victoria Martínez,Paquete,Reformer,Reformer,12,No,Roma,4166
2025-06-18,Diego López,Paquete,Mat Pilates,Ninguno,8,No,Roma,3264
2025-06-18,Fernanda Martínez,Paquete,Chair,Chair,24,No,Polanco,8547
2025-06-18,Valeria González,Paquete,Mat Pilates,Ninguno,8,No,Polanco,3107
2025-06-18,Mateo Rodríguez,Paquete,Chair,Chair,12,No,Condesa,4469
2025-06-18,Paula Díaz,Paquete,Mat Pilates,Ninguno,12,No,Polanco,4446
2025-06-18,Valeria Sánchez,Paquete,Reformer,Reformer,12,No,Roma,4532
2025-06-18,Daniela Hernández,Fitpass,Chair,Chair,0,Sí,Roma,205
2025-06-18,Gabriela Gutiérrez,Clase Individual,Chair,Chair,0,No,Roma,422
2025-06-18,Alejandro Mendoza,Clase Individual,Reformer,Reformer,0,No,Roma,514
2025-06-18,María Pérez,Paquete,Mat Pilates,Ninguno,8,No,Condesa,3124
2025-06-19,Rodrigo Mendoza,Clase Individual,Reformer,Reformer,0,No,Condesa,471
2025-06-19,Javier Mendoza,Paquete,Cadillac,Cadillac,8,No,Roma,2963
2025-06-19,Lucía Morales,Paquete,Reformer,Reformer,12,No,Roma,4546
2025-06-19,Sofía Cruz,Paquete,Reformer,Reformer,24,No,Roma,7992
2025-06-19,Alejandro Rodríguez,Paquete,Mat Pilates,Ninguno,12,No,Condesa,4167
2025-06-19,Regina García,Paquete,Chair,Chair,8,No,Polanco,3128
2025-06-19,Ximena Pérez,Paquete,Reformer,Reformer,8,No,Polanco,3076
2025-06-19,Mateo López,Clase Individual,Reformer,Reformer,0,No,Condesa,433
2025-06-19,Lucía Ramírez,Fitpass,Reformer,Reformer,0,Sí,Roma,223
2025-06-19,Diego Reyes,Clase Individual,Reformer,Reformer,0,No,Roma,507
2025-06-19,Sofía Flores,Paquete,Reformer,Reformer,8,No,Roma,3044
2025-06-20,Alejandro Gómez,Clase Individual,Mat Pilates,Ninguno,0,No,Roma,421
2025-06-20,Miguel Ramírez,Paquete,Chair,Chair,24,No,Condesa,8560
2025-06-20,Gabriela López,Fitpass,Chair,Chair,0,Sí,Condesa,203
2025-06-20,Alejandro Vázquez,Paquete,Cadillac,Cadillac,12,No,Condesa,4590
2025-06-20,Natalia Martínez,Paquete,Reformer,Reformer,8,No,Roma,3210
2025-06-20,Santiago Reyes,Paquete,Reformer,Reformer,8,No,Polanco,3254
2025-06-20,Ximena Vázquez,Paquete,Cadillac,Cadillac,24,No,Polanco,8321
2025-06-21,Claudia Pérez,Fitpass,Reformer,Reformer,0,Sí,Condesa,205
2025-06-21,Santiago Martínez,Paquete,Reformer,Reformer,8,No,Condesa,3013
2025-06-21,Luis López,Clase Individual,Cadillac,Cadillac,0,No,Roma,399
2025-06-21,Paula Mendoza,Fitpass,Reformer,Reformer,0,Sí,Roma,231
2025-06-21,Miguel Flores,Clase Individual,Reformer,Reformer,0,No,Polanco,418
2025-06-21,Victoria Martínez,Paquete,Reformer,Reformer,12,No,Condesa,4563
2025-06-21,Daniela Morales,Paquete,Mat Pilates,Ninguno,8,No,Roma,3034
2025-06-21,Sofía Rodríguez,Paquete,Mat Pilates,Ninguno,24,No,Condesa,7995
2025-06-21,Fernanda González,Fitpass,Cadillac,Cadillac,0,Sí,Roma,195
2025-06-21,Claudia Pérez,Fitpass,Mat Pilates,Ninguno,0,Sí,Polanco,190
2025-06-21,Natalia Díaz,Paquete,Reformer,Reformer,12,No,Roma,4156
2025-06-21,Javier Ramírez,Clase Individual,Reformer,Reformer,0,No,Polanco,498
2025-06-21,Luis Morales,Paquete,Mat Pilates,Ninguno,12,No,Polanco,4351
2025-06-21,Camila Martínez,Fitpass,Reformer,Reformer,0,Sí,Polanco,201
2025-06-21,Javier Sánchez,Fitpass,Reformer,Reformer,0,Sí,Condesa,213
2025-06-21,Rodrigo Gómez,Paquete,Reformer,Reformer,12,No,Roma,4496
2025-06-22,Andrea Jiménez,Fitpass,Cadillac,Cadillac,0,Sí,Condesa,194
2025-06-22,Gabriela Díaz,Fitpass,Chair,Chair,0,Sí,Condesa,203
2025-06-22,Regina García,Fitpass,Chair,Chair,0,Sí,Polanco,190
2025-06-22,Sofía Pérez,Paquete,Reformer,Reformer,8,No,Polanco,2918
2025-06-22,Gabriela Hernández,Paquete,Reformer,Reformer,8,No,Roma,3265
2025-06-22,Andrea Pérez,Fitpass,Reformer,Reformer,0,Sí,Polanco,190
2025-06-22,Fernando Gutiérrez,Paquete,Reformer,Reformer,12,No,Roma,4445
2025-06-22,Renata González,Paquete,Reformer,Reformer,8,No,Polanco,3130
2025-06-22,Camila González,Paquete,Cadillac,Cadillac,8,No,Roma,3197
2025-06-22,Rodrigo Reyes,Fitpass,Mat Pilates,Ninguno,0,Sí,Polanco,191
2025-06-22,Carlos Sánchez,Fitpass,Reformer,Reformer,0,Sí,Polanco,224
2025-06-23,Victoria Hernández,Paquete,Reformer,Reformer,24,No,Roma,8614
2025-06-23,Carlos Vázquez,Paquete,Chair,Chair,12,No,Condesa,4275
2025-06-23,Laura Díaz,Clase Individual,Chair,Chair,0,No,Polanco,422
2025-06-23,Javier Flores,Paquete,Cadillac,Cadillac,8,No,Roma,2988
2025-06-23,Mariana Gómez,Fitpass,Cadillac,Cadillac,0,Sí,Roma,231
2025-06-23,Victoria Gómez,Paquete,Reformer,Reformer,12,No,Condesa,4555
2025-06-23,Regina Mendoza,Clase Individual,Reformer,Reformer,0,No,Roma,505
2025-06-23,Fernando Jiménez,Clase Individual,Chair,Chair,0,No,Condesa,513
2025-06-23,Camila Ramírez,Paquete,Reformer,Reformer,12,No,Roma,4194
2025-06-24,Natalia González,Paquete,Reformer,Reformer,8,No,Polanco,3207
2025-06-24,Lucía Vázquez,Clase Individual,Reformer,Reformer,0,No,Condesa,465
2025-06-24,Paula Torres,Paquete,Chair,Chair,12,No,Roma,4134
2025-06-24,Fernanda Gómez,Fitpass,Reformer,Reformer,0,Sí,Polanco,235
2025-06-24,Ximena Gómez,Fitpass,Reformer,Reformer,0,Sí,Polanco,195
2025-06-24,Camila Pérez,Clase Individual,Chair,Chair,0,No,Polanco,490
2025-06-24,Valeria Mendoza,Fitpass,Reformer,Reformer,0,Sí,Condesa,227
2025-06-24,Renata Reyes,Paquete,Reformer,Reformer,8,No,Condesa,3099
2025-06-24,Claudia Sánchez,Fitpass,Reformer,Reformer,0,Sí,Condesa,235
2025-06-24,María Gómez,Paquete,Reformer,Reformer,24,No,Condesa,8168
2025-06-24,Miguel Sánchez,Paquete,Chair,Chair,12,No,Polanco,4349
2025-06-24,Andrea Hernández,Paquete,Cadillac,Cadillac,12,No,Condesa,4196
2025-06-25,Victoria Sánchez,Fitpass,Reformer,Reformer,0,Sí,Polanco,212
2025-06-25,Valeria Cruz,Fitpass,Reformer,Reformer,0,Sí,Condesa,205
2025-06-25,Daniela Rodríguez,Clase Individual,Cadillac,Cadillac,0,No,Roma,437
2025-06-25,Lucía Hernández,Fitpass,Chair,Chair,0,Sí,Roma,225
2025-06-25,Sofía Flores,Fitpass,Reformer,Reformer,0,Sí,Condesa,212
2025-06-25,Ximena Pérez,Paquete,Reformer,Reformer,8,No,Roma,2968
2025-06-25,Diego Martínez,Clase Individual,Reformer,Reformer,0,No,Roma,384
2025-06-25,Carolina Morales,Paquete,Reformer,Reformer,12,No,Polanco,4488
2025-06-25,Fernando Ramírez,Paquete,Chair,Chair,8,No,Polanco,2994
2025-06-25,Sofía Cruz,Paquete,Chair,Chair,12,No,Roma,4601
2025-06-25,Gabriela Ramírez,Fitpass,Reformer,Reformer,0,Sí,Roma,182
2025-06-25,Lucía Reyes,Clase Individual,Chair,Chair,0,No,Polanco,482
2025-06-25,Camila Martínez,Paquete,Cadillac,Cadillac,8,No,Roma,3144
2025-06-25,Gabriela González,Clase Individual,Cadillac,Cadillac,0,No,Condesa,477
2025-06-26,Paula Morales,Fitpass,Chair,Chair,0,Sí,Polanco,191
2025-06-26,Natalia Sánchez,Paquete,Chair,Chair,12,No,Roma,4391
2025-06-26,Diego Gómez,Paquete,Reformer,Reformer,12,No,Roma,4123
2025-06-26,Javier García,Paquete,Reformer,Reformer,12,No,Condesa,4130
2025-06-26,Diego Torres,Paquete,Chair,Chair,8,No,Condesa,2946
2025-06-26,Daniela Vázquez,Paquete,Chair,Chair,24,No,Condesa,8454
2025-06-26,Sofía Rodríguez,Paquete,Reformer,Reformer,8,No,Roma,3142
2025-06-26,Regina López,Fitpass,Chair,Chair,0,Sí,Condesa,203
2025-06-26,Sofía Flores,Paquete,Mat Pilates,Ninguno,12,No,Condesa,4642
2025-06-26,Victoria Díaz,Clase Individual,Reformer,Reformer,0,No,Roma,449
2025-06-26,Valeria Vázquez,Paquete,Reformer,Reformer,12,No,Roma,4426
2025-06-26,Daniela Mendoza,Paquete,Chair,Chair,8,No,Roma,3142
2025-06-26,Fernando Martínez,Paquete,Reformer,Reformer,8,No,Condesa,3261
2025-06-26,Carlos Reyes,Clase Individual,Chair,Chair,0,No,Polanco,443
2025-06-26,Fernando González,Clase Individual,Reformer,Reformer,0,No,Condesa,439
2025-06-26,Daniela Hernández,Paquete,Chair,Chair,8,No,Roma,3090
2025-06-27,Daniela Pérez,Paquete,Cadillac,Cadillac,8,No,Roma,3104
2025-06-27,Carolina Rodríguez,Paquete,Reformer,Reformer,8,No,Roma,3139
2025-06-27,Alejandro Flores,Paquete,Mat Pilates,Ninguno,8,No,Polanco,3284
2025-06-27,María Hernández,Paquete,Mat Pilates,Ninguno,8,No,Roma,3265
2025-06-27,Javier Vázquez,Fitpass,Mat Pilates,Ninguno,0,Sí,Polanco,220
2025-06-27,Luis Vázquez,Clase Individual,Cadillac,Cadillac,0,No,Roma,409
2025-06-27,María Gómez,Fitpass,Reformer,Reformer,0,Sí,Polanco,234
2025-06-28,Carolina Vázquez,Paquete,Reformer,Reformer,8,No,Condesa,2941
2025-06-28,Rodrigo Díaz,Fitpass,Reformer,Reformer,0,Sí,Roma,207
2025-06-28,Lucía Jiménez,Paquete,Reformer,Reformer,8,No,Condesa,2938
2025-06-28,Fernando Mendoza,Paquete,Mat Pilates,Ninguno,8,No,Condesa,2909
2025-06-28,Carlos Mendoza,Fitpass,Reformer,Reformer,0,Sí,Condesa,206
2025-06-28,Victoria Hernández,Paquete,Reformer,Reformer,24,No,Condesa,8589
2025-06-28,Daniela González,Paquete,Cadillac,Cadillac,8,No,Roma,2973
2025-06-28,Claudia Cruz,Paquete,Reformer,Reformer,12,No,Polanco,4298
2025-06-28,Paula Cruz,Paquete,Chair,Chair,8,No,Polanco,3102
2025-06-28,Fernanda Mendoza,Clase Individual,Cadillac,Cadillac,0,No,Condesa,443
2025-06-28,Ximena López,Paquete,Chair,Chair,24,No,Polanco,8696
2025-06-29,Rodrigo Cruz,Paquete,Mat Pilates,Ninguno,8,No,Roma,2998
2025-06-29,Andrea Jiménez,Paquete,Mat Pilates,Ninguno,12,No,Polanco,4595
2025-06-29,Sofía Pérez,Paquete,Mat Pilates,Ninguno,12,No,Polanco,4124
2025-06-29,Natalia Sánchez,Paquete,Cadillac,Cadillac,12,No,Polanco,4592
2025-06-29,Ximena Morales,Fitpass,Reformer,Reformer,0,Sí,Roma,206
2025-06-29,Fernando Morales,Fitpass,Reformer,Reformer,0,Sí,Polanco,206
2025-06-29,Gabriela González,Clase Individual,Cadillac,Cadillac,0,No,Condesa,411
2025-06-29,Victoria Vázquez,Clase Individual,Reformer,Reformer,0,No,Condesa,424
2025-06-29,Carolina González,Paquete,Reformer,Reformer,12,No,Polanco,4600
2025-06-29,Alejandro Mendoza,Fitpass,Reformer,Reformer,0,Sí,Polanco,208
2025-06-29,Diego Martínez,Paquete,Reformer,Reformer,12,No,Polanco,4453
2025-06-29,Daniela Vázquez,Paquete,Chair,Chair,24,No,Condesa,8785
2025-06-29,Natalia García,Paquete,Cadillac,Cadillac,8,No,Roma,3232
2025-06-29,Gabriela Sánchez,Fitpass,Mat Pilates,Ninguno,0,Sí,Polanco,219
2025-06-29,Rodrigo Pérez,Clase Individual,Reformer,Reformer,0,No,Polanco,459
2025-06-29,Laura Flores,Paquete,Reformer,Reformer,8,No,Polanco,3046
2025-06-30,Fernanda Cruz,Fitpass,Reformer,Reformer,0,Sí,Roma,207
2025-06-30,Claudia Morales,Paquete,Chair,Chair,8,No,Polanco,3051
2025-06-30,Andrea Hernández,Fitpass,Reformer,Reformer,0,Sí,Condesa,238
2025-06-30,Fernando Pérez,Paquete,Reformer,Reformer,8,No,Roma,2972
2025-06-30,Sofía Sánchez,Clase Individual,Reformer,Reformer,0,No,Condesa,506
2025-06-30,Lucía Rodríguez,Paquete,Chair,Chair,24,No,Condesa,8891
2025-06-30,Laura Díaz,Paquete,Reformer,Reformer,8,No,Roma,3014
2025-06-30,Ximena Ramírez,Clase Individual,Reformer,Reformer,0,No,Polanco,387
2025-07-01,Daniela González,Clase Individual,Chair,Chair,0,No,Polanco,499
2025-07-01,Andrea Sánchez,Fitpass,Cadillac,Cadillac,0,Sí,Polanco,240
2025-07-01,Valeria Cruz,Fitpass,Chair,Chair,0,Sí,Polanco,234
2025-07-01,Daniela Flores,Clase Individual,Chair,Chair,0,No,Polanco,391
2025-07-01,Santiago Mendoza,Fitpass,Cadillac,Cadillac,0,Sí,Condesa,223
2025-07-01,Ana González,Fitpass,Mat Pilates,Ninguno,0,Sí,Condesa,197
2025-07-01,María Morales,Fitpass,Reformer,Reformer,0,Sí,Polanco,233
2025-07-01,Claudia Torres,Fitpass,Mat Pilates,Ninguno,0,Sí,Roma,230
2025-07-01,Andrea Díaz,Clase Individual,Reformer,Reformer,0,No,Polanco,411
2025-07-01,Paula Mendoza,Fitpass,Reformer,Reformer,0,Sí,Condesa,226
2025-07-01,Carlos Torres,Paquete,Reformer,Reformer,8,No,Condesa,3163
2025-07-01,Rodrigo Ramírez,Clase Individual,Reformer,Reformer,0,No,Polanco,483
2025-07-02,Victoria Gutiérrez,Fitpass,Chair,Chair,0,Sí,Roma,204
2025-07-02,Javier Gómez,Paquete,Reformer,Reformer,12,No,Condesa,4225
2025-07-02,Paula Mendoza,Fitpass,Mat Pilates,Ninguno,0,Sí,Condesa,193
2025-07-02,Javier Torres,Clase Individual,Reformer,Reformer,0,No,Roma,462
2025-07-02,Javier Sánchez,Clase Individual,Reformer,Reformer,0,No,Condesa,520
2025-07-02,Natalia Cruz,Fitpass,Chair,Chair,0,Sí,Roma,216
2025-07-02,Luis Jiménez,Fitpass,Mat Pilates,Ninguno,0,Sí,Roma,212
2025-07-02,Victoria Rodríguez,Fitpass,Reformer,Reformer,0,Sí,Polanco,218
2025-07-02,Mateo Díaz,Clase Individual,Reformer,Reformer,0,No,Polanco,409
2025-07-02,Paula Martínez,Paquete,Cadillac,Cadillac,8,No,Roma,3013
2025-07-02,Claudia Cruz,Fitpass,Cadillac,Cadillac,0,Sí,Polanco,187
2025-07-02,Rodrigo Cruz,Paquete,Reformer,Reformer,8,No,Roma,3295
2025-07-03,Mariana Torres,Paquete,Reformer,Reformer,8,No,Polanco,3011
2025-07-03,Valeria Pérez,Fitpass,Mat Pilates,Ninguno,0,Sí,Condesa,239
2025-07-03,Laura Flores,Paquete,Chair,Chair,8,No,Condesa,3018
2025-07-03,Valeria Flores,Paquete,Mat Pilates,Ninguno,12,No,Condesa,4285
2025-07-03,Lucía Ramírez,Paquete,Chair,Chair,12,No,Roma,4462
2025-07-03,Sofía García,Fitpass,Mat Pilates,Ninguno,0,Sí,Roma,183
2025-07-03,Luis Gutiérrez,Paquete,Reformer,Reformer,12,No,Polanco,4320
2025-07-03,Carolina Hernández,Paquete,Reformer,Reformer,8,No,Condesa,3163
2025-07-03,Sofía Rodríguez,Clase Individual,Mat Pilates,Ninguno,0,No,Condesa,383
2025-07-03,Andrea Reyes,Clase Individual,Reformer,Reformer,0,No,Roma,466
2025-07-03,Luis López,Fitpass,Reformer,Reformer,0,Sí,Condesa,222
2025-07-03,Natalia Torres,Paquete,Chair,Chair,12,No,Condesa,4453
2025-07-03,Claudia Gutiérrez,Clase Individual,Chair,Chair,0,No,Roma,505
2025-07-03,Carlos Morales,Paquete,Reformer,Reformer,8,No,Roma,3098
2025-07-04,Diego Pérez,Paquete,Reformer,Reformer,8,No,Condesa,3220
2025-07-04,Claudia Morales,Paquete,Mat Pilates,Ninguno,12,No,Polanco,4317
2025-07-04,Santiago Pérez,Fitpass,Chair,Chair,0,Sí,Polanco,222
2025-07-04,Renata Gutiérrez,Paquete,Reformer,Reformer,8,No,Condesa,2978
2025-07-04,Diego Rodríguez,Fitpass,Reformer,Reformer,0,Sí,Condesa,228
2025-07-04,Luis Mendoza,Paquete,Reformer,Reformer,8,No,Condesa,3277
2025-07-04,Regina Pérez,Paquete,Chair,Chair,8,No,Polanco,2975
2025-07-04,Claudia Cruz,Fitpass,Mat Pilates,Ninguno,0,Sí,Condesa,238
2025-07-05,Lucía Rodríguez,Paquete,Reformer,Reformer,8,No,Condesa,3262
2025-07-05,Fernanda Díaz,Clase Individual,Mat Pilates,Ninguno,0,No,Condesa,438
2025-07-05,Renata Jiménez,Paquete,Reformer,Reformer,24,No,Condesa,8628
2025-07-05,Valeria Gutiérrez,Paquete,Mat Pilates,Ninguno,8,No,Roma,3098
2025-07-05,Camila Mendoza,Paquete,Reformer,Reformer,8,No,Polanco,3104
2025-07-06,Ximena Flores,Clase Individual,Cadillac,Cadillac,0,No,Polanco,462
2025-07-06,Daniela Martínez,Fitpass,Chair,Chair,0,Sí,Condesa,201
2025-07-06,Regina Pérez,Paquete,Reformer,Reformer,12,No,Condesa,4551
2025-07-06,Daniela Pérez,Fitpass,Reformer,Reformer,0,Sí,Roma,211
2025-07-06,María Gómez,Fitpass,Mat Pilates,Ninguno,0,Sí,Condesa,238
2025-07-06,Miguel Pérez,Paquete,Reformer,Reformer,24,No,Polanco,8881
2025-07-06,Diego López,Clase Individual,Cadillac,Cadillac,0,No,Roma,406
2025-07-07,Andrea Cruz,Clase Individual,Cadillac,Cadillac,0,No,Polanco,453
2025-07-07,Ana Ramírez,Clase Individual,Reformer,Reformer,0,No,Roma,429
2025-07-07,Laura Díaz,Clase Individual,Mat Pilates,Ninguno,0,No,Condesa,519
2025-07-07,Natalia Pérez,Clase Individual,Cadillac,Cadillac,0,No,Condesa,499
2025-07-07,Paula García,Clase Individual,Reformer,Reformer,0,No,Polanco,471
2025-07-07,Renata Cruz,Clase Individual,Chair,Chair,0,No,Polanco,403
2025-07-07,Lucía Vázquez,Paquete,Reformer,Reformer,12,No,Condesa,4605
2025-07-07,Laura Hernández,Paquete,Mat Pilates,Ninguno,8,No,Condesa,3189
2025-07-08,Lucía Rodríguez,Paquete,Mat Pilates,Ninguno,12,No,Condesa,4444
2025-07-08,María Flores,Paquete,Reformer,Reformer,8,No,Condesa,2985
2025-07-08,Carolina Gómez,Fitpass,Mat Pilates,Ninguno,0,Sí,Condesa,218
2025-07-08,Valeria Sánchez,Paquete,Reformer,Reformer,12,No,Polanco,4383
2025-07-08,Fernando Reyes,Paquete,Reformer,Reformer,8,No,Roma,2962
2025-07-08,Fernanda Gómez,Fitpass,Reformer,Reformer,0,Sí,Condesa,180
2025-07-08,Lucía Gómez,Paquete,Reformer,Reformer,24,No,Roma,8148
2025-07-09,Fernando Ramírez,Fitpass,Chair,Chair,0,Sí,Condesa,215
2025-07-09,Valeria Reyes,Fitpass,Mat Pilates,Ninguno,0,Sí,Polanco,201
2025-07-09,Laura Díaz,Paquete,Reformer,Reformer,8,No,Polanco,2908
2025-07-09,Natalia Ramírez,Fitpass,Reformer,Reformer,0,Sí,Condesa,218
2025-07-09,Paula Morales,Fitpass,Reformer,Reformer,0,Sí,Roma,222
2025-07-09,Mariana Pérez,Paquete,Cadillac,Cadillac,24,No,Roma,8875
2025-07-09,Ximena González,Clase Individual,Reformer,Reformer,0,No,Polanco,492
2025-07-09,Carlos Pérez,Fitpass,Chair,Chair,0,Sí,Roma,188
2025-07-10,Rodrigo González,Paquete,Cadillac,Cadillac,8,No,Condesa,3112
2025-07-10,Valeria Cruz,Clase Individual,Reformer,Reformer,0,No,Polanco,462
2025-07-10,Luis Rodríguez,Paquete,Reformer,Reformer,8,No,Condesa,3083
2025-07-11,Luis Morales,Paquete,Cadillac,Cadillac,8,No,Roma,3156
2025-07-11,Regina Hernández,Paquete,Reformer,Reformer,8,No,Roma,2968
2025-07-11,Santiago López,Paquete,Reformer,Reformer,8,No,Polanco,3292
2025-07-11,María Morales,Paquete,Chair,Chair,12,No,Polanco,4320
2025-07-11,Lucía González,Fitpass,Reformer,Reformer,0,Sí,Condesa,222
2025-07-11,Santiago Ramírez,Paquete,Reformer,Reformer,8,No,Polanco,3219
2025-07-12,Gabriela Mendoza,Clase Individual,Cadillac,Cadillac,0,No,Roma,495
2025-07-12,Valeria Hernández,Fitpass,Chair,Chair,0,Sí,Condesa,230
2025-07-12,María Reyes,Fitpass,Cadillac,Cadillac,0,Sí,Polanco,185
2025-07-12,Andrea Cruz,Paquete,Reformer,Reformer,8,No,Roma,3106
2025-07-12,Sofía González,Paquete,Reformer,Reformer,24,No,Condesa,7993
2025-07-12,Fernando Ramírez,Clase Individual,Chair,Chair,0,No,Condesa,404
2025-07-12,Fernando Cruz,Paquete,Reformer,Reformer,8,No,Condesa,3263
2025-07-12,Alejandro Gómez,Clase Individual,Mat Pilates,Ninguno,0,No,Roma,418
2025-07-12,Miguel Pérez,Fitpass,Reformer,Reformer,0,Sí,Condesa,195
2025-07-12,Rodrigo García,Fitpass,Mat Pilates,Ninguno,0,Sí,Roma,197
2025-07-13,Carlos Gómez,Fitpass,Reformer,Reformer,0,Sí,Polanco,209
2025-07-13,Natalia Vázquez,Clase Individual,Mat Pilates,Ninguno,0,No,Roma,520
2025-07-13,Javier Gutiérrez,Paquete,Reformer,Reformer,12,No,Roma,4266
2025-07-13,Camila González,Fitpass,Chair,Chair,0,Sí,Condesa,186
2025-07-13,Claudia Martínez,Paquete,Mat Pilates,Ninguno,8,No,Roma,3290
2025-07-13,Mateo López,Fitpass,Chair,Chair,0,Sí,Roma,209
2025-07-13,Mateo González,Paquete,Mat Pilates,Ninguno,8,No,Condesa,3126
2025-07-13,Santiago Reyes,Paquete,Reformer,Reformer,24,No,Condesa,8161
2025-07-13,Carlos López,Paquete,Reformer,Reformer,12,No,Polanco,4440
2025-07-13,Victoria Gutiérrez,Fitpass,Reformer,Reformer,0,Sí,Condesa,198
2025-07-13,Paula Torres,Fitpass,Mat Pilates,Ninguno,0,Sí,Polanco,238
2025-07-13,Rodrigo García,Clase Individual,Reformer,Reformer,0,No,Condesa,412
2025-07-13,Valeria Cruz,Paquete,Mat Pilates,Ninguno,8,No,Roma,2946
2025-07-13,Laura Sánchez,Clase Individual,Cadillac,Cadillac,0,No,Polanco,456
2025-07-13,Luis Vázquez,Clase Individual,Cadillac,Cadillac,0,No,Condesa,388
2025-07-14,Fernanda Rodríguez,Paquete,Reformer,Reformer,24,No,Condesa,8207
2025-07-14,Rodrigo Cruz,Fitpass,Reformer,Reformer,0,Sí,Roma,197
2025-07-14,Ana Vázquez,Paquete,Chair,Chair,24,No,Roma,8215
2025-07-14,Paula Mendoza,Clase Individual,Mat Pilates,Ninguno,0,No,Condesa,515
2025-07-14,Regina López,Clase Individual,Chair,Chair,0,No,Condesa,403
2025-07-14,Valeria Martínez,Paquete,Reformer,Reformer,12,No,Polanco,4631
2025-07-14,Diego Cruz,Clase Individual,Reformer,Reformer,0,No,Condesa,496
2025-07-14,Claudia Cruz,Fitpass,Reformer,Reformer,0,Sí,Roma,188
2025-07-14,Camila Gómez,Paquete,Reformer,Reformer,12,No,Roma,4510
2025-07-14,Valeria Hernández,Paquete,Reformer,Reformer,12,No,Condesa,4225
2025-07-15,Fernando Díaz,Clase Individual,Reformer,Reformer,0,No,Condesa,515
2025-07-15,Diego González,Paquete,Reformer,Reformer,12,No,Condesa,4553
2025-07-15,Paula Morales,Paquete,Reformer,Reformer,24,No,Condesa,8032
2025-07-15,Claudia Sánchez,Fitpass,Cadillac,Cadillac,0,Sí,Condesa,196
2025-07-15,Fernando Hernández,Paquete,Cadillac,Cadillac,12,No,Roma,4290
2025-07-15,Miguel Cruz,Paquete,Reformer,Reformer,8,No,Condesa,3209
2025-07-16,Claudia Hernández,Fitpass,Mat Pilates,Ninguno,0,Sí,Roma,225
2025-07-16,Javier García,Fitpass,Reformer,Reformer,0,Sí,Roma,202
2025-07-16,Fernando Martínez,Fitpass,Reformer,Reformer,0,Sí,Condesa,237
2025-07-16,Camila Hernández,Paquete,Mat Pilates,Ninguno,8,No,Roma,3215
2025-07-16,Regina Ramírez,Paquete,Chair,Chair,8,No,Roma,3177
2025-07-16,Daniela Gutiérrez,Fitpass,Cadillac,Cadillac,0,Sí,Roma,220
2025-07-16,Mateo Flores,Fitpass,Reformer,Reformer,0,Sí,Roma,214
2025-07-16,Regina Cruz,Fitpass,Chair,Chair,0,Sí,Condesa,209
2025-07-16,Andrea Pérez,Fitpass,Mat Pilates,Ninguno,0,Sí,Condesa,235
2025-07-16,Lucía Sánchez,Paquete,Cadillac,Cadillac,12,No,Polanco,4361
2025-07-16,Claudia Morales,Paquete,Reformer,Reformer,8,No,Roma,2969
2025-07-16,Santiago Gutiérrez,Fitpass,Reformer,Reformer,0,Sí,Polanco,224
2025-07-17,Paula Torres,Fitpass,Reformer,Reformer,0,Sí,Polanco,198
2025-07-17,Mariana Flores,Paquete,Reformer,Reformer,12,No,Roma,4615
2025-07-17,Ana López,Clase Individual,Cadillac,Cadillac,0,No,Polanco,464
2025-07-17,Ximena Gutiérrez,Paquete,Reformer,Reformer,8,No,Condesa,2935
2025-07-17,Regina González,Paquete,Mat Pilates,Ninguno,12,No,Polanco,4499
2025-07-17,Carolina Martínez,Paquete,Cadillac,Cadillac,8,No,Roma,2973
2025-07-17,Carlos López,Clase Individual,Chair,Chair,0,No,Polanco,387
2025-07-17,María García,Clase Individual,Chair,Chair,0,No,Roma,413
2025-07-17,Javier Mendoza,Clase Individual,Reformer,Reformer,0,No,Condesa,417
2025-07-17,Camila Hernández,Fitpass,Cadillac,Cadillac,0,Sí,Polanco,226
2025-07-17,Lucía Pérez,Fitpass,Chair,Chair,0,Sí,Roma,193
2025-07-17,Laura Gómez,Clase Individual,Reformer,Reformer,0,No,Roma,501
2025-07-17,Renata Torres,Paquete,Mat Pilates,Ninguno,8,No,Condesa,2995
2025-07-18,Regina Hernández,Fitpass,Reformer,Reformer,0,Sí,Roma,219
2025-07-18,Ana Gómez,Paquete,Chair,Chair,12,No,Roma,4234
2025-07-18,Camila Hernández,Clase Individual,Reformer,Reformer,0,No,Roma,396
2025-07-18,Rodrigo Cruz,Fitpass,Cadillac,Cadillac,0,Sí,Roma,230
2025-07-18,Santiago Jiménez,Paquete,Reformer,Reformer,12,No,Polanco,4659
2025-07-18,Andrea Torres,Paquete,Reformer,Reformer,12,No,Roma,4302
2025-07-18,Regina Pérez,Fitpass,Reformer,Reformer,0,Sí,Polanco,186
2025-07-18,Alejandro Hernández,Paquete,Reformer,Reformer,12,No,Roma,4158
2025-07-18,Rodrigo Mendoza,Fitpass,Reformer,Reformer,0,Sí,Roma,195
2025-07-18,Santiago Rodríguez,Paquete,Reformer,Reformer,8,No,Roma,3278
2025-07-18,Javier Gutiérrez,Paquete,Cadillac,Cadillac,8,No,Roma,3055
2025-07-18,Ana López,Paquete,Reformer,Reformer,8,No,Polanco,3053
2025-07-19,Renata García,Clase Individual,Chair,Chair,0,No,Roma,502
2025-07-19,Lucía Torres,Paquete,Reformer,Reformer,8,No,Roma,3293
2025-07-19,Andrea Martínez,Fitpass,Reformer,Reformer,0,Sí,Polanco,232
2025-07-20,Fernando Vázquez,Paquete,Mat Pilates,Ninguno,12,No,Roma,4578
2025-07-20,Carolina Martínez,Clase Individual,Reformer,Reformer,0,No,Roma,482
2025-07-20,Lucía López,Clase Individual,Reformer,Reformer,0,No,Polanco,436
2025-07-20,Claudia Vázquez,Clase Individual,Reformer,Reformer,0,No,Roma,471
2025-07-20,Alejandro Sánchez,Paquete,Reformer,Reformer,12,No,Roma,4692
2025-07-20,Diego Pérez,Clase Individual,Chair,Chair,0,No,Condesa,414
2025-07-20,Renata Gómez,Fitpass,Chair,Chair,0,Sí,Polanco,205
2025-07-21,Claudia Reyes,Paquete,Reformer,Reformer,12,No,Roma,4514
2025-07-21,Fernando Flores,Fitpass,Reformer,Reformer,0,Sí,Condesa,194
2025-07-21,Rodrigo Cruz,Paquete,Reformer,Reformer,8,No,Polanco,2922
2025-07-21,Fernanda Martínez,Clase Individual,Chair,Chair,0,No,Roma,453
2025-07-21,Andrea Díaz,Clase Individual,Reformer,Reformer,0,No,Roma,387
2025-07-22,Ximena Gutiérrez,Fitpass,Chair,Chair,0,Sí,Condesa,213
2025-07-22,Carolina Torres,Fitpass,Mat Pilates,Ninguno,0,Sí,Polanco,202
2025-07-22,Claudia Gutiérrez,Fitpass,Reformer,Reformer,0,Sí,Condesa,219
2025-07-22,Javier Díaz,Fitpass,Reformer,Reformer,0,Sí,Condesa,232
2025-07-22,Diego Torres,Paquete,Chair,Chair,8,No,Roma,3153
2025-07-22,Ana Ramírez,Paquete,Chair,Chair,12,No,Condesa,4327
2025-07-22,Gabriela Flores,Paquete,Reformer,Reformer,8,No,Polanco,3118
2025-07-22,Daniela Flores,Clase Individual,Cadillac,Cadillac,0,No,Roma,410
2025-07-22,Regina Jiménez,Paquete,Reformer,Reformer,8,No,Roma,3141
2025-07-22,Javier Rodríguez,Fitpass,Chair,Chair,0,Sí,Roma,189
2025-07-22,Gabriela González,Paquete,Mat Pilates,Ninguno,8,No,Polanco,3047
2025-07-23,Mateo Morales,Fitpass,Mat Pilates,Ninguno,0,Sí,Roma,216
2025-07-23,Diego Martínez,Paquete,Chair,Chair,24,No,Roma,8411
2025-07-23,Sofía García,Fitpass,Reformer,Reformer,0,Sí,Polanco,203
2025-07-23,Diego Rodríguez,Clase Individual,Mat Pilates,Ninguno,0,No,Polanco,387
2025-07-23,Javier Díaz,Paquete,Reformer,Reformer,8,No,Roma,3267
2025-07-23,Fernanda Gómez,Paquete,Cadillac,Cadillac,8,No,Roma,2953
2025-07-24,Carolina Díaz,Paquete,Chair,Chair,24,No,Condesa,8867
2025-07-24,Fernando Morales,Fitpass,Reformer,Reformer,0,Sí,Roma,199
2025-07-24,Rodrigo González,Paquete,Chair,Chair,24,No,Condesa,8209
2025-07-24,Carlos Vázquez,Clase Individual,Reformer,Reformer,0,No,Polanco,500
2025-07-24,Victoria Vázquez,Fitpass,Reformer,Reformer,0,Sí,Roma,207
2025-07-25,Daniela González,Paquete,Reformer,Reformer,8,No,Condesa,3001
2025-07-25,Fernando Cruz,Paquete,Reformer,Reformer,8,No,Condesa,3039
2025-07-25,Luis Díaz,Fitpass,Reformer,Reformer,0,Sí,Roma,188
2025-07-25,Victoria Pérez,Paquete,Reformer,Reformer,12,No,Condesa,4545
2025-07-26,Camila Martínez,Paquete,Chair,Chair,8,No,Roma,2965
2025-07-26,Carolina Ramírez,Paquete,Mat Pilates,Ninguno,8,No,Condesa,3056
2025-07-26,Santiago Ramírez,Paquete,Cadillac,Cadillac,8,No,Roma,2949
2025-07-26,Lucía López,Clase Individual,Reformer,Reformer,0,No,Roma,411
2025-07-26,Ana Flores,Paquete,Cadillac,Cadillac,8,No,Condesa,3177
2025-07-26,Claudia Morales,Paquete,Reformer,Reformer,12,No,Roma,4268
2025-07-26,Fernanda Rodríguez,Paquete,Cadillac,Cadillac,8,No,Roma,3019
2025-07-26,Ana García,Paquete,Reformer,Reformer,12,No,Roma,4471
2025-07-26,Camila Díaz,Fitpass,Chair,Chair,0,Sí,Condesa,221
2025-07-26,Lucía Sánchez,Fitpass,Chair,Chair,0,Sí,Condesa,236
2025-07-26,Fernanda Vázquez,Fitpass,Reformer,Reformer,0,Sí,Roma,230
2025-07-26,Sofía Morales,Clase Individual,Chair,Chair,0,No,Condesa,393
2025-07-26,Carolina Vázquez,Paquete,Reformer,Reformer,12,No,Condesa,4470
2025-07-26,Andrea Pérez,Fitpass,Reformer,Reformer,0,Sí,Polanco,230
2025-07-26,Ana Ramírez,Fitpass,Cadillac,Cadillac,0,Sí,Roma,224
2025-07-27,Paula Mendoza,Clase Individual,Chair,Chair,0,No,Polanco,459
2025-07-27,Luis Hernández,Fitpass,Cadillac,Cadillac,0,Sí,Roma,182
2025-07-27,Luis Gutiérrez,Fitpass,Reformer,Reformer,0,Sí,Condesa,190
2025-07-27,Ana Mendoza,Fitpass,Mat Pilates,Ninguno,0,Sí,Roma,200
2025-07-27,Valeria Gómez,Paquete,Reformer,Reformer,8,No,Condesa,2917
2025-07-27,Laura Vázquez,Fitpass,Chair,Chair,0,Sí,Condesa,211
2025-07-27,Carlos Pérez,Fitpass,Chair,Chair,0,Sí,Condesa,208
2025-07-28,Camila Ramírez,Clase Individual,Chair,Chair,0,No,Condesa,453
2025-07-28,María Pérez,Clase Individual,Reformer,Reformer,0,No,Roma,518
2025-07-28,Ximena González,Paquete,Reformer,Reformer,8,No,Polanco,3300
2025-07-28,Renata Sánchez,Fitpass,Chair,Chair,0,Sí,Roma,198
2025-07-28,Claudia Gutiérrez,Fitpass,Reformer,Reformer,0,Sí,Roma,189
2025-07-28,Renata Gutiérrez,Clase Individual,Chair,Chair,0,No,Condesa,405
2025-07-28,Paula Gómez,Paquete,Cadillac,Cadillac,12,No,Roma,4499
2025-07-28,Ana Mendoza,Paquete,Mat Pilates,Ninguno,12,No,Roma,4629
2025-07-28,Renata Torres,Paquete,Cadillac,Cadillac,12,No,Polanco,4326
2025-07-28,Victoria Díaz,Clase Individual,Cadillac,Cadillac,0,No,Condesa,466
2025-07-28,Mariana Mendoza,Paquete,Cadillac,Cadillac,12,No,Condesa,4496
2025-07-28,Santiago Torres,Paquete,Cadillac,Cadillac,12,No,Roma,4335
2025-07-28,Regina Morales,Paquete,Reformer,Reformer,8,No,Roma,3195
2025-07-28,Santiago Reyes,Clase Individual,Cadillac,Cadillac,0,No,Condesa,426
2025-07-29,Camila Flores,Fitpass,Cadillac,Cadillac,0,Sí,Roma,228
2025-07-29,Valeria Sánchez,Fitpass,Cadillac,Cadillac,0,Sí,Roma,229
2025-07-29,Luis Reyes,Paquete,Reformer,Reformer,8,No,Roma,3279
2025-07-29,Alejandro Díaz,Fitpass,Mat Pilates,Ninguno,0,Sí,Roma,186
2025-07-29,Andrea Pérez,Fitpass,Reformer,Reformer,0,Sí,Roma,231
2025-07-29,Camila Ramírez,Paquete,Cadillac,Cadillac,8,No,Roma,3223
2025-07-29,Regina Gutiérrez,Fitpass,Cadillac,Cadillac,0,Sí,Roma,186
2025-07-30,Lucía Rodríguez,Fitpass,Cadillac,Cadillac,0,Sí,Condesa,192
2025-07-30,Paula López,Fitpass,Cadillac,Cadillac,0,Sí,Roma,221
2025-07-30,Paula García,Paquete,Chair,Chair,12,No,Polanco,4479
2025-07-30,Natalia Torres,Paquete,Reformer,Reformer,12,No,Roma,4364
2025-07-30,Claudia Ramírez,Paquete,Reformer,Reformer,24,No,Roma,8353
2025-07-30,Natalia Cruz,Fitpass,Reformer,Reformer,0,Sí,Polanco,229
2025-07-30,Fernanda Reyes,Fitpass,Reformer,Reformer,0,Sí,Roma,195
2025-07-30,Fernando Hernández,Fitpass,Reformer,Reformer,0,Sí,Roma,218
2025-07-30,Santiago Rodríguez,Paquete,Reformer,Reformer,12,No,Roma,4576
2025-07-30,Victoria Vázquez,Fitpass,Chair,Chair,0,Sí,Roma,217
2025-07-30,Miguel López,Fitpass,Mat Pilates,Ninguno,0,Sí,Polanco,231
2025-07-30,Camila Hernández,Clase Individual,Reformer,Reformer,0,No,Roma,428
2025-07-31,Sofía Reyes,Paquete,Mat Pilates,Ninguno,24,No,Condesa,8687
2025-07-31,Diego Cruz,Fitpass,Reformer,Reformer,0,Sí,Condesa,235
2025-07-31,Fernanda Torres,Paquete,Mat Pilates,Ninguno,8,No,Roma,3190
2025-07-31,Carolina Díaz,Paquete,Chair,Chair,12,No,Polanco,4474
2025-07-31,Andrea González,Fitpass,Chair,Chair,0,Sí,Condesa,196
2025-07-31,Sofía Gómez,Fitpass,Reformer,Reformer,0,Sí,Roma,197
2025-07-31,Fernando Hernández,Fitpass,Reformer,Reformer,0,Sí,Roma,204
2025-07-31,Luis Pérez,Paquete,Reformer,Reformer,8,No,Roma,3098
2025-07-31,Regina Jiménez,Fitpass,Reformer,Reformer,0,Sí,Polanco,211
2025-08-01,Fernanda Cruz,Fitpass,Reformer,Reformer,0,Sí,Condesa,240
2025-08-01,Andrea Hernández,Paquete,Cadillac,Cadillac,8,No,Condesa,3117
2025-08-01,Santiago Hernández,Clase Individual,Reformer,Reformer,0,No,Condesa,452
2025-08-01,Carlos García,Paquete,Chair,Chair,12,No,Roma,4361
2025-08-01,Daniela Mendoza,Paquete,Reformer,Reformer,8,No,Condesa,3242
2025-08-01,María Mendoza,Fitpass,Mat Pilates,Ninguno,0,Sí,Roma,213
2025-08-01,Fernanda López,Paquete,Reformer,Reformer,8,No,Condesa,3075
2025-08-01,Diego Torres,Fitpass,Reformer,Reformer,0,Sí,Polanco,192
2025-08-01,Diego Gutiérrez,Clase Individual,Cadillac,Cadillac,0,No,Condesa,471
2025-08-01,Alejandro Hernández,Paquete,Reformer,Reformer,24,No,Roma,8507
2025-08-01,Javier Mendoza,Paquete,Reformer,Reformer,24,No,Polanco,8417
2025-08-01,Lucía Reyes,Clase Individual,Mat Pilates,Ninguno,0,No,Roma,475
2025-08-02,Rodrigo Torres,Clase Individual,Chair,Chair,0,No,Roma,518
2025-08-02,Alejandro Rodríguez,Clase Individual,Chair,Chair,0,No,Roma,496
2025-08-02,Natalia Torres,Clase Individual,Reformer,Reformer,0,No,Roma,425
2025-08-02,Mateo Martínez,Clase Individual,Reformer,Reformer,0,No,Polanco,511
2025-08-02,Renata García,Paquete,Reformer,Reformer,12,No,Roma,4244
2025-08-02,Mateo Reyes,Clase Individual,Reformer,Reformer,0,No,Roma,410
2025-08-02,Carolina Rodríguez,Paquete,Cadillac,Cadillac,8,No,Condesa,3165
2025-08-02,Victoria Gutiérrez,Paquete,Chair,Chair,12,No,Condesa,4262
2025-08-02,Renata Cruz,Paquete,Reformer,Reformer,8,No,Condesa,2997
2025-08-03,Claudia Reyes,Fitpass,Reformer,Reformer,0,Sí,Condesa,193
2025-08-03,Gabriela Reyes,Paquete,Mat Pilates,Ninguno,12,No,Roma,4243
2025-08-03,Gabriela García,Fitpass,Reformer,Reformer,0,Sí,Polanco,229
2025-08-03,Fernando Torres,Fitpass,Reformer,Reformer,0,Sí,Roma,218
2025-08-03,Rodrigo López,Clase Individual,Mat Pilates,Ninguno,0,No,Polanco,478
2025-08-03,Fernando Ramírez,Paquete,Cadillac,Cadillac,8,No,Roma,3202
2025-08-03,Santiago Vázquez,Clase Individual,Reformer,Reformer,0,No,Roma,414
2025-08-03,Paula Torres,Paquete,Chair,Chair,12,No,Roma,4119
2025-08-03,Paula Martínez,Fitpass,Chair,Chair,0,Sí,Polanco,213
2025-08-04,Sofía Pérez,Fitpass,Reformer,Reformer,0,Sí,Condesa,226
2025-08-04,Camila Díaz,Paquete,Reformer,Reformer,12,No,Roma,4115
2025-08-04,Diego Martínez,Clase Individual,Cadillac,Cadillac,0,No,Roma,407
2025-08-04,Natalia Mendoza,Fitpass,Mat Pilates,Ninguno,0,Sí,Roma,213
2025-08-04,Fernando Morales,Fitpass,Reformer,Reformer,0,Sí,Polanco,217
2025-08-04,Santiago Martínez,Fitpass,Reformer,Reformer,0,Sí,Condesa,231
2025-08-04,Fernando Gutiérrez,Paquete,Chair,Chair,8,No,Condesa,3174
2025-08-04,Luis Vázquez,Clase Individual,Reformer,Reformer,0,No,Condesa,498
2025-08-04,Regina Ramírez,Paquete,Mat Pilates,Ninguno,8,No,Roma,2916
2025-08-05,Lucía López,Paquete,Chair,Chair,24,No,Condesa,8699
2025-08-05,Carolina Vázquez,Fitpass,Reformer,Reformer,0,Sí,Roma,189
2025-08-05,Miguel Reyes,Fitpass,Reformer,Reformer,0,Sí,Condesa,211
2025-08-06,Fernando Vázquez,Fitpass,Reformer,Reformer,0,Sí,Condesa,223
2025-08-06,Andrea Cruz,Clase Individual,Chair,Chair,0,No,Polanco,452
2025-08-06,Rodrigo Gómez,Paquete,Reformer,Reformer,12,No,Polanco,4508
2025-08-06,Regina Jiménez,Paquete,Reformer,Reformer,8,No,Roma,3155
2025-08-06,María Gómez,Paquete,Reformer,Reformer,12,No,Condesa,4523
2025-08-06,Daniela Martínez,Fitpass,Reformer,Reformer,0,Sí,Roma,238
2025-08-06,Laura Reyes,Fitpass,Reformer,Reformer,0,Sí,Roma,231
2025-08-06,Carolina Gómez,Clase Individual,Reformer,Reformer,0,No,Roma,483
2025-08-06,Diego Gutiérrez,Clase Individual,Chair,Chair,0,No,Roma,479
2025-08-06,Fernando Torres,Clase Individual,Reformer,Reformer,0,No,Polanco,428
2025-08-07,Daniela Flores,Paquete,Cadillac,Cadillac,12,No,Condesa,4434
2025-08-07,Daniela Martínez,Paquete,Reformer,Reformer,8,No,Roma,3102
2025-08-07,Paula Gómez,Fitpass,Reformer,Reformer,0,Sí,Polanco,211
2025-08-07,Diego García,Paquete,Mat Pilates,Ninguno,8,No,Polanco,3261
2025-08-07,Lucía Jiménez,Paquete,Reformer,Reformer,8,No,Roma,3090
2025-08-07,Paula López,Paquete,Mat Pilates,Ninguno,8,No,Condesa,2919
2025-08-07,Andrea Reyes,Paquete,Chair,Chair,8,No,Roma,2917
2025-08-07,Daniela Gómez,Paquete,Chair,Chair,8,No,Condesa,2999
2025-08-07,Renata Vázquez,Clase Individual,Reformer,Reformer,0,No,Roma,456
2025-08-07,Ana Morales,Paquete,Reformer,Reformer,12,No,Roma,4122
2025-08-07,Renata Vázquez,Paquete,Reformer,Reformer,24,No,Polanco,8039
2025-08-07,Lucía Morales,Paquete,Mat Pilates,Ninguno,12,No,Roma,4113
2025-08-07,Laura Díaz,Paquete,Cadillac,Cadillac,12,No,Polanco,4595
2025-08-08,Laura Jiménez,Paquete,Cadillac,Cadillac,8,No,Polanco,2986
2025-08-08,Renata Ramírez,Fitpass,Mat Pilates,Ninguno,0,Sí,Polanco,208
2025-08-08,Victoria González,Paquete,Mat Pilates,Ninguno,12,No,Polanco,4499
2025-08-08,Mariana Mendoza,Paquete,Reformer,Reformer,12,No,Condesa,4269
2025-08-08,Laura Vázquez,Fitpass,Reformer,Reformer,0,Sí,Condesa,185
2025-08-08,Renata González,Fitpass,Cadillac,Cadillac,0,Sí,Polanco,204
2025-08-08,Victoria Jiménez,Fitpass,Reformer,Reformer,0,Sí,Roma,229
2025-08-09,Gabriela Flores,Fitpass,Reformer,Reformer,0,Sí,Condesa,204
2025-08-09,Santiago Sánchez,Paquete,Reformer,Reformer,8,No,Roma,3143
2025-08-09,Rodrigo Mendoza,Paquete,Chair,Chair,24,No,Roma,8147
2025-08-09,Daniela Pérez,Clase Individual,Mat Pilates,Ninguno,0,No,Roma,406
2025-08-09,Santiago Gutiérrez,Paquete,Reformer,Reformer,8,No,Roma,2905
2025-08-09,Regina Ramírez,Paquete,Reformer,Reformer,24,No,Roma,8502
2025-08-09,Laura Díaz,Paquete,Cadillac,Cadillac,12,No,Polanco,4284
2025-08-09,Diego López,Fitpass,Reformer,Reformer,0,Sí,Roma,189
2025-08-09,Claudia García,Paquete,Chair,Chair,24,No,Condesa,8553
2025-08-09,Rodrigo González,Paquete,Cadillac,Cadillac,8,No,Roma,3166
2025-08-10,Daniela Pérez,Paquete,Mat Pilates,Ninguno,12,No,Condesa,4684
2025-08-10,Lucía Morales,Clase Individual,Reformer,Reformer,0,No,Condesa,402
2025-08-10,Valeria Vázquez,Paquete,Reformer,Reformer,12,No,Polanco,4560
2025-08-10,Claudia Mendoza,Clase Individual,Reformer,Reformer,0,No,Polanco,430
2025-08-10,Valeria Reyes,Paquete,Mat Pilates,Ninguno,8,No,Condesa,3300
2025-08-10,Renata Torres,Paquete,Reformer,Reformer,8,No,Polanco,3138
2025-08-10,Victoria Gutiérrez,Paquete,Mat Pilates,Ninguno,12,No,Condesa,4256
2025-08-10,Fernanda Martínez,Paquete,Reformer,Reformer,8,No,Roma,3015
2025-08-10,Ana Flores,Paquete,Chair,Chair,8,No,Roma,2921
2025-08-11,Claudia Mendoza,Paquete,Reformer,Reformer,12,No,Condesa,4444
2025-08-11,Luis Hernández,Paquete,Chair,Chair,12,No,Condesa,4124
2025-08-11,Natalia Torres,Clase Individual,Reformer,Reformer,0,No,Polanco,492
2025-08-11,Lucía Ramírez,Paquete,Chair,Chair,12,No,Condesa,4473
2025-08-11,Valeria Cruz,Paquete,Reformer,Reformer,8,No,Roma,3036
2025-08-11,Laura Vázquez,Fitpass,Reformer,Reformer,0,Sí,Polanco,233
2025-08-11,Carlos Martínez,Fitpass,Chair,Chair,0,Sí,Roma,180
2025-08-12,Sofía García,Fitpass,Chair,Chair,0,Sí,Roma,210
2025-08-12,Valeria Vázquez,Paquete,Reformer,Reformer,12,No,Roma,4220
2025-08-12,Lucía Jiménez,Paquete,Reformer,Reformer,12,No,Condesa,4389
2025-08-12,Carolina Ramírez,Paquete,Reformer,Reformer,24,No,Roma,8416
2025-08-12,Miguel Torres,Paquete,Reformer,Reformer,12,No,Condesa,4472
2025-08-12,Ximena Morales,Fitpass,Cadillac,Cadillac,0,Sí,Condesa,239
2025-08-12,Victoria Gómez,Clase Individual,Chair,Chair,0,No,Condesa,446
2025-08-12,Alejandro Reyes,Paquete,Mat Pilates,Ninguno,8,No,Condesa,3148
2025-08-12,Sofía Morales,Paquete,Reformer,Reformer,12,No,Condesa,4350
2025-08-12,Diego González,Fitpass,Mat Pilates,Ninguno,0,Sí,Roma,212
2025-08-12,Andrea Gómez,Paquete,Cadillac,Cadillac,8,No,Roma,3207
2025-08-12,Ximena López,Paquete,Chair,Chair,12,No,Condesa,4584
2025-08-12,Carlos Mendoza,Fitpass,Reformer,Reformer,0,Sí,Condesa,230
2025-08-13,Lucía Pérez,Clase Individual,Reformer,Reformer,0,No,Roma,389
2025-08-13,Carlos Mendoza,Paquete,Reformer,Reformer,8,No,Condesa,2981
2025-08-13,Fernanda López,Paquete,Reformer,Reformer,8,No,Roma,2960
2025-08-14,Mariana Díaz,Fitpass,Reformer,Reformer,0,Sí,Roma,190
2025-08-14,Claudia Ramírez,Fitpass,Cadillac,Cadillac,0,Sí,Polanco,193
2025-08-14,Ximena González,Paquete,Reformer,Reformer,12,No,Condesa,4319
2025-08-14,Laura Sánchez,Clase Individual,Cadillac,Cadillac,0,No,Polanco,467
2025-08-14,Renata Cruz,Clase Individual,Reformer,Reformer,0,No,Roma,499
2025-08-14,Camila González,Fitpass,Mat Pilates,Ninguno,0,Sí,Polanco,188
2025-08-14,Laura Pérez,Fitpass,Reformer,Reformer,0,Sí,Polanco,235
2025-08-14,Miguel González,Fitpass,Reformer,Reformer,0,Sí,Roma,189
2025-08-14,María Morales,Fitpass,Reformer,Reformer,0,Sí,Roma,211
2025-08-15,Daniela Jiménez,Clase Individual,Cadillac,Cadillac,0,No,Condesa,505
2025-08-15,Diego Ramírez,Fitpass,Reformer,Reformer,0,Sí,Condesa,211
2025-08-15,Regina Pérez,Clase Individual,Reformer,Reformer,0,No,Roma,465
2025-08-15,Diego Vázquez,Clase Individual,Cadillac,Cadillac,0,No,Condesa,450
2025-08-15,Paula Mendoza,Paquete,Reformer,Reformer,12,No,Condesa,4546
2025-08-15,Regina Vázquez,Paquete,Chair,Chair,24,No,Condesa,8172
2025-08-15,Alejandro Rodríguez,Clase Individual,Mat Pilates,Ninguno,0,No,Condesa,381
2025-08-16,Javier Mendoza,Fitpass,Chair,Chair,0,Sí,Roma,210
2025-08-16,Claudia Martínez,Paquete,Chair,Chair,8,No,Roma,3128
2025-08-16,Diego García,Fitpass,Chair,Chair,0,Sí,Roma,209
2025-08-16,Lucía Rodríguez,Fitpass,Reformer,Reformer,0,Sí,Condesa,182
2025-08-16,Ximena Jiménez,Paquete,Reformer,Reformer,8,No,Condesa,3285
2025-08-16,Fernanda Hernández,Clase Individual,Reformer,Reformer,0,No,Polanco,431
2025-08-16,Renata González,Fitpass,Mat Pilates,Ninguno,0,Sí,Roma,239
2025-08-16,Sofía Gómez,Paquete,Reformer,Reformer,24,No,Roma,8306
2025-08-17,Victoria Gómez,Paquete,Reformer,Reformer,8,No,Polanco,3111
2025-08-17,Fernanda Torres,Paquete,Chair,Chair,12,No,Polanco,4383
2025-08-17,Rodrigo Pérez,Paquete,Mat Pilates,Ninguno,8,No,Condesa,3300
2025-08-17,Fernando Hernández,Paquete,Chair,Chair,8,No,Condesa,3248
2025-08-17,Natalia Ramírez,Fitpass,Reformer,Reformer,0,Sí,Polanco,215
2025-08-17,Lucía Martínez,Fitpass,Chair,Chair,0,Sí,Polanco,226
2025-08-17,Miguel Sánchez,Paquete,Reformer,Reformer,12,No,Roma,4590
2025-08-17,Regina Pérez,Fitpass,Reformer,Reformer,0,Sí,Polanco,214
2025-08-17,Ana López,Fitpass,Mat Pilates,Ninguno,0,Sí,Condesa,223
2025-08-17,Regina Morales,Paquete,Reformer,Reformer,12,No,Roma,4204
2025-08-17,Natalia Reyes,Paquete,Mat Pilates,Ninguno,24,No,Condesa,7952
2025-08-17,Ximena Ramírez,Clase Individual,Reformer,Reformer,0,No,Condesa,485
2025-08-17,Luis González,Fitpass,Reformer,Reformer,0,Sí,Condesa,201
2025-08-18,María Jiménez,Paquete,Cadillac,Cadillac,24,No,Roma,8822
2025-08-18,Claudia Mendoza,Paquete,Chair,Chair,12,No,Roma,4217
2025-08-18,Rodrigo Sánchez,Paquete,Mat Pilates,Ninguno,12,No,Roma,4135
2025-08-18,María Mendoza,Fitpass,Reformer,Reformer,0,Sí,Roma,233
2025-08-18,Fernando García,Paquete,Reformer,Reformer,8,No,Condesa,3291
2025-08-18,Victoria Flores,Clase Individual,Reformer,Reformer,0,No,Roma,513
2025-08-18,Fernando González,Clase Individual,Reformer,Reformer,0,No,Roma,459
2025-08-18,Rodrigo López,Paquete,Reformer,Reformer,12,No,Polanco,4196
2025-08-18,Lucía Pérez,Paquete,Chair,Chair,12,No,Condesa,4542
2025-08-18,Paula López,Fitpass,Cadillac,Cadillac,0,Sí,Condesa,224
2025-08-18,Mateo González,Paquete,Reformer,Reformer,8,No,Condesa,3080
2025-08-18,Javier Rodríguez,Paquete,Reformer,Reformer,8,No,Polanco,3170
2025-08-18,Mariana Reyes,Fitpass,Reformer,Reformer,0,Sí,Condesa,190
2025-08-18,Fernanda Jiménez,Paquete,Mat Pilates,Ninguno,12,No,Condesa,4195
2025-08-19,Camila Díaz,Fitpass,Cadillac,Cadillac,0,Sí,Condesa,182
2025-08-19,Valeria Vázquez,Paquete,Reformer,Reformer,8,No,Roma,2935
2025-08-19,Natalia Cruz,Clase Individual,Reformer,Reformer,0,No,Roma,406
2025-08-19,Fernanda Cruz,Fitpass,Reformer,Reformer,0,Sí,Condesa,194
2025-08-19,Alejandro Torres,Fitpass,Mat Pilates,Ninguno,0,Sí,Roma,213
2025-08-19,Fernanda Torres,Clase Individual,Reformer,Reformer,0,No,Condesa,380
2025-08-20,Javier Díaz,Paquete,Reformer,Reformer,8,No,Condesa,3054
2025-08-20,Miguel Díaz,Paquete,Reformer,Reformer,8,No,Roma,3200
2025-08-20,Lucía Hernández,Paquete,Reformer,Reformer,24,No,Roma,8284
2025-08-20,Victoria Martínez,Fitpass,Reformer,Reformer,0,Sí,Polanco,212
2025-08-20,Carlos Díaz,Clase Individual,Reformer,Reformer,0,No,Roma,514
2025-08-20,Andrea Gutiérrez,Fitpass,Reformer,Reformer,0,Sí,Roma,227
2025-08-20,Paula Torres,Fitpass,Reformer,Reformer,0,Sí,Roma,202
2025-08-21,Sofía Cruz,Fitpass,Reformer,Reformer,0,Sí,Polanco,226
2025-08-21,Natalia Vázquez,Paquete,Reformer,Reformer,8,No,Polanco,3198
2025-08-21,Camila Torres,Paquete,Mat Pilates,Ninguno,24,No,Condesa,8083
2025-08-21,Paula Flores,Paquete,Chair,Chair,8,No,Roma,3296
2025-08-21,Diego Jiménez,Paquete,Cadillac,Cadillac,24,No,Polanco,8032
2025-08-21,Daniela Martínez,Fitpass,Reformer,Reformer,0,Sí,Polanco,211
2025-08-21,Regina Ramírez,Fitpass,Reformer,Reformer,0,Sí,Roma,223
2025-08-21,Miguel Reyes,Fitpass,Cadillac,Cadillac,0,Sí,Roma,210
2025-08-21,Valeria Morales,Paquete,Reformer,Reformer,12,No,Roma,4381
2025-08-22,Renata Sánchez,Paquete,Reformer,Reformer,12,No,Condesa,4543
2025-08-22,Fernando Morales,Fitpass,Cadillac,Cadillac,0,Sí,Condesa,229
2025-08-22,Fernando Gómez,Fitpass,Chair,Chair,0,Sí,Condesa,231
2025-08-22,Santiago Torres,Paquete,Reformer,Reformer,8,No,Polanco,3178
2025-08-22,Ximena Gómez,Clase Individual,Chair,Chair,0,No,Polanco,449
2025-08-22,Renata Flores,Fitpass,Mat Pilates,Ninguno,0,Sí,Condesa,205
2025-08-22,Fernando González,Paquete,Reformer,Reformer,8,No,Roma,3291
2025-08-22,Natalia Pérez,Fitpass,Mat Pilates,Ninguno,0,Sí,Roma,233
2025-08-22,Renata Torres,Paquete,Cadillac,Cadillac,24,No,Roma,8624
2025-08-22,Regina Pérez,Paquete,Reformer,Reformer,8,No,Polanco,3034
2025-08-22,Carlos Morales,Paquete,Cadillac,Cadillac,8,No,Polanco,3207
2025-08-22,Luis Cruz,Fitpass,Mat Pilates,Ninguno,0,Sí,Roma,190
2025-08-22,Miguel Torres,Fitpass,Cadillac,Cadillac,0,Sí,Roma,192
2025-08-23,Santiago Rodríguez,Paquete,Reformer,Reformer,8,No,Polanco,3007
2025-08-23,Gabriela Gómez,Paquete,Reformer,Reformer,12,No,Roma,4354
2025-08-23,Renata Cruz,Paquete,Chair,Chair,12,No,Roma,4157
2025-08-23,Javier Gómez,Paquete,Mat Pilates,Ninguno,8,No,Roma,3101
2025-08-23,Fernanda García,Paquete,Reformer,Reformer,12,No,Polanco,4493
2025-08-23,Laura Díaz,Paquete,Reformer,Reformer,8,No,Polanco,3032
2025-08-23,Diego González,Paquete,Reformer,Reformer,12,No,Roma,4524
2025-08-23,Diego Gómez,Fitpass,Chair,Chair,0,Sí,Roma,213
2025-08-23,Regina Rodríguez,Paquete,Reformer,Reformer,8,No,Roma,3251
2025-08-23,Santiago Pérez,Fitpass,Cadillac,Cadillac,0,Sí,Polanco,193
2025-08-24,Mariana Rodríguez,Fitpass,Cadillac,Cadillac,0,Sí,Condesa,196
2025-08-24,Javier Mendoza,Fitpass,Reformer,Reformer,0,Sí,Condesa,221
2025-08-24,Claudia Gómez,Fitpass,Chair,Chair,0,Sí,Condesa,197
2025-08-24,Javier González,Fitpass,Reformer,Reformer,0,Sí,Polanco,217
2025-08-24,Carolina Rodríguez,Paquete,Reformer,Reformer,12,No,Condesa,4422
2025-08-24,Paula Morales,Fitpass,Cadillac,Cadillac,0,Sí,Roma,233
2025-08-24,Natalia Reyes,Fitpass,Reformer,Reformer,0,Sí,Polanco,196
2025-08-24,Ana Martínez,Fitpass,Reformer,Reformer,0,Sí,Roma,233
2025-08-24,Ana Morales,Fitpass,Chair,Chair,0,Sí,Polanco,223
2025-08-24,Regina Cruz,Clase Individual,Cadillac,Cadillac,0,No,Condesa,484
2025-08-24,Lucía Gutiérrez,Paquete,Mat Pilates,Ninguno,12,No,Polanco,4470
2025-08-24,Mariana Cruz,Paquete,Reformer,Reformer,8,No,Condesa,3220
2025-08-25,Camila Gutiérrez,Fitpass,Reformer,Reformer,0,Sí,Roma,196
2025-08-25,Camila Mendoza,Paquete,Reformer,Reformer,8,No,Polanco,2993
2025-08-25,Alejandro Hernández,Clase Individual,Mat Pilates,Ninguno,0,No,Roma,446
2025-08-25,Carlos López,Fitpass,Mat Pilates,Ninguno,0,Sí,Condesa,184
2025-08-25,Fernanda Gutiérrez,Paquete,Chair,Chair,24,No,Condesa,8347
2025-08-25,Andrea Cruz,Paquete,Mat Pilates,Ninguno,24,No,Condesa,8671
2025-08-25,Diego Jiménez,Paquete,Reformer,Reformer,8,No,Polanco,3105
2025-08-25,Diego Martínez,Fitpass,Cadillac,Cadillac,0,Sí,Polanco,217
2025-08-25,Lucía Pérez,Fitpass,Reformer,Reformer,0,Sí,Roma,195
2025-08-25,Mariana Cruz,Paquete,Cadillac,Cadillac,8,No,Roma,3028
2025-08-26,Mateo Gómez,Fitpass,Chair,Chair,0,Sí,Roma,236
2025-08-26,Daniela Gómez,Paquete,Chair,Chair,12,No,Roma,4180
2025-08-26,Fernando Martínez,Clase Individual,Reformer,Reformer,0,No,Roma,426
2025-08-26,Mariana Hernández,Fitpass,Reformer,Reformer,0,Sí,Roma,240
2025-08-26,Daniela Rodríguez,Fitpass,Reformer,Reformer,0,Sí,Roma,240
2025-08-26,Luis Hernández,Paquete,Chair,Chair,8,No,Roma,2915
2025-08-26,Alejandro Martínez,Paquete,Reformer,Reformer,24,No,Polanco,8369
2025-08-26,Carlos Vázquez,Paquete,Reformer,Reformer,24,No,Roma,8053
2025-08-26,Rodrigo Sánchez,Paquete,Reformer,Reformer,24,No,Roma,8400
2025-08-26,Claudia Gómez,Fitpass,Cadillac,Cadillac,0,Sí,Condesa,215
2025-08-26,Gabriela Hernández,Clase Individual,Cadillac,Cadillac,0,No,Polanco,463
2025-08-26,Carolina Cruz,Paquete,Reformer,Reformer,8,No,Condesa,3178
2025-08-26,Rodrigo Pérez,Paquete,Cadillac,Cadillac,8,No,Condesa,3288
2025-08-26,Javier Morales,Clase Individual,Cadillac,Cadillac,0,No,Roma,436
2025-08-27,Rodrigo Ramírez,Paquete,Reformer,Reformer,24,No,Condesa,7918
2025-08-27,Mateo López,Clase Individual,Chair,Chair,0,No,Condesa,520
2025-08-27,Regina Hernández,Paquete,Cadillac,Cadillac,12,No,Condesa,4553
2025-08-27,Camila Hernández,Paquete,Reformer,Reformer,8,No,Polanco,3239
2025-08-27,Fernanda Morales,Paquete,Reformer,Reformer,8,No,Roma,3255
2025-08-27,Claudia Jiménez,Paquete,Reformer,Reformer,12,No,Roma,4299
2025-08-27,Rodrigo García,Paquete,Chair,Chair,8,No,Condesa,3162
2025-08-28,María Reyes,Fitpass,Mat Pilates,Ninguno,0,Sí,Condesa,221
2025-08-28,Fernanda Pérez,Paquete,Mat Pilates,Ninguno,8,No,Condesa,3115
2025-08-28,Carolina Morales,Fitpass,Cadillac,Cadillac,0,Sí,Polanco,235
2025-08-28,Claudia García,Paquete,Reformer,Reformer,12,No,Condesa,4410
2025-08-28,Fernando Vázquez,Paquete,Reformer,Reformer,12,No,Roma,4353
2025-08-28,Lucía Pérez,Paquete,Reformer,Reformer,8,No,Roma,3159
2025-08-28,Ximena Martínez,Paquete,Chair,Chair,12,No,Polanco,4400
2025-08-28,Renata Cruz,Paquete,Reformer,Reformer,8,No,Condesa,3146
2025-08-28,Diego Mendoza,Paquete,Cadillac,Cadillac,8,No,Roma,3253
2025-08-28,Fernando Díaz,Paquete,Chair,Chair,8,No,Polanco,3063
2025-08-28,Lucía Gómez,Paquete,Mat Pilates,Ninguno,8,No,Condesa,3027
2025-08-28,Mateo Hernández,Paquete,Cadillac,Cadillac,8,No,Condesa,3035
2025-08-28,Carolina Torres,Paquete,Mat Pilates,Ninguno,12,No,Condesa,4391
2025-08-28,Claudia Martínez,Fitpass,Reformer,Reformer,0,Sí,Roma,236
2025-08-29,Valeria Sánchez,Paquete,Chair,Chair,8,No,Condesa,3032
2025-08-29,Andrea López,Paquete,Chair,Chair,8,No,Condesa,3217
2025-08-29,Carolina Jiménez,Paquete,Chair,Chair,12,No,Roma,4348
2025-08-29,Fernando Torres,Clase Individual,Chair,Chair,0,No,Condesa,501
2025-08-29,María Reyes,Paquete,Mat Pilates,Ninguno,24,No,Roma,8173
2025-08-29,Fernanda Jiménez,Fitpass,Chair,Chair,0,Sí,Roma,221
2025-08-29,Camila Gómez,Paquete,Reformer,Reformer,24,No,Polanco,8654
2025-08-29,Victoria Martínez,Paquete,Reformer,Reformer,8,No,Roma,3206
2025-08-30,Daniela Sánchez,Paquete,Reformer,Reformer,12,No,Condesa,4225
2025-08-30,Andrea Gómez,Fitpass,Reformer,Reformer,0,Sí,Roma,198
2025-08-30,Laura González,Fitpass,Reformer,Reformer,0,Sí,Roma,205
2025-08-30,Gabriela Vázquez,Clase Individual,Mat Pilates,Ninguno,0,No,Roma,394
2025-08-30,Ximena Ramírez,Paquete,Reformer,Reformer,12,No,Condesa,4683
2025-08-30,Claudia Sánchez,Paquete,Chair,Chair,8,No,Roma,3200
2025-08-30,María García,Paquete,Reformer,Reformer,12,No,Condesa,4291
2025-08-30,Renata Vázquez,Fitpass,Reformer,Reformer,0,Sí,Roma,239
2025-08-30,Sofía Reyes,Fitpass,Chair,Chair,0,Sí,Condesa,216
2025-08-30,Mateo Díaz,Fitpass,Reformer,Reformer,0,Sí,Roma,223
2025-08-30,Victoria Torres,Paquete,Mat Pilates,Ninguno,8,No,Polanco,2928
2025-08-30,Natalia Hernández,Paquete,Reformer,Reformer,12,No,Condesa,4208
2025-08-31,Victoria Reyes,Paquete,Mat Pilates,Ninguno,8,No,Condesa,2921
2025-08-31,Lucía Reyes,Fitpass,Reformer,Reformer,0,Sí,Roma,237
2025-08-31,Mariana Pérez,Clase Individual,Cadillac,Cadillac,0,No,Polanco,478
2025-08-31,Laura Mendoza,Clase Individual,Reformer,Reformer,0,No,Condesa,446
2025-08-31,Claudia Pérez,Paquete,Cadillac,Cadillac,12,No,Condesa,4164
2025-09-01,Lucía Rodríguez,Fitpass,Reformer,Reformer,0,Sí,Polanco,199
2025-09-01,Gabriela Mendoza,Clase Individual,Reformer,Reformer,0,No,Roma,509
2025-09-01,Daniela Reyes,Paquete,Chair,Chair,12,No,Polanco,4584
2025-09-01,Fernanda González,Clase Individual,Chair,Chair,0,No,Roma,489
2025-09-01,Regina Pérez,Paquete,Reformer,Reformer,8,No,Condesa,3082
2025-09-01,Sofía González,Paquete,Chair,Chair,8,No,Roma,3039
2025-09-01,Carlos Pérez,Paquete,Reformer,Reformer,8,No,Condesa,3044
2025-09-01,Ximena Martínez,Paquete,Mat Pilates,Ninguno,8,No,Condesa,3038
2025-09-01,Camila Torres,Clase Individual,Reformer,Reformer,0,No,Condesa,391
2025-09-01,Sofía Reyes,Paquete,Reformer,Reformer,12,No,Roma,4604
2025-09-01,Miguel Reyes,Paquete,Reformer,Reformer,12,No,Roma,4185
2025-09-01,Laura Hernández,Fitpass,Reformer,Reformer,0,Sí,Polanco,220
2025-09-01,Renata Gómez,Clase Individual,Chair,Chair,0,No,Roma,454
2025-09-01,Sofía García,Clase Individual,Reformer,Reformer,0,No,Roma,411
2025-09-01,Ana González,Fitpass,Cadillac,Cadillac,0,Sí,Roma,200
2025-09-01,Laura Vázquez,Clase Individual,Reformer,Reformer,0,No,Roma,504
2025-09-02,Claudia Cruz,Paquete,Mat Pilates,Ninguno,12,No,Roma,4448
2025-09-02,Natalia Morales,Fitpass,Reformer,Reformer,0,Sí,Condesa,186
2025-09-02,Santiago López,Fitpass,Reformer,Reformer,0,Sí,Roma,210
2025-09-02,Fernanda García,Fitpass,Reformer,Reformer,0,Sí,Condesa,188
2025-09-02,Regina Martínez,Paquete,Reformer,Reformer,8,No,Polanco,3155
2025-09-02,Miguel Ramírez,Paquete,Reformer,Reformer,8,No,Condesa,2969
2025-09-02,Luis Mendoza,Paquete,Chair,Chair,12,No,Condesa,4106
2025-09-02,Paula Martínez,Clase Individual,Reformer,Reformer,0,No,Condesa,419
2025-09-02,Paula Rodríguez,Clase Individual,Mat Pilates,Ninguno,0,No,Polanco,485
2025-09-02,Javier González,Fitpass,Mat Pilates,Ninguno,0,Sí,Roma,183
2025-09-02,Camila Vázquez,Paquete,Chair,Chair,8,No,Roma,3123
2025-09-02,Andrea Hernández,Fitpass,Cadillac,Cadillac,0,Sí,Roma,229
2025-09-02,Luis Hernández,Fitpass,Chair,Chair,0,Sí,Condesa,184
2025-09-03,Luis Rodríguez,Fitpass,Reformer,Reformer,0,Sí,Roma,229
2025-09-03,Rodrigo Díaz,Clase Individual,Cadillac,Cadillac,0,No,Roma,425
2025-09-03,Daniela López,Fitpass,Cadillac,Cadillac,0,Sí,Condesa,234
2025-09-03,Victoria Rodríguez,Paquete,Reformer,Reformer,24,No,Roma,8810
2025-09-03,Camila Rodríguez,Clase Individual,Chair,Chair,0,No,Roma,423
2025-09-03,Carlos Gómez,Paquete,Chair,Chair,8,No,Roma,3277
2025-09-03,Luis Gutiérrez,Fitpass,Reformer,Reformer,0,Sí,Polanco,208
2025-09-03,Paula Mendoza,Fitpass,Chair,Chair,0,Sí,Roma,192
2025-09-03,María Mendoza,Fitpass,Reformer,Reformer,0,Sí,Polanco,217
2025-09-03,Laura Hernández,Fitpass,Reformer,Reformer,0,Sí,Roma,236
2025-09-03,Fernando González,Paquete,Mat Pilates,Ninguno,12,No,Roma,4581
2025-09-04,Valeria Vázquez,Paquete,Reformer,Reformer,8,No,Roma,3111
2025-09-04,Lucía Morales,Clase Individual,Reformer,Reformer,0,No,Condesa,466
2025-09-04,Miguel Cruz,Paquete,Reformer,Reformer,24,No,Condesa,8169
2025-09-04,Paula García,Paquete,Mat Pilates,Ninguno,12,No,Roma,4169
2025-09-04,Diego López,Paquete,Reformer,Reformer,8,No,Polanco,3010
2025-09-04,María Jiménez,Fitpass,Mat Pilates,Ninguno,0,Sí,Polanco,235
2025-09-04,Ana Morales,Fitpass,Reformer,Reformer,0,Sí,Polanco,236
2025-09-04,Diego Pérez,Clase Individual,Reformer,Reformer,0,No,Roma,460
2025-09-04,Carlos Pérez,Clase Individual,Cadillac,Cadillac,0,No,Roma,487
2025-09-04,Camila Gutiérrez,Fitpass,Cadillac,Cadillac,0,Sí,Roma,182
2025-09-04,Carlos Rodríguez,Fitpass,Chair,Chair,0,Sí,Condesa,210
2025-09-04,Luis Jiménez,Fitpass,Reformer,Reformer,0,Sí,Polanco,211
2025-09-04,Andrea Reyes,Paquete,Reformer,Reformer,12,No,Condesa,4512
2025-09-04,Natalia Mendoza,Clase Individual,Reformer,Reformer,0,No,Condesa,414
2025-09-04,Renata Vázquez,Fitpass,Chair,Chair,0,Sí,Polanco,184
2025-09-05,Daniela López,Fitpass,Mat Pilates,Ninguno,0,Sí,Polanco,188
2025-09-05,María Díaz,Fitpass,Reformer,Reformer,0,Sí,Condesa,240
2025-09-05,Ana Martínez,Paquete,Reformer,Reformer,8,No,Polanco,3276
2025-09-05,Diego Sánchez,Paquete,Cadillac,Cadillac,12,No,Condesa,4286
2025-09-05,Fernanda Hernández,Paquete,Mat Pilates,Ninguno,8,No,Condesa,3159
2025-09-05,Andrea Vázquez,Clase Individual,Reformer,Reformer,0,No,Condesa,441
2025-09-05,Gabriela Ramírez,Fitpass,Reformer,Reformer,0,Sí,Polanco,208
2025-09-05,Gabriela Vázquez,Clase Individual,Reformer,Reformer,0,No,Polanco,396
2025-09-05,Renata López,Paquete,Reformer,Reformer,8,No,Roma,2957
2025-09-05,Camila Mendoza,Clase Individual,Chair,Chair,0,No,Roma,519
2025-09-05,Miguel Ramírez,Fitpass,Reformer,Reformer,0,Sí,Condesa,185
2025-09-05,María Díaz,Fitpass,Reformer,Reformer,0,Sí,Condesa,207
2025-09-05,Daniela González,Fitpass,Mat Pilates,Ninguno,0,Sí,Roma,198
2025-09-05,Sofía Díaz,Clase Individual,Reformer,Reformer,0,No,Roma,444
2025-09-05,Sofía Sánchez,Fitpass,Mat Pilates,Ninguno,0,Sí,Polanco,186
2025-09-06,Fernanda Torres,Clase Individual,Reformer,Reformer,0,No,Polanco,418
2025-09-06,Andrea Pérez,Clase Individual,Reformer,Reformer,0,No,Roma,499
2025-09-06,Fernando Cruz,Paquete,Mat Pilates,Ninguno,12,No,Condesa,4329
2025-09-06,Miguel González,Paquete,Reformer,Reformer,12,No,Condesa,4599
2025-09-06,Laura Gutiérrez,Paquete,Reformer,Reformer,8,No,Condesa,3080
2025-09-06,Fernanda Vázquez,Fitpass,Reformer,Reformer,0,Sí,Polanco,217
2025-09-06,Mateo Pérez,Paquete,Reformer,Reformer,24,No,Roma,8462
2025-09-06,Paula Gómez,Paquete,Reformer,Reformer,8,No,Polanco,3211
2025-09-06,Mateo González,Fitpass,Chair,Chair,0,Sí,Roma,208
2025-09-06,Mariana Jiménez,Clase Individual,Reformer,Reformer,0,No,Condesa,465
2025-09-06,Gabriela González,Fitpass,Reformer,Reformer,0,Sí,Polanco,232
2025-09-06,Ana Martínez,Paquete,Mat Pilates,Ninguno,8,No,Roma,3000
2025-09-07,Valeria Reyes,Fitpass,Mat Pilates,Ninguno,0,Sí,Condesa,212
2025-09-07,Valeria Morales,Clase Individual,Reformer,Reformer,0,No,Roma,441
2025-09-07,Carolina Vázquez,Paquete,Mat Pilates,Ninguno,12,No,Condesa,4545
2025-09-07,Laura Vázquez,Fitpass,Mat Pilates,Ninguno,0,Sí,Condesa,205
2025-09-07,Gabriela Reyes,Clase Individual,Reformer,Reformer,0,No,Roma,385
2025-09-07,Carlos Pérez,Clase Individual,Reformer,Reformer,0,No,Roma,517
2025-09-07,Lucía Ramírez,Paquete,Reformer,Reformer,8,No,Roma,3044
2025-09-07,Rodrigo Morales,Fitpass,Reformer,Reformer,0,Sí,Polanco,205
2025-09-07,Laura García,Fitpass,Chair,Chair,0,Sí,Roma,215
2025-09-07,Lucía García,Clase Individual,Chair,Chair,0,No,Condesa,409
2025-09-07,Luis Pérez,Fitpass,Reformer,Reformer,0,Sí,Roma,204
2025-09-07,Mariana Flores,Fitpass,Reformer,Reformer,0,Sí,Condesa,225
2025-09-07,Daniela Torres,Paquete,Reformer,Reformer,8,No,Polanco,2956
2025-09-07,Fernanda Morales,Fitpass,Cadillac,Cadillac,0,Sí,Condesa,234
2025-09-07,Alejandro Torres,Paquete,Reformer,Reformer,8,No,Roma,2957
2025-09-08,Fernanda González,Fitpass,Chair,Chair,0,Sí,Roma,215
2025-09-08,Paula López,Fitpass,Mat Pilates,Ninguno,0,Sí,Roma,182
2025-09-08,Gabriela Mendoza,Paquete,Cadillac,Cadillac,12,No,Condesa,4110
2025-09-08,Camila Gutiérrez,Paquete,Reformer,Reformer,24,No,Roma,7933
2025-09-08,Paula Morales,Fitpass,Cadillac,Cadillac,0,Sí,Condesa,218
2025-09-08,Renata Torres,Clase Individual,Cadillac,Cadillac,0,No,Roma,399
2025-09-08,Laura Díaz,Fitpass,Mat Pilates,Ninguno,0,Sí,Polanco,217
2025-09-08,Mariana Gómez,Paquete,Reformer,Reformer,12,No,Roma,4670
2025-09-08,Diego Mendoza,Paquete,Reformer,Reformer,12,No,Roma,4282
2025-09-08,Ximena García,Fitpass,Reformer,Reformer,0,Sí,Condesa,236
2025-09-08,Paula Gómez,Paquete,Reformer,Reformer,8,No,Roma,2965
2025-09-08,Regina Torres,Fitpass,Mat Pilates,Ninguno,0,Sí,Roma,238
2025-09-08,Andrea González,Paquete,Reformer,Reformer,8,No,Polanco,3127
2025-09-08,Camila Flores,Clase Individual,Reformer,Reformer,0,No,Roma,452
2025-09-08,Javier Morales,Clase Individual,Chair,Chair,0,No,Condesa,415
2025-09-08,Fernando Gutiérrez,Paquete,Mat Pilates,Ninguno,24,No,Condesa,8528
2025-09-08,Ximena Jiménez,Paquete,Reformer,Reformer,8,No,Roma,3173
2025-09-08,Renata Mendoza,Fitpass,Cadillac,Cadillac,0,Sí,Condesa,200
2025-09-09,Gabriela Reyes,Paquete,Reformer,Reformer,8,No,Roma,3170
2025-09-09,Diego García,Fitpass,Mat Pilates,Ninguno,0,Sí,Roma,196
2025-09-09,Natalia Martínez,Paquete,Reformer,Reformer,8,No,Condesa,3088
2025-09-09,Laura Gómez,Fitpass,Reformer,Reformer,0,Sí,Roma,182
2025-09-09,Mariana Jiménez,Paquete,Reformer,Reformer,24,No,Polanco,8040
2025-09-09,Carolina Hernández,Paquete,Chair,Chair,24,No,Roma,8580
2025-09-09,Fernanda Mendoza,Paquete,Reformer,Reformer,12,No,Condesa,4228
2025-09-09,Sofía Rodríguez,Clase Individual,Mat Pilates,Ninguno,0,No,Roma,408
2025-09-09,Carolina Mendoza,Fitpass,Chair,Chair,0,Sí,Roma,224
2025-09-09,Valeria Sánchez,Paquete,Cadillac,Cadillac,12,No,Roma,4693
2025-09-09,Laura Pérez,Clase Individual,Cadillac,Cadillac,0,No,Roma,444
2025-09-10,Lucía Flores,Clase Individual,Mat Pilates,Ninguno,0,No,Condesa,391
2025-09-10,Fernando Hernández,Clase Individual,Reformer,Reformer,0,No,Roma,412
2025-09-10,Alejandro Díaz,Fitpass,Cadillac,Cadillac,0,Sí,Condesa,208
2025-09-10,Fernando Martínez,Paquete,Cadillac,Cadillac,24,No,Polanco,8603
2025-09-10,Fernanda Pérez,Paquete,Cadillac,Cadillac,12,No,Condesa,4166
2025-09-10,Regina Cruz,Paquete,Reformer,Reformer,12,No,Condesa,4310
2025-09-10,Natalia López,Paquete,Reformer,Reformer,8,No,Condesa,2991
2025-09-10,Camila Díaz,Fitpass,Reformer,Reformer,0,Sí,Polanco,223
2025-09-10,Regina García,Paquete,Mat Pilates,Ninguno,24,No,Polanco,7920
2025-09-10,Regina Pérez,Paquete,Mat Pilates,Ninguno,8,No,Roma,3010
2025-09-11,Luis Pérez,Paquete,Reformer,Reformer,8,No,Roma,3032
2025-09-11,Andrea Pérez,Paquete,Reformer,Reformer,12,No,Condesa,4298
2025-09-11,Rodrigo González,Fitpass,Reformer,Reformer,0,Sí,Roma,212
2025-09-11,Carlos Ramírez,Fitpass,Reformer,Reformer,0,Sí,Roma,224
2025-09-11,Lucía Gutiérrez,Clase Individual,Cadillac,Cadillac,0,No,Condesa,496
2025-09-11,Carolina García,Paquete,Reformer,Reformer,12,No,Condesa,4539
2025-09-11,Fernando Morales,Clase Individual,Reformer,Reformer,0,No,Condesa,410
2025-09-11,Mariana Martínez,Fitpass,Reformer,Reformer,0,Sí,Condesa,228
2025-09-11,Regina Díaz,Paquete,Reformer,Reformer,8,No,Roma,2967
2025-09-11,Santiago Martínez,Paquete,Reformer,Reformer,24,No,Condesa,8742
2025-09-11,Alejandro Jiménez,Paquete,Mat Pilates,Ninguno,12,No,Roma,4359
2025-09-11,Ana Gómez,Paquete,Chair,Chair,12,No,Polanco,4528
2025-09-11,Paula Torres,Paquete,Mat Pilates,Ninguno,8,No,Condesa,3126
2025-09-11,Diego García,Paquete,Reformer,Reformer,12,No,Condesa,4411
2025-09-11,Fernanda Mendoza,Fitpass,Mat Pilates,Ninguno,0,Sí,Condesa,234
2025-09-11,Daniela Hernández,Fitpass,Mat Pilates,Ninguno,0,Sí,Condesa,212
2025-09-11,Rodrigo Torres,Paquete,Chair,Chair,24,No,Condesa,8277
2025-09-11,Fernando Jiménez,Clase Individual,Chair,Chair,0,No,Polanco,511
2025-09-11,Natalia Ramírez,Paquete,Reformer,Reformer,12,No,Condesa,4519
2025-09-11,Fernanda González,Paquete,Reformer,Reformer,8,No,Condesa,3218
2025-09-12,Gabriela Ramírez,Fitpass,Reformer,Reformer,0,Sí,Condesa,232
2025-09-12,Carolina Gómez,Clase Individual,Cadillac,Cadillac,0,No,Roma,485
2025-09-12,Mateo Vázquez,Paquete,Reformer,Reformer,12,No,Condesa,4359
2025-09-12,Sofía Mendoza,Paquete,Chair,Chair,8,No,Condesa,2941
2025-09-12,Valeria Mendoza,Paquete,Reformer,Reformer,12,No,Roma,4122
2025-09-12,Andrea Gutiérrez,Fitpass,Cadillac,Cadillac,0,Sí,Condesa,209
2025-09-12,Claudia Martínez,Clase Individual,Reformer,Reformer,0,No,Condesa,491
2025-09-12,Regina González,Paquete,Reformer,Reformer,8,No,Roma,3231
2025-09-12,Lucía Gutiérrez,Fitpass,Mat Pilates,Ninguno,0,Sí,Polanco,206
2025-09-12,Sofía Gutiérrez,Clase Individual,Mat Pilates,Ninguno,0,No,Roma,440
2025-09-12,Gabriela Jiménez,Clase Individual,Cadillac,Cadillac,0,No,Polanco,508
2025-09-12,Santiago Rodríguez,Paquete,Reformer,Reformer,8,No,Polanco,3194
2025-09-12,Daniela Reyes,Paquete,Reformer,Reformer,12,No,Condesa,4566
2025-09-12,Fernanda Mendoza,Clase Individual,Cadillac,Cadillac,0,No,Polanco,389
2025-09-13,Ximena Martínez,Paquete,Chair,Chair,12,No,Roma,4274
2025-09-13,María Reyes,Fitpass,Cadillac,Cadillac,0,Sí,Roma,188
2025-09-13,María García,Fitpass,Chair,Chair,0,Sí,Roma,199
2025-09-13,Laura Flores,Paquete,Reformer,Reformer,8,No,Condesa,3135
2025-09-13,Ximena Hernández,Paquete,Reformer,Reformer,8,No,Roma,3263
2025-09-13,Laura Pérez,Paquete,Reformer,Reformer,12,No,Condesa,4112
2025-09-13,Laura Martínez,Paquete,Reformer,Reformer,8,No,Condesa,3222
2025-09-13,Luis González,Paquete,Reformer,Reformer,12,No,Condesa,4482
2025-09-13,Sofía Torres,Fitpass,Reformer,Reformer,0,Sí,Roma,231
2025-09-13,Claudia Gómez,Paquete,Reformer,Reformer,12,No,Polanco,4682
2025-09-13,Sofía González,Paquete,Cadillac,Cadillac,12,No,Polanco,4158
2025-09-13,Daniela Cruz,Paquete,Reformer,Reformer,12,No,Condesa,4394
2025-09-13,Renata López,Paquete,Reformer,Reformer,24,No,Condesa,8513
2025-09-13,Luis Mendoza,Paquete,Reformer,Reformer,12,No,Polanco,4300
2025-09-13,Sofía Gutiérrez,Fitpass,Reformer,Reformer,0,Sí,Roma,182
2025-09-13,Claudia Ramírez,Paquete,Mat Pilates,Ninguno,24,No,Roma,8891
2025-09-13,Alejandro Martínez,Paquete,Reformer,Reformer,12,No,Roma,4580
2025-09-13,Lucía Gómez,Paquete,Chair,Chair,12,No,Roma,4128
2025-09-14,Daniela Martínez,Paquete,Reformer,Reformer,12,No,Polanco,4106
2025-09-14,Natalia Cruz,Paquete,Reformer,Reformer,8,No,Condesa,3254
2025-09-14,Sofía Jiménez,Paquete,Reformer,Reformer,24,No,Condesa,8537
2025-09-14,Ximena Torres,Paquete,Mat Pilates,Ninguno,8,No,Polanco,3276
2025-09-14,Gabriela Ramírez,Clase Individual,Reformer,Reformer,0,No,Condesa,498
2025-09-14,Laura Pérez,Clase Individual,Reformer,Reformer,0,No,Polanco,391
2025-09-14,Daniela Pérez,Clase Individual,Mat Pilates,Ninguno,0,No,Roma,397
2025-09-14,Victoria Díaz,Paquete,Chair,Chair,8,No,Roma,3223
2025-09-14,Lucía Vázquez,Fitpass,Reformer,Reformer,0,Sí,Polanco,201
2025-09-14,Victoria Hernández,Paquete,Chair,Chair,24,No,Roma,8839
2025-09-14,Fernando González,Fitpass,Reformer,Reformer,0,Sí,Condesa,205
2025-09-14,Laura González,Paquete,Cadillac,Cadillac,8,No,Roma,3154
2025-09-14,Sofía López,Fitpass,Mat Pilates,Ninguno,0,Sí,Condesa,203
2025-09-14,Laura Hernández,Paquete,Chair,Chair,8,No,Condesa,3261
2025-09-14,Valeria Flores,Clase Individual,Reformer,Reformer,0,No,Polanco,414
2025-09-14,Alejandro Díaz,Paquete,Reformer,Reformer,8,No,Roma,3172
2025-09-14,Paula Flores,Paquete,Mat Pilates,Ninguno,12,No,Condesa,4637
2025-09-14,Ana Flores,Fitpass,Reformer,Reformer,0,Sí,Condesa,218
2025-09-14,Andrea Gómez,Fitpass,Mat Pilates,Ninguno,0,Sí,Roma,184
2025-09-15,Daniela González,Clase Individual,Chair,Chair,0,No,Condesa,445
2025-09-15,Natalia Hernández,Clase Individual,Reformer,Reformer,0,No,Condesa,381
2025-09-15,Sofía Flores,Clase Individual,Mat Pilates,Ninguno,0,No,Condesa,427
2025-09-15,Santiago Díaz,Paquete,Chair,Chair,8,No,Condesa,3298
2025-09-15,Carlos Pérez,Paquete,Chair,Chair,24,No,Condesa,8266
2025-09-15,Luis García,Fitpass,Reformer,Reformer,0,Sí,Condesa,230
2025-09-15,Victoria Martínez,Paquete,Reformer,Reformer,8,No,Polanco,3150
2025-09-15,Mariana Mendoza,Paquete,Reformer,Reformer,8,No,Condesa,3095
2025-09-15,Miguel Mendoza,Fitpass,Reformer,Reformer,0,Sí,Condesa,208
2025-09-15,Lucía Vázquez,Fitpass,Reformer,Reformer,0,Sí,Roma,217
2025-09-15,Miguel Mendoza,Paquete,Chair,Chair,8,No,Condesa,2981
2025-09-15,Carolina Ramírez,Paquete,Reformer,Reformer,12,No,Roma,4140
2025-09-15,Andrea Reyes,Paquete,Reformer,Reformer,12,No,Roma,4227
2025-09-15,Claudia Mendoza,Fitpass,Cadillac,Cadillac,0,Sí,Roma,218
2025-09-15,Paula Rodríguez,Fitpass,Reformer,Reformer,0,Sí,Condesa,206
2025-09-15,María Pérez,Paquete,Chair,Chair,12,No,Condesa,4607
2025-09-16,Diego Hernández,Fitpass,Reformer,Reformer,0,Sí,Roma,226
2025-09-16,Claudia Torres,Fitpass,Reformer,Reformer,0,Sí,Condesa,187
2025-09-16,Victoria Jiménez,Fitpass,Chair,Chair,0,Sí,Roma,193
2025-09-16,Regina García,Fitpass,Reformer,Reformer,0,Sí,Condesa,231
2025-09-16,Rodrigo López,Clase Individual,Reformer,Reformer,0,No,Polanco,416
2025-09-16,Fernanda López,Fitpass,Reformer,Reformer,0,Sí,Condesa,226
2025-09-16,Valeria Flores,Fitpass,Reformer,Reformer,0,Sí,Polanco,190
2025-09-16,Sofía López,Paquete,Cadillac,Cadillac,12,No,Condesa,4536
2025-09-16,Carolina González,Clase Individual,Cadillac,Cadillac,0,No,Roma,390
2025-09-16,Luis Cruz,Paquete,Reformer,Reformer,8,No,Roma,2965
2025-09-16,Mateo Gómez,Fitpass,Chair,Chair,0,Sí,Roma,212
2025-09-17,Javier Sánchez,Paquete,Reformer,Reformer,12,No,Condesa,4363
2025-09-17,Laura González,Clase Individual,Chair,Chair,0,No,Condesa,447
2025-09-17,Claudia Hernández,Fitpass,Reformer,Reformer,0,Sí,Polanco,227
2025-09-17,Claudia Mendoza,Paquete,Reformer,Reformer,8,No,Condesa,3258
2025-09-17,Rodrigo Mendoza,Fitpass,Reformer,Reformer,0,Sí,Roma,234
2025-09-17,Natalia Díaz,Paquete,Reformer,Reformer,12,No,Polanco,4152
2025-09-17,Regina Gutiérrez,Paquete,Reformer,Reformer,8,No,Condesa,2962
2025-09-17,Santiago Rodríguez,Paquete,Cadillac,Cadillac,8,No,Roma,3288
2025-09-17,Alejandro Mendoza,Paquete,Reformer,Reformer,24,No,Condesa,8092
2025-09-17,Natalia Reyes,Paquete,Mat Pilates,Ninguno,8,No,Condesa,3112
2025-09-17,María García,Clase Individual,Chair,Chair,0,No,Polanco,441
2025-09-17,Ana López,Paquete,Reformer,Reformer,24,No,Roma,8529
2025-09-18,Miguel Díaz,Paquete,Cadillac,Cadillac,8,No,Roma,3223
2025-09-18,Paula Ramírez,Fitpass,Reformer,Reformer,0,Sí,Roma,209
2025-09-18,Regina Jiménez,Paquete,Reformer,Reformer,12,No,Condesa,4250
2025-09-18,Carlos Morales,Paquete,Reformer,Reformer,12,No,Condesa,4215
2025-09-18,Regina Hernández,Paquete,Chair,Chair,12,No,Roma,4667
2025-09-18,Claudia Rodríguez,Clase Individual,Reformer,Reformer,0,No,Condesa,470
2025-09-18,Claudia Pérez,Clase Individual,Mat Pilates,Ninguno,0,No,Condesa,404
2025-09-18,Mariana Morales,Paquete,Reformer,Reformer,12,No,Roma,4535
2025-09-18,Fernando Cruz,Paquete,Reformer,Reformer,12,No,Condesa,4404
2025-09-18,Regina Vázquez,Paquete,Cadillac,Cadillac,12,No,Roma,4384
2025-09-18,Paula Vázquez,Fitpass,Cadillac,Cadillac,0,Sí,Roma,219
2025-09-18,María Gutiérrez,Paquete,Reformer,Reformer,24,No,Roma,8620
2025-09-18,Carolina Hernández,Fitpass,Reformer,Reformer,0,Sí,Condesa,221
2025-09-18,Mariana Flores,Paquete,Chair,Chair,24,No,Roma,8124
2025-09-18,Claudia Vázquez,Clase Individual,Reformer,Reformer,0,No,Condesa,423
2025-09-19,Miguel Rodríguez,Clase Individual,Reformer,Reformer,0,No,Roma,409
2025-09-19,Alejandro Sánchez,Clase Individual,Reformer,Reformer,0,No,Condesa,407
2025-09-19,Andrea Reyes,Paquete,Cadillac,Cadillac,8,No,Condesa,3233
2025-09-19,Luis López,Paquete,Cadillac,Cadillac,12,No,Condesa,4587
2025-09-19,Fernanda Vázquez,Paquete,Reformer,Reformer,24,No,Condesa,8101
2025-09-19,Sofía Pérez,Clase Individual,Chair,Chair,0,No,Polanco,474
2025-09-19,Carolina López,Clase Individual,Mat Pilates,Ninguno,0,No,Roma,445
2025-09-19,Regina Cruz,Paquete,Chair,Chair,12,No,Condesa,4111
2025-09-19,Claudia Gutiérrez,Paquete,Reformer,Reformer,12,No,Polanco,4281
2025-09-19,Valeria Mendoza,Fitpass,Reformer,Reformer,0,Sí,Polanco,191
2025-09-19,Daniela Reyes,Fitpass,Mat Pilates,Ninguno,0,Sí,Polanco,192
2025-09-19,Luis Pérez,Paquete,Cadillac,Cadillac,12,No,Condesa,4348
2025-09-19,Claudia Mendoza,Paquete,Reformer,Reformer,12,No,Polanco,4509
2025-09-19,Renata Morales,Paquete,Mat Pilates,Ninguno,12,No,Polanco,4103
2025-09-19,Natalia Sánchez,Fitpass,Reformer,Reformer,0,Sí,Condesa,213
2025-09-19,Rodrigo Mendoza,Clase Individual,Chair,Chair,0,No,Roma,388
2025-09-19,Luis Jiménez,Clase Individual,Reformer,Reformer,0,No,Polanco,380
2025-09-19,Sofía Díaz,Clase Individual,Chair,Chair,0,No,Roma,500
2025-09-20,Mateo Flores,Paquete,Reformer,Reformer,8,No,Condesa,3151
2025-09-20,Ana Gómez,Fitpass,Cadillac,Cadillac,0,Sí,Roma,202
2025-09-20,Claudia Cruz,Paquete,Reformer,Reformer,8,No,Polanco,3233
2025-09-20,Lucía Morales,Clase Individual,Mat Pilates,Ninguno,0,No,Roma,477
2025-09-20,Renata Morales,Clase Individual,Chair,Chair,0,No,Condesa,419
2025-09-20,Mateo Vázquez,Fitpass,Reformer,Reformer,0,Sí,Polanco,233
2025-09-20,Camila Díaz,Fitpass,Chair,Chair,0,Sí,Condesa,215
2025-09-20,Fernanda González,Fitpass,Cadillac,Cadillac,0,Sí,Condesa,185
2025-09-20,Sofía Rodríguez,Fitpass,Chair,Chair,0,Sí,Condesa,213
2025-09-20,Sofía Morales,Fitpass,Mat Pilates,Ninguno,0,Sí,Condesa,206
2025-09-20,Santiago Rodríguez,Paquete,Reformer,Reformer,8,No,Condesa,3068
2025-09-20,Andrea Torres,Paquete,Reformer,Reformer,12,No,Roma,4325
2025-09-20,Valeria Gómez,Fitpass,Mat Pilates,Ninguno,0,Sí,Polanco,207
2025-09-20,Javier Vázquez,Clase Individual,Reformer,Reformer,0,No,Roma,480
2025-09-21,Sofía Cruz,Paquete,Reformer,Reformer,12,No,Roma,4546
2025-09-21,Mateo Vázquez,Paquete,Mat Pilates,Ninguno,8,No,Polanco,3220
2025-09-21,Luis Gutiérrez,Fitpass,Cadillac,Cadillac,0,Sí,Roma,187
2025-09-21,Laura Sánchez,Fitpass,Reformer,Reformer,0,Sí,Roma,210
2025-09-21,Miguel Sánchez,Paquete,Cadillac,Cadillac,8,No,Roma,3198
2025-09-21,Ximena García,Paquete,Cadillac,Cadillac,12,No,Roma,4648
2025-09-21,Camila Martínez,Clase Individual,Cadillac,Cadillac,0,No,Polanco,452
2025-09-21,Santiago Gómez,Fitpass,Chair,Chair,0,Sí,Condesa,237
2025-09-21,Alejandro Vázquez,Fitpass,Cadillac,Cadillac,0,Sí,Condesa,189
2025-09-21,Mariana Reyes,Paquete,Reformer,Reformer,24,No,Polanco,7942
2025-09-21,Rodrigo Ramírez,Fitpass,Chair,Chair,0,Sí,Polanco,201
2025-09-21,Sofía Pérez,Clase Individual,Mat Pilates,Ninguno,0,No,Condesa,515
2025-09-21,Gabriela Gómez,Paquete,Reformer,Reformer,8,No,Condesa,3270
2025-09-21,Fernando González,Fitpass,Mat Pilates,Ninguno,0,Sí,Polanco,196
2025-09-21,Mariana Cruz,Paquete,Cadillac,Cadillac,8,No,Roma,3090
2025-09-21,Natalia García,Fitpass,Reformer,Reformer,0,Sí,Roma,231
2025-09-21,Daniela Cruz,Fitpass,Reformer,Reformer,0,Sí,Roma,214
2025-09-21,Regina Torres,Paquete,Chair,Chair,8,No,Roma,3124
2025-09-21,Ximena Torres,Clase Individual,Reformer,Reformer,0,No,Polanco,498
2025-09-22,Ximena Gutiérrez,Clase Individual,Mat Pilates,Ninguno,0,No,Condesa,511
2025-09-22,Ana Gutiérrez,Fitpass,Reformer,Reformer,0,Sí,Polanco,208
2025-09-22,Rodrigo Ramírez,Paquete,Reformer,Reformer,12,No,Condesa,4643
2025-09-22,Laura Mendoza,Clase Individual,Reformer,Reformer,0,No,Condesa,415
2025-09-22,Mateo Pérez,Fitpass,Chair,Chair,0,Sí,Roma,205
2025-09-22,Claudia García,Clase Individual,Reformer,Reformer,0,No,Condesa,440
2025-09-22,Natalia Pérez,Paquete,Cadillac,Cadillac,12,No,Roma,4204
2025-09-22,Rodrigo Díaz,Paquete,Reformer,Reformer,12,No,Roma,4239
2025-09-22,Sofía Cruz,Fitpass,Mat Pilates,Ninguno,0,Sí,Roma,221
2025-09-22,Santiago Rodríguez,Paquete,Reformer,Reformer,12,No,Roma,4433
2025-09-22,Diego Díaz,Paquete,Chair,Chair,8,No,Roma,3082
2025-09-22,Mariana Jiménez,Paquete,Chair,Chair,8,No,Roma,2933
2025-09-22,Andrea Gómez,Paquete,Chair,Chair,8,No,Roma,3201
2025-09-23,Natalia Vázquez,Paquete,Reformer,Reformer,12,No,Polanco,4403
2025-09-23,Ximena García,Fitpass,Mat Pilates,Ninguno,0,Sí,Polanco,210
2025-09-23,Lucía Jiménez,Paquete,Reformer,Reformer,12,No,Condesa,4276
2025-09-23,Fernanda Mendoza,Clase Individual,Reformer,Reformer,0,No,Condesa,451
2025-09-23,Sofía López,Paquete,Mat Pilates,Ninguno,12,No,Condesa,4420
2025-09-23,Valeria Reyes,Fitpass,Reformer,Reformer,0,Sí,Condesa,189
2025-09-23,Sofía Cruz,Clase Individual,Mat Pilates,Ninguno,0,No,Roma,393
2025-09-23,Luis Rodríguez,Paquete,Mat Pilates,Ninguno,8,No,Polanco,2915
2025-09-23,Javier Torres,Paquete,Chair,Chair,12,No,Condesa,4409
2025-09-24,Natalia Hernández,Fitpass,Reformer,Reformer,0,Sí,Roma,194
2025-09-24,Mariana Ramírez,Fitpass,Mat Pilates,Ninguno,0,Sí,Roma,187
2025-09-24,Claudia Gutiérrez,Clase Individual,Mat Pilates,Ninguno,0,No,Roma,518
2025-09-24,Luis Pérez,Fitpass,Mat Pilates,Ninguno,0,Sí,Roma,194
2025-09-24,Javier Mendoza,Paquete,Reformer,Reformer,8,No,Condesa,3088
2025-09-24,Laura Vázquez,Clase Individual,Cadillac,Cadillac,0,No,Roma,469
2025-09-24,María Gutiérrez,Clase Individual,Mat Pilates,Ninguno,0,No,Condesa,474
2025-09-24,Ximena García,Clase Individual,Cadillac,Cadillac,0,No,Roma,392
2025-09-25,Laura Ramírez,Paquete,Reformer,Reformer,12,No,Polanco,4700
2025-09-25,Alejandro Reyes,Fitpass,Cadillac,Cadillac,0,Sí,Condesa,198
2025-09-25,Daniela Hernández,Paquete,Chair,Chair,8,No,Polanco,3197
2025-09-25,Regina Ramírez,Paquete,Reformer,Reformer,12,No,Roma,4329
2025-09-25,Laura García,Fitpass,Cadillac,Cadillac,0,Sí,Roma,235
2025-09-25,Sofía Mendoza,Fitpass,Chair,Chair,0,Sí,Condesa,200
2025-09-25,Lucía Vázquez,Paquete,Reformer,Reformer,8,No,Roma,3033
2025-09-25,Ximena López,Clase Individual,Reformer,Reformer,0,No,Condesa,479
2025-09-25,Ana Flores,Fitpass,Reformer,Reformer,0,Sí,Roma,218
2025-09-25,Paula Díaz,Clase Individual,Mat Pilates,Ninguno,0,No,Condesa,394
2025-09-25,Fernanda López,Paquete,Reformer,Reformer,8,No,Roma,3134
2025-09-25,Sofía Gómez,Paquete,Reformer,Reformer,24,No,Roma,8030
2025-09-25,Carlos López,Paquete,Reformer,Reformer,12,No,Condesa,4678
2025-09-26,Victoria González,Fitpass,Reformer,Reformer,0,Sí,Roma,216
2025-09-26,Diego Mendoza,Fitpass,Cadillac,Cadillac,0,Sí,Condesa,204
2025-09-26,Sofía Torres,Paquete,Reformer,Reformer,12,No,Roma,4273
2025-09-26,Miguel Ramírez,Clase Individual,Chair,Chair,0,No,Polanco,498
2025-09-26,Laura García,Paquete,Reformer,Reformer,8,No,Condesa,3018
2025-09-26,Carlos García,Paquete,Chair,Chair,8,No,Roma,3095
2025-09-26,Mariana Mendoza,Fitpass,Reformer,Reformer,0,Sí,Condesa,205
2025-09-26,Valeria Mendoza,Paquete,Reformer,Reformer,12,No,Roma,4460
2025-09-26,Miguel Flores,Fitpass,Reformer,Reformer,0,Sí,Roma,191
2025-09-26,Rodrigo Cruz,Paquete,Reformer,Reformer,8,No,Polanco,3203
2025-09-26,Natalia Pérez,Fitpass,Chair,Chair,0,Sí,Condesa,207
2025-09-26,Natalia Ramírez,Fitpass,Reformer,Reformer,0,Sí,Roma,220
2025-09-26,Santiago Torres,Paquete,Chair,Chair,24,No,Roma,8436
2025-09-26,Laura Gutiérrez,Fitpass,Mat Pilates,Ninguno,0,Sí,Condesa,185
2025-09-26,Rodrigo Morales,Paquete,Reformer,Reformer,12,No,Roma,4585
2025-09-26,Fernanda Rodríguez,Paquete,Chair,Chair,24,No,Polanco,7986
2025-09-26,Daniela Rodríguez,Fitpass,Reformer,Reformer,0,Sí,Polanco,217
2025-09-27,Fernanda Vázquez,Fitpass,Cadillac,Cadillac,0,Sí,Roma,219
2025-09-27,Carlos Morales,Clase Individual,Reformer,Reformer,0,No,Roma,421
2025-09-27,Javier Rodríguez,Clase Individual,Reformer,Reformer,0,No,Roma,384
2025-09-27,Claudia Gutiérrez,Paquete,Cadillac,Cadillac,12,No,Roma,4103
2025-09-27,Santiago Gutiérrez,Paquete,Reformer,Reformer,12,No,Condesa,4506
2025-09-27,Claudia Cruz,Fitpass,Chair,Chair,0,Sí,Polanco,233
2025-09-27,Ximena Flores,Clase Individual,Chair,Chair,0,No,Condesa,470
2025-09-27,Renata García,Fitpass,Reformer,Reformer,0,Sí,Condesa,204
2025-09-27,Mateo López,Clase Individual,Reformer,Reformer,0,No,Condesa,499
2025-09-27,Diego Díaz,Fitpass,Chair,Chair,0,Sí,Polanco,196
2025-09-27,Carlos Gómez,Fitpass,Reformer,Reformer,0,Sí,Polanco,183
2025-09-27,Laura Ramírez,Paquete,Chair,Chair,8,No,Roma,3262
2025-09-27,Valeria González,Paquete,Cadillac,Cadillac,12,No,Condesa,4131
2025-09-28,Mariana Mendoza,Paquete,Reformer,Reformer,12,No,Roma,4127
2025-09-28,Claudia Gómez,Paquete,Cadillac,Cadillac,12,No,Polanco,4223
2025-09-28,Camila Ramírez,Fitpass,Mat Pilates,Ninguno,0,Sí,Polanco,214
2025-09-28,Fernanda Morales,Clase Individual,Cadillac,Cadillac,0,No,Condesa,446
2025-09-28,Claudia Jiménez,Paquete,Mat Pilates,Ninguno,12,No,Roma,4678
2025-09-28,Javier Mendoza,Paquete,Reformer,Reformer,12,No,Condesa,4357
2025-09-28,Lucía Vázquez,Fitpass,Cadillac,Cadillac,0,Sí,Roma,188
2025-09-28,Andrea Cruz,Clase Individual,Reformer,Reformer,0,No,Condesa,431
2025-09-29,Camila Hernández,Paquete,Cadillac,Cadillac,8,No,Roma,3063
2025-09-29,Carlos Pérez,Paquete,Chair,Chair,24,No,Condesa,8494
2025-09-29,Rodrigo Ramírez,Clase Individual,Reformer,Reformer,0,No,Polanco,449
2025-09-29,Lucía Vázquez,Paquete,Cadillac,Cadillac,8,No,Roma,3250
2025-09-29,Alejandro Gómez,Paquete,Reformer,Reformer,12,No,Roma,4602
2025-09-29,Miguel Flores,Fitpass,Reformer,Reformer,0,Sí,Roma,202
2025-09-29,Alejandro Torres,Clase Individual,Reformer,Reformer,0,No,Roma,402
2025-09-29,Ana Vázquez,Paquete,Mat Pilates,Ninguno,12,No,Roma,4681
2025-09-29,Laura Flores,Paquete,Reformer,Reformer,12,No,Condesa,4211
2025-09-29,Carlos Torres,Clase Individual,Chair,Chair,0,No,Polanco,465
2025-09-29,Gabriela Gómez,Paquete,Reformer,Reformer,12,No,Condesa,4380
2025-09-29,Lucía López,Fitpass,Reformer,Reformer,0,Sí,Roma,193
2025-09-29,Natalia García,Fitpass,Chair,Chair,0,Sí,Roma,221
2025-09-29,Victoria Jiménez,Fitpass,Chair,Chair,0,Sí,Polanco,216
2025-09-29,Andrea Hernández,Fitpass,Reformer,Reformer,0,Sí,Condesa,185
2025-09-29,Victoria González,Paquete,Reformer,Reformer,12,No,Condesa,4683
2025-09-29,María Morales,Paquete,Reformer,Reformer,24,No,Condesa,8407
2025-09-29,Ana Morales,Fitpass,Cadillac,Cadillac,0,Sí,Roma,214
2025-09-29,Victoria González,Fitpass,Reformer,Reformer,0,Sí,Roma,184
2025-09-30,Andrea Jiménez,Clase Individual,Reformer,Reformer,0,No,Roma,464
2025-09-30,María Gómez,Paquete,Mat Pilates,Ninguno,8,No,Roma,3278
2025-09-30,Carlos García,Paquete,Cadillac,Cadillac,8,No,Roma,2943
2025-09-30,Miguel Torres,Paquete,Chair,Chair,8,No,Roma,3070
2025-09-30,Camila Vázquez,Clase Individual,Reformer,Reformer,0,No,Roma,440
2025-09-30,Luis Díaz,Fitpass,Reformer,Reformer,0,Sí,Roma,189
2025-09-30,Gabriela Martínez,Fitpass,Reformer,Reformer,0,Sí,Roma,190
2025-09-30,Fernanda Flores,Fitpass,Reformer,Reformer,0,Sí,Polanco,182
2025-09-30,Natalia Reyes,Fitpass,Mat Pilates,Ninguno,0,Sí,Condesa,197
2025-09-30,Mariana Díaz,Fitpass,Cadillac,Cadillac,0,Sí,Roma,240
2025-09-30,Sofía Mendoza,Fitpass,Cadillac,Cadillac,0,Sí,Condesa,209
2025-09-30,Andrea Cruz,Clase Individual,Mat Pilates,Ninguno,0,No,Condesa,508
2025-09-30,Andrea Reyes,Paquete,Reformer,Reformer,8,No,Polanco,3263
2025-09-30,Valeria Cruz,Paquete,Chair,Chair,8,No,Roma,2950
2025-09-30,Renata González,Clase Individual,Reformer,Reformer,0,No,Polanco,389
2025-09-30,Carlos López,Paquete,Cadillac,Cadillac,24,No,Roma,8833
2025-09-30,Javier Torres,Paquete,Cadillac,Cadillac,8,No,Polanco,3145
2025-10-01,Luis Cruz,Fitpass,Chair,Chair,0,Sí,Polanco,199
2025-10-01,Claudia Morales,Fitpass,Mat Pilates,Ninguno,0,Sí,Polanco,226
2025-10-01,Victoria Díaz,Paquete,Reformer,Reformer,8,No,Condesa,3074
2025-10-01,Daniela Gutiérrez,Paquete,Reformer,Reformer,12,No,Roma,4579
2025-10-01,Diego Díaz,Fitpass,Chair,Chair,0,Sí,Roma,200
2025-10-01,Rodrigo Gutiérrez,Paquete,Reformer,Reformer,12,No,Condesa,4583
2025-10-01,Ximena Morales,Paquete,Cadillac,Cadillac,12,No,Condesa,4225
2025-10-01,Camila Mendoza,Paquete,Cadillac,Cadillac,8,No,Polanco,3058
2025-10-01,Paula Flores,Clase Individual,Reformer,Reformer,0,No,Roma,472
2025-10-01,Ana González,Fitpass,Reformer,Reformer,0,Sí,Condesa,182
2025-10-01,Daniela Gutiérrez,Fitpass,Reformer,Reformer,0,Sí,Polanco,180
2025-10-01,Carolina Cruz,Paquete,Reformer,Reformer,8,No,Roma,2967
2025-10-01,Daniela Morales,Paquete,Reformer,Reformer,8,No,Roma,3161
2025-10-02,Carlos Díaz,Clase Individual,Mat Pilates,Ninguno,0,No,Roma,380
2025-10-02,Rodrigo Mendoza,Fitpass,Chair,Chair,0,Sí,Polanco,240
2025-10-02,Santiago Morales,Fitpass,Reformer,Reformer,0,Sí,Polanco,222
2025-10-02,Andrea Jiménez,Fitpass,Reformer,Reformer,0,Sí,Condesa,215
2025-10-02,Laura Pérez,Paquete,Cadillac,Cadillac,8,No,Condesa,2990
2025-10-02,Victoria Reyes,Paquete,Cadillac,Cadillac,12,No,Condesa,4333
2025-10-02,Claudia Hernández,Fitpass,Reformer,Reformer,0,Sí,Polanco,184
2025-10-02,Diego Torres,Fitpass,Reformer,Reformer,0,Sí,Polanco,195
2025-10-02,Victoria Hernández,Paquete,Mat Pilates,Ninguno,12,No,Condesa,4338
2025-10-02,Natalia Cruz,Fitpass,Reformer,Reformer,0,Sí,Roma,229
2025-10-02,Luis García,Paquete,Cadillac,Cadillac,8,No,Condesa,3283
2025-10-02,Gabriela Hernández,Clase Individual,Chair,Chair,0,No,Condesa,459
2025-10-02,María Jiménez,Fitpass,Reformer,Reformer,0,Sí,Condesa,180
2025-10-02,Javier García,Paquete,Cadillac,Cadillac,12,No,Roma,4413
2025-10-02,Fernanda Vázquez,Paquete,Mat Pilates,Ninguno,24,No,Condesa,8862
2025-10-02,Victoria Rodríguez,Fitpass,Reformer,Reformer,0,Sí,Condesa,180
2025-10-03,Renata Reyes,Clase Individual,Chair,Chair,0,No,Roma,411
2025-10-03,Renata García,Fitpass,Reformer,Reformer,0,Sí,Polanco,208
2025-10-03,Ana Ramírez,Fitpass,Cadillac,Cadillac,0,Sí,Condesa,202
2025-10-03,Mateo López,Fitpass,Reformer,Reformer,0,Sí,Polanco,181
2025-10-03,Ximena Pérez,Paquete,Reformer,Reformer,8,No,Polanco,2961
2025-10-03,Claudia Vázquez,Fitpass,Reformer,Reformer,0,Sí,Condesa,202
2025-10-03,Ana Ramírez,Paquete,Cadillac,Cadillac,8,No,Roma,2967
2025-10-03,Andrea Martínez,Paquete,Reformer,Reformer,24,No,Polanco,8058
2025-10-03,Luis Sánchez,Paquete,Reformer,Reformer,8,No,Polanco,3025
2025-10-03,Camila Díaz,Fitpass,Chair,Chair,0,Sí,Roma,190
2025-10-03,Ximena García,Paquete,Cadillac,Cadillac,8,No,Condesa,3095
2025-10-03,Gabriela García,Paquete,Mat Pilates,Ninguno,8,No,Condesa,3222
2025-10-03,Laura Hernández,Fitpass,Cadillac,Cadillac,0,Sí,Condesa,198
2025-10-04,Daniela Gutiérrez,Clase Individual,Reformer,Reformer,0,No,Roma,445
2025-10-04,Victoria Martínez,Paquete,Cadillac,Cadillac,8,No,Polanco,2998
2025-10-04,Natalia Mendoza,Fitpass,Cadillac,Cadillac,0,Sí,Polanco,206
2025-10-04,Santiago Torres,Paquete,Cadillac,Cadillac,12,No,Polanco,4341
2025-10-04,Luis Gutiérrez,Fitpass,Chair,Chair,0,Sí,Polanco,228
2025-10-04,Javier Vázquez,Paquete,Reformer,Reformer,12,No,Roma,4148
2025-10-04,María Hernández,Paquete,Cadillac,Cadillac,8,No,Condesa,3226
2025-10-04,Regina Martínez,Paquete,Reformer,Reformer,8,No,Condesa,3047
2025-10-04,Ximena Jiménez,Paquete,Chair,Chair,8,No,Roma,3248
2025-10-04,Javier Hernández,Paquete,Chair,Chair,8,No,Polanco,2912
2025-10-04,Sofía Rodríguez,Fitpass,Mat Pilates,Ninguno,0,Sí,Condesa,229
2025-10-04,Camila Hernández,Paquete,Chair,Chair,8,No,Roma,3082
2025-10-04,Luis Rodríguez,Paquete,Cadillac,Cadillac,12,No,Roma,4542
2025-10-04,Daniela Vázquez,Clase Individual,Mat Pilates,Ninguno,0,No,Polanco,459
2025-10-04,Carolina Rodríguez,Clase Individual,Reformer,Reformer,0,No,Polanco,518
2025-10-05,Regina Ramírez,Fitpass,Reformer,Reformer,0,Sí,Polanco,210
2025-10-05,Carolina García,Fitpass,Cadillac,Cadillac,0,Sí,Condesa,204
2025-10-05,Lucía Gómez,Clase Individual,Reformer,Reformer,0,No,Condesa,413
2025-10-05,Fernando Vázquez,Clase Individual,Reformer,Reformer,0,No,Roma,454
2025-10-05,Renata Vázquez,Clase Individual,Reformer,Reformer,0,No,Condesa,451
2025-10-05,Sofía Morales,Paquete,Reformer,Reformer,24,No,Roma,8856
2025-10-05,Paula Gutiérrez,Clase Individual,Reformer,Reformer,0,No,Roma,502
2025-10-05,Mateo Díaz,Clase Individual,Reformer,Reformer,0,No,Roma,436
2025-10-05,Fernando García,Fitpass,Reformer,Reformer,0,Sí,Polanco,203
2025-10-05,Regina García,Paquete,Reformer,Reformer,12,No,Condesa,4358
2025-10-06,Miguel Reyes,Fitpass,Cadillac,Cadillac,0,Sí,Condesa,236
2025-10-06,María Rodríguez,Fitpass,Reformer,Reformer,0,Sí,Roma,201
2025-10-06,Gabriela Gutiérrez,Fitpass,Chair,Chair,0,Sí,Roma,206
2025-10-06,Javier Jiménez,Paquete,Reformer,Reformer,8,No,Roma,3077
2025-10-06,Regina Jiménez,Clase Individual,Chair,Chair,0,No,Roma,443
2025-10-06,Diego Gómez,Clase Individual,Reformer,Reformer,0,No,Roma,460
2025-10-06,Carlos Torres,Paquete,Cadillac,Cadillac,12,No,Polanco,4227
2025-10-06,Camila Cruz,Clase Individual,Chair,Chair,0,No,Roma,514
2025-10-07,Claudia Martínez,Paquete,Cadillac,Cadillac,8,No,Condesa,3029
2025-10-07,Rodrigo Reyes,Fitpass,Reformer,Reformer,0,Sí,Condesa,224
2025-10-07,Ana Pérez,Paquete,Cadillac,Cadillac,8,No,Roma,3266
2025-10-07,Renata Jiménez,Paquete,Reformer,Reformer,8,No,Polanco,3065
2025-10-07,Carolina Reyes,Paquete,Reformer,Reformer,8,No,Condesa,3208
2025-10-07,Lucía Reyes,Fitpass,Reformer,Reformer,0,Sí,Roma,192
2025-10-07,Diego González,Paquete,Reformer,Reformer,8,No,Condesa,3238
2025-10-07,Daniela Sánchez,Fitpass,Reformer,Reformer,0,Sí,Polanco,226
2025-10-07,Renata Torres,Fitpass,Reformer,Reformer,0,Sí,Polanco,213
2025-10-07,Claudia Díaz,Clase Individual,Reformer,Reformer,0,No,Roma,495
2025-10-07,Javier Sánchez,Fitpass,Chair,Chair,0,Sí,Roma,185
2025-10-07,Paula García,Clase Individual,Cadillac,Cadillac,0,No,Polanco,489
2025-10-07,Valeria García,Paquete,Reformer,Reformer,8,No,Roma,3042
2025-10-07,Victoria Gutiérrez,Clase Individual,Reformer,Reformer,0,No,Polanco,466
2025-10-08,Diego Ramírez,Clase Individual,Reformer,Reformer,0,No,Roma,407
2025-10-08,Diego Sánchez,Paquete,Mat Pilates,Ninguno,12,No,Polanco,4650
2025-10-08,Regina Vázquez,Clase Individual,Reformer,Reformer,0,No,Roma,387
2025-10-08,Sofía Rodríguez,Paquete,Reformer,Reformer,8,No,Roma,3134
2025-10-08,Rodrigo Pérez,Paquete,Mat Pilates,Ninguno,8,No,Condesa,3060
2025-10-08,Camila Díaz,Paquete,Reformer,Reformer,8,No,Condesa,3160
2025-10-08,Renata Reyes,Fitpass,Reformer,Reformer,0,Sí,Roma,183
2025-10-08,Mariana Torres,Paquete,Mat Pilates,Ninguno,8,No,Roma,2992
2025-10-09,Valeria Morales,Paquete,Reformer,Reformer,8,No,Condesa,3274
2025-10-09,Claudia Reyes,Paquete,Cadillac,Cadillac,12,No,Roma,4216
2025-10-09,Santiago Torres,Clase Individual,Chair,Chair,0,No,Condesa,470
2025-10-09,María Reyes,Paquete,Mat Pilates,Ninguno,12,No,Condesa,4333
2025-10-09,Fernando García,Paquete,Reformer,Reformer,8,No,Polanco,3220
2025-10-09,Daniela González,Clase Individual,Reformer,Reformer,0,No,Condesa,455
2025-10-09,Mateo Gómez,Paquete,Cadillac,Cadillac,12,No,Condesa,4444
2025-10-09,Luis López,Fitpass,Cadillac,Cadillac,0,Sí,Polanco,201
2025-10-09,Claudia Mendoza,Paquete,Chair,Chair,8,No,Roma,2918
2025-10-09,Mariana Gómez,Paquete,Reformer,Reformer,12,No,Roma,4147
2025-10-09,Camila Martínez,Paquete,Reformer,Reformer,12,No,Roma,4184
2025-10-09,Sofía Pérez,Fitpass,Chair,Chair,0,Sí,Polanco,233
2025-10-09,Andrea Jiménez,Fitpass,Reformer,Reformer,0,Sí,Roma,236
2025-10-09,Javier Gómez,Paquete,Mat Pilates,Ninguno,12,No,Condesa,4401
2025-10-09,Valeria Hernández,Clase Individual,Cadillac,Cadillac,0,No,Roma,401
2025-10-09,Natalia Gutiérrez,Fitpass,Mat Pilates,Ninguno,0,Sí,Condesa,230
2025-10-09,Carolina Vázquez,Paquete,Reformer,Reformer,8,No,Condesa,3017
2025-10-10,Miguel Flores,Fitpass,Reformer,Reformer,0,Sí,Polanco,235
2025-10-10,Javier Mendoza,Clase Individual,Chair,Chair,0,No,Roma,492
2025-10-10,Paula Flores,Paquete,Reformer,Reformer,8,No,Polanco,2992
2025-10-10,Gabriela Vázquez,Fitpass,Reformer,Reformer,0,Sí,Polanco,237
2025-10-10,Diego Mendoza,Paquete,Chair,Chair,8,No,Condesa,2994
2025-10-10,Daniela Martínez,Clase Individual,Reformer,Reformer,0,No,Roma,480
2025-10-10,Sofía Gutiérrez,Paquete,Reformer,Reformer,8,No,Polanco,3081
2025-10-10,Santiago López,Fitpass,Mat Pilates,Ninguno,0,Sí,Condesa,217
2025-10-10,Miguel Gutiérrez,Paquete,Chair,Chair,12,No,Polanco,4609
2025-10-10,Daniela Mendoza,Clase Individual,Cadillac,Cadillac,0,No,Polanco,491
2025-10-10,Claudia Gómez,Paquete,Chair,Chair,8,No,Polanco,3038
2025-10-10,Javier Gómez,Fitpass,Chair,Chair,0,Sí,Roma,181
2025-10-11,Fernando Mendoza,Paquete,Cadillac,Cadillac,12,No,Roma,4694
2025-10-11,Miguel Díaz,Fitpass,Reformer,Reformer,0,Sí,Condesa,184
2025-10-11,Fernanda Vázquez,Paquete,Reformer,Reformer,12,No,Roma,4639
2025-10-11,Renata Sánchez,Paquete,Cadillac,Cadillac,8,No,Roma,2954
2025-10-11,Natalia Cruz,Fitpass,Cadillac,Cadillac,0,Sí,Condesa,200
2025-10-11,Rodrigo Gómez,Paquete,Cadillac,Cadillac,12,No,Polanco,4243
2025-10-11,Mateo Pérez,Fitpass,Chair,Chair,0,Sí,Polanco,181
2025-10-11,Diego Vázquez,Fitpass,Chair,Chair,0,Sí,Polanco,229
2025-10-11,Diego Vázquez,Fitpass,Reformer,Reformer,0,Sí,Polanco,200
2025-10-12,Mariana Pérez,Paquete,Chair,Chair,24,No,Roma,8082
2025-10-12,Alejandro Martínez,Clase Individual,Reformer,Reformer,0,No,Roma,429
2025-10-12,Ana Gutiérrez,Clase Individual,Chair,Chair,0,No,Roma,423
2025-10-12,Javier Gómez,Paquete,Reformer,Reformer,8,No,Roma,3088
2025-10-12,Paula López,Fitpass,Chair,Chair,0,Sí,Condesa,207
2025-10-12,Renata López,Paquete,Chair,Chair,12,No,Roma,4635
2025-10-12,Carlos Ramírez,Clase Individual,Chair,Chair,0,No,Roma,501
2025-10-12,Santiago Reyes,Paquete,Reformer,Reformer,12,No,Roma,4348
2025-10-12,Mateo Sánchez,Fitpass,Reformer,Reformer,0,Sí,Polanco,230
2025-10-12,Alejandro Hernández,Paquete,Reformer,Reformer,8,No,Condesa,3151
2025-10-12,Regina González,Clase Individual,Cadillac,Cadillac,0,No,Condesa,497
2025-10-12,Victoria Hernández,Paquete,Cadillac,Cadillac,8,No,Condesa,3072
2025-10-12,Andrea Pérez,Paquete,Reformer,Reformer,12,No,Roma,4397
2025-10-12,María Flores,Paquete,Cadillac,Cadillac,24,No,Polanco,8636
2025-10-12,Alejandro Martínez,Fitpass,Reformer,Reformer,0,Sí,Roma,221
2025-10-12,Andrea Martínez,Fitpass,Reformer,Reformer,0,Sí,Roma,200
2025-10-13,Regina López,Clase Individual,Reformer,Reformer,0,No,Roma,474
2025-10-13,Victoria Gómez,Paquete,Reformer,Reformer,8,No,Roma,3022
2025-10-13,Camila Martínez,Paquete,Reformer,Reformer,12,No,Roma,4417
2025-10-13,Diego González,Fitpass,Cadillac,Cadillac,0,Sí,Roma,205
2025-10-13,Ximena Jiménez,Fitpass,Chair,Chair,0,Sí,Condesa,197
2025-10-13,Fernando González,Paquete,Cadillac,Cadillac,8,No,Condesa,3121
2025-10-13,Carolina Cruz,Fitpass,Chair,Chair,0,Sí,Roma,240
2025-10-13,Renata Gómez,Fitpass,Cadillac,Cadillac,0,Sí,Roma,208
2025-10-13,Fernando Martínez,Paquete,Mat Pilates,Ninguno,8,No,Condesa,3045
2025-10-13,Carolina González,Paquete,Mat Pilates,Ninguno,12,No,Roma,4232
2025-10-13,Luis Vázquez,Fitpass,Cadillac,Cadillac,0,Sí,Roma,223
2025-10-13,Santiago Rodríguez,Fitpass,Reformer,Reformer,0,Sí,Roma,199
2025-10-14,Mateo Flores,Paquete,Cadillac,Cadillac,24,No,Roma,8467
2025-10-14,Santiago Díaz,Paquete,Cadillac,Cadillac,8,No,Condesa,3201
2025-10-14,Diego González,Paquete,Chair,Chair,24,No,Roma,8107
2025-10-14,Andrea Reyes,Paquete,Mat Pilates,Ninguno,12,No,Polanco,4466
2025-10-14,Ana Pérez,Paquete,Reformer,Reformer,12,No,Condesa,4373
2025-10-14,Sofía Reyes,Clase Individual,Reformer,Reformer,0,No,Polanco,389
2025-10-14,Diego Sánchez,Paquete,Reformer,Reformer,8,No,Roma,3257
2025-10-14,Renata Jiménez,Paquete,Reformer,Reformer,8,No,Polanco,3243
2025-10-14,Gabriela Reyes,Fitpass,Chair,Chair,0,Sí,Polanco,209
2025-10-14,Claudia Gutiérrez,Clase Individual,Reformer,Reformer,0,No,Roma,384
2025-10-14,Victoria Flores,Paquete,Mat Pilates,Ninguno,8,No,Polanco,3155
2025-10-14,Alejandro Pérez,Fitpass,Reformer,Reformer,0,Sí,Roma,208
2025-10-14,Carolina Díaz,Paquete,Mat Pilates,Ninguno,12,No,Roma,4291
2025-10-15,Camila Gutiérrez,Paquete,Reformer,Reformer,12,No,Roma,4333
2025-10-15,Fernando Ramírez,Clase Individual,Reformer,Reformer,0,No,Roma,451
2025-10-15,María Morales,Paquete,Cadillac,Cadillac,8,No,Roma,3211
2025-10-15,Diego Torres,Fitpass,Reformer,Reformer,0,Sí,Roma,213
2025-10-15,Santiago Pérez,Paquete,Mat Pilates,Ninguno,24,No,Roma,8102
2025-10-15,Javier Morales,Paquete,Chair,Chair,24,No,Roma,8330
2025-10-15,Daniela López,Paquete,Reformer,Reformer,12,No,Polanco,4638
2025-10-15,Diego Sánchez,Paquete,Reformer,Reformer,12,No,Roma,4350
2025-10-15,Fernando Reyes,Fitpass,Chair,Chair,0,Sí,Polanco,210
2025-10-15,Miguel Rodríguez,Fitpass,Chair,Chair,0,Sí,Roma,201
2025-10-15,Regina Ramírez,Paquete,Chair,Chair,8,No,Condesa,3006
2025-10-15,María Reyes,Fitpass,Reformer,Reformer,0,Sí,Condesa,189
2025-10-15,Daniela Torres,Fitpass,Reformer,Reformer,0,Sí,Condesa,216
2025-10-15,Mariana Hernández,Paquete,Reformer,Reformer,12,No,Condesa,4552
2025-10-15,María Gómez,Clase Individual,Reformer,Reformer,0,No,Condesa,438
2025-10-15,Mateo Pérez,Clase Individual,Mat Pilates,Ninguno,0,No,Roma,453
2025-10-15,Ximena Sánchez,Paquete,Chair,Chair,12,No,Condesa,4628
2025-10-15,María Mendoza,Clase Individual,Chair,Chair,0,No,Roma,407
2025-10-15,Santiago Gutiérrez,Paquete,Reformer,Reformer,8,No,Condesa,3116
2025-10-16,Paula Gutiérrez,Fitpass,Reformer,Reformer,0,Sí,Polanco,225
2025-10-16,Camila Morales,Fitpass,Cadillac,Cadillac,0,Sí,Roma,232
2025-10-16,Fernanda Hernández,Clase Individual,Cadillac,Cadillac,0,No,Roma,420
2025-10-16,Gabriela González,Paquete,Reformer,Reformer,12,No,Roma,4227
2025-10-16,Gabriela Ramírez,Paquete,Reformer,Reformer,12,No,Condesa,4419
2025-10-16,Luis García,Fitpass,Mat Pilates,Ninguno,0,Sí,Roma,224
2025-10-16,Luis Rodríguez,Paquete,Reformer,Reformer,8,No,Condesa,3247
2025-10-16,Alejandro Hernández,Paquete,Chair,Chair,8,No,Polanco,2934
2025-10-16,Mariana Rodríguez,Clase Individual,Reformer,Reformer,0,No,Condesa,484
2025-10-16,Regina Díaz,Fitpass,Chair,Chair,0,Sí,Polanco,202
2025-10-16,Natalia López,Clase Individual,Chair,Chair,0,No,Condesa,386
2025-10-16,Claudia Torres,Fitpass,Reformer,Reformer,0,Sí,Polanco,238
2025-10-16,Regina Mendoza,Fitpass,Chair,Chair,0,Sí,Roma,199
2025-10-16,Ximena Morales,Paquete,Mat Pilates,Ninguno,8,No,Condesa,3187
2025-10-16,Miguel López,Fitpass,Reformer,Reformer,0,Sí,Condesa,205
2025-10-16,Daniela Hernández,Paquete,Reformer,Reformer,12,No,Roma,4247
2025-10-16,Sofía González,Paquete,Reformer,Reformer,8,No,Polanco,3150
2025-10-16,Rodrigo Torres,Paquete,Reformer,Reformer,24,No,Roma,8086
2025-10-17,Fernando Gómez,Fitpass,Chair,Chair,0,Sí,Condesa,188
2025-10-17,Carolina Mendoza,Paquete,Reformer,Reformer,12,No,Roma,4613
2025-10-17,Carolina Torres,Paquete,Reformer,Reformer,12,No,Polanco,4682
2025-10-17,Regina Morales,Clase Individual,Cadillac,Cadillac,0,No,Condesa,468
2025-10-17,Luis Jiménez,Fitpass,Reformer,Reformer,0,Sí,Condesa,225
2025-10-17,Carlos Torres,Paquete,Reformer,Reformer,8,No,Roma,3126
2025-10-17,Javier Gómez,Clase Individual,Reformer,Reformer,0,No,Condesa,498
2025-10-17,Gabriela García,Paquete,Reformer,Reformer,12,No,Condesa,4385
2025-10-17,Valeria Mendoza,Paquete,Reformer,Reformer,8,No,Polanco,3075
2025-10-17,Mateo Sánchez,Fitpass,Chair,Chair,0,Sí,Condesa,197
2025-10-17,Javier Hernández,Paquete,Cadillac,Cadillac,12,No,Condesa,4567
2025-10-18,Laura Sánchez,Fitpass,Cadillac,Cadillac,0,Sí,Polanco,185
2025-10-18,Sofía Morales,Paquete,Chair,Chair,8,No,Condesa,3061
2025-10-18,Miguel Sánchez,Fitpass,Reformer,Reformer,0,Sí,Condesa,185
2025-10-18,Natalia Vázquez,Paquete,Reformer,Reformer,8,No,Polanco,2919
2025-10-18,Ana Gutiérrez,Clase Individual,Chair,Chair,0,No,Condesa,451
2025-10-18,Claudia Sánchez,Paquete,Reformer,Reformer,8,No,Polanco,3068
2025-10-18,Laura Reyes,Paquete,Reformer,Reformer,8,No,Condesa,2901
2025-10-18,Victoria Flores,Paquete,Chair,Chair,24,No,Roma,7914
2025-10-18,Lucía Gutiérrez,Paquete,Reformer,Reformer,8,No,Roma,2902
2025-10-18,Renata García,Paquete,Reformer,Reformer,8,No,Roma,2984
2025-10-18,Andrea Vázquez,Paquete,Mat Pilates,Ninguno,12,No,Roma,4529
2025-10-19,Luis Sánchez,Paquete,Chair,Chair,8,No,Condesa,3023
2025-10-19,Lucía Gutiérrez,Paquete,Reformer,Reformer,12,No,Condesa,4199
2025-10-19,Laura García,Paquete,Reformer,Reformer,8,No,Condesa,3161
2025-10-19,Fernanda Torres,Paquete,Mat Pilates,Ninguno,12,No,Condesa,4460
2025-10-19,Laura González,Clase Individual,Reformer,Reformer,0,No,Roma,489
2025-10-19,Rodrigo Reyes,Fitpass,Reformer,Reformer,0,Sí,Condesa,211
2025-10-19,Sofía García,Fitpass,Chair,Chair,0,Sí,Polanco,206
2025-10-19,Alejandro Pérez,Paquete,Mat Pilates,Ninguno,12,No,Roma,4650
2025-10-19,Regina González,Paquete,Mat Pilates,Ninguno,8,No,Roma,2913
2025-10-19,Fernanda García,Fitpass,Cadillac,Cadillac,0,Sí,Polanco,231
2025-10-19,Mateo Reyes,Paquete,Cadillac,Cadillac,24,No,Condesa,8573
2025-10-19,Carlos Rodríguez,Paquete,Reformer,Reformer,24,No,Polanco,8894
2025-10-19,Carlos García,Paquete,Chair,Chair,8,No,Condesa,3256
2025-10-19,Luis Díaz,Paquete,Mat Pilates,Ninguno,8,No,Roma,3168
2025-10-20,Diego Cruz,Fitpass,Chair,Chair,0,Sí,Condesa,230
2025-10-20,Carlos Ramírez,Paquete,Reformer,Reformer,8,No,Roma,3156
2025-10-20,Diego Pérez,Paquete,Mat Pilates,Ninguno,12,No,Condesa,4697
2025-10-20,Ximena Sánchez,Clase Individual,Chair,Chair,0,No,Roma,460
2025-10-20,Lucía Flores,Paquete,Cadillac,Cadillac,8,No,Roma,3115
2025-10-20,Laura Flores,Paquete,Reformer,Reformer,8,No,Roma,3127
2025-10-20,Paula Gómez,Paquete,Mat Pilates,Ninguno,12,No,Polanco,4418
2025-10-20,Andrea Vázquez,Fitpass,Reformer,Reformer,0,Sí,Roma,209
2025-10-20,Luis Díaz,Fitpass,Reformer,Reformer,0,Sí,Roma,216
2025-10-20,Miguel González,Paquete,Chair,Chair,12,No,Roma,4231
2025-10-21,Gabriela Hernández,Paquete,Reformer,Reformer,8,No,Roma,3067
2025-10-21,Andrea Jiménez,Fitpass,Chair,Chair,0,Sí,Condesa,180
2025-10-21,Fernanda Mendoza,Paquete,Mat Pilates,Ninguno,8,No,Roma,2969
2025-10-21,Luis López,Fitpass,Reformer,Reformer,0,Sí,Condesa,239
2025-10-21,Gabriela Sánchez,Clase Individual,Reformer,Reformer,0,No,Condesa,436
2025-10-21,Andrea Hernández,Paquete,Cadillac,Cadillac,8,No,Condesa,2939
2025-10-21,Regina Hernández,Fitpass,Chair,Chair,0,Sí,Roma,230
2025-10-21,Lucía Gutiérrez,Paquete,Reformer,Reformer,8,No,Roma,2986
2025-10-21,Gabriela Jiménez,Fitpass,Reformer,Reformer,0,Sí,Roma,239
2025-10-21,Santiago Martínez,Fitpass,Chair,Chair,0,Sí,Condesa,217
2025-10-21,Javier Gutiérrez,Paquete,Mat Pilates,Ninguno,12,No,Condesa,4396
2025-10-21,Camila Reyes,Fitpass,Reformer,Reformer,0,Sí,Roma,202
2025-10-21,Renata Flores,Paquete,Reformer,Reformer,12,No,Condesa,4568
2025-10-21,Miguel Flores,Clase Individual,Reformer,Reformer,0,No,Condesa,382
2025-10-22,Diego Díaz,Paquete,Reformer,Reformer,8,No,Condesa,3121
2025-10-22,Carolina Gómez,Fitpass,Reformer,Reformer,0,Sí,Polanco,228
2025-10-22,María Mendoza,Clase Individual,Reformer,Reformer,0,No,Roma,433
2025-10-22,Ana Gutiérrez,Paquete,Cadillac,Cadillac,8,No,Polanco,3052
2025-10-22,Camila Sánchez,Paquete,Reformer,Reformer,12,No,Roma,4127
2025-10-22,Valeria Mendoza,Paquete,Reformer,Reformer,12,No,Condesa,4250
2025-10-22,Renata Gutiérrez,Clase Individual,Chair,Chair,0,No,Roma,421
2025-10-22,Carlos Rodríguez,Clase Individual,Cadillac,Cadillac,0,No,Roma,450
2025-10-22,Andrea López,Clase Individual,Reformer,Reformer,0,No,Condesa,498
2025-10-22,Sofía Reyes,Fitpass,Reformer,Reformer,0,Sí,Condesa,205
2025-10-22,Diego Mendoza,Paquete,Reformer,Reformer,12,No,Roma,4347
2025-10-22,Valeria Morales,Paquete,Chair,Chair,8,No,Condesa,3085
2025-10-23,Andrea Gutiérrez,Paquete,Chair,Chair,12,No,Condesa,4199
2025-10-23,Alejandro Reyes,Fitpass,Chair,Chair,0,Sí,Condesa,211
2025-10-23,Santiago Sánchez,Paquete,Chair,Chair,24,No,Roma,8366
2025-10-23,Ana García,Paquete,Chair,Chair,12,No,Roma,4697
2025-10-23,Gabriela Martínez,Paquete,Reformer,Reformer,8,No,Condesa,3295
2025-10-23,Santiago Mendoza,Fitpass,Reformer,Reformer,0,Sí,Roma,216
2025-10-23,Paula Díaz,Fitpass,Cadillac,Cadillac,0,Sí,Condesa,211
2025-10-23,Rodrigo Reyes,Fitpass,Reformer,Reformer,0,Sí,Condesa,209
2025-10-23,Natalia Sánchez,Paquete,Chair,Chair,12,No,Condesa,4502
2025-10-23,Regina Pérez,Fitpass,Chair,Chair,0,Sí,Condesa,197
2025-10-24,Regina García,Clase Individual,Reformer,Reformer,0,No,Condesa,477
2025-10-24,Carolina Ramírez,Paquete,Chair,Chair,8,No,Roma,3058
2025-10-24,Alejandro López,Fitpass,Reformer,Reformer,0,Sí,Roma,231
2025-10-24,Laura Gómez,Paquete,Reformer,Reformer,12,No,Roma,4277
2025-10-24,Regina Torres,Clase Individual,Cadillac,Cadillac,0,No,Roma,381
2025-10-24,Fernanda García,Fitpass,Chair,Chair,0,Sí,Roma,188
2025-10-24,Fernando Gómez,Paquete,Reformer,Reformer,12,No,Polanco,4536
2025-10-24,Diego Ramírez,Fitpass,Reformer,Reformer,0,Sí,Polanco,221
2025-10-24,Natalia Cruz,Fitpass,Reformer,Reformer,0,Sí,Roma,192
2025-10-24,Fernando Gómez,Fitpass,Mat Pilates,Ninguno,0,Sí,Polanco,197
2025-10-24,Lucía Hernández,Paquete,Reformer,Reformer,8,No,Condesa,3156
2025-10-24,Lucía García,Fitpass,Reformer,Reformer,0,Sí,Polanco,232
2025-10-24,Claudia Rodríguez,Clase Individual,Chair,Chair,0,No,Polanco,407
2025-10-25,Carlos Rodríguez,Fitpass,Chair,Chair,0,Sí,Condesa,182
2025-10-25,Fernando González,Clase Individual,Chair,Chair,0,No,Condesa,484
2025-10-25,Laura Reyes,Fitpass,Chair,Chair,0,Sí,Condesa,203
2025-10-25,Carlos Reyes,Paquete,Reformer,Reformer,8,No,Roma,3132
2025-10-25,Alejandro Díaz,Paquete,Reformer,Reformer,8,No,Roma,3277
2025-10-25,Daniela Sánchez,Clase Individual,Reformer,Reformer,0,No,Condesa,436
2025-10-25,Lucía Gómez,Fitpass,Chair,Chair,0,Sí,Roma,195
2025-10-25,Claudia Gómez,Fitpass,Reformer,Reformer,0,Sí,Polanco,203
2025-10-25,Valeria Flores,Clase Individual,Reformer,Reformer,0,No,Condesa,458
2025-10-25,Diego González,Paquete,Chair,Chair,12,No,Roma,4177
2025-10-26,Fernando Martínez,Fitpass,Reformer,Reformer,0,Sí,Condesa,231
2025-10-26,Andrea Torres,Paquete,Reformer,Reformer,12,No,Condesa,4649
2025-10-26,Renata Morales,Paquete,Reformer,Reformer,12,No,Condesa,4181
2025-10-26,Carlos Vázquez,Paquete,Cadillac,Cadillac,8,No,Condesa,2969
2025-10-26,Paula Gutiérrez,Fitpass,Cadillac,Cadillac,0,Sí,Roma,186
2025-10-26,Claudia Cruz,Fitpass,Chair,Chair,0,Sí,Polanco,215
2025-10-26,Fernando Torres,Fitpass,Cadillac,Cadillac,0,Sí,Roma,223
2025-10-26,Claudia García,Fitpass,Reformer,Reformer,0,Sí,Roma,235
2025-10-26,Carolina García,Paquete,Reformer,Reformer,12,No,Polanco,4132
2025-10-26,María Flores,Fitpass,Reformer,Reformer,0,Sí,Polanco,181
2025-10-26,Camila Martínez,Fitpass,Mat Pilates,Ninguno,0,Sí,Roma,183
2025-10-27,Regina Cruz,Paquete,Reformer,Reformer,8,No,Condesa,2924
2025-10-27,Victoria Torres,Fitpass,Chair,Chair,0,Sí,Roma,221
2025-10-27,Regina Pérez,Paquete,Cadillac,Cadillac,12,No,Condesa,4361
2025-10-27,Camila Gutiérrez,Paquete,Reformer,Reformer,8,No,Roma,3084
2025-10-27,Daniela Rodríguez,Paquete,Reformer,Reformer,12,No,Roma,4642
2025-10-27,Valeria Vázquez,Clase Individual,Chair,Chair,0,No,Condesa,450
2025-10-27,Sofía López,Paquete,Reformer,Reformer,12,No,Roma,4567
2025-10-27,Diego Díaz,Paquete,Reformer,Reformer,12,No,Roma,4201
2025-10-27,Ximena Hernández,Paquete,Chair,Chair,8,No,Condesa,3252
2025-10-27,Ana Vázquez,Clase Individual,Reformer,Reformer,0,No,Condesa,496
2025-10-27,Paula Torres,Paquete,Reformer,Reformer,8,No,Roma,3097
2025-10-27,Natalia Pérez,Paquete,Cadillac,Cadillac,8,No,Polanco,3299
2025-10-27,Mariana Mendoza,Paquete,Reformer,Reformer,12,No,Condesa,4211
2025-10-28,Alejandro Jiménez,Paquete,Reformer,Reformer,12,No,Roma,4627
2025-10-28,Claudia Ramírez,Fitpass,Chair,Chair,0,Sí,Polanco,183
2025-10-28,Rodrigo Gutiérrez,Paquete,Mat Pilates,Ninguno,8,No,Roma,3070
2025-10-28,Paula Reyes,Paquete,Reformer,Reformer,12,No,Condesa,4620
2025-10-28,Andrea Sánchez,Clase Individual,Reformer,Reformer,0,No,Roma,491
2025-10-28,Natalia Hernández,Paquete,Reformer,Reformer,8,No,Polanco,2914
2025-10-28,Natalia Hernández,Paquete,Reformer,Reformer,12,No,Polanco,4230
2025-10-29,Carlos Reyes,Clase Individual,Reformer,Reformer,0,No,Condesa,452
2025-10-29,Natalia Gutiérrez,Paquete,Reformer,Reformer,8,No,Polanco,3138
2025-10-29,Claudia Díaz,Fitpass,Cadillac,Cadillac,0,Sí,Roma,189
2025-10-29,Mariana Hernández,Paquete,Reformer,Reformer,8,No,Roma,3247
2025-10-29,Ximena Sánchez,Fitpass,Reformer,Reformer,0,Sí,Polanco,192
2025-10-29,Claudia Sánchez,Paquete,Reformer,Reformer,8,No,Roma,3279
2025-10-29,Rodrigo Reyes,Fitpass,Mat Pilates,Ninguno,0,Sí,Roma,209
2025-10-29,Sofía Gutiérrez,Fitpass,Reformer,Reformer,0,Sí,Polanco,184
2025-10-29,Victoria Vázquez,Clase Individual,Reformer,Reformer,0,No,Roma,476
2025-10-29,Camila Flores,Paquete,Chair,Chair,8,No,Polanco,3172
2025-10-29,Ximena Hernández,Clase Individual,Cadillac,Cadillac,0,No,Roma,502
2025-10-29,Rodrigo Mendoza,Clase Individual,Cadillac,Cadillac,0,No,Roma,433
2025-10-29,Alejandro Jiménez,Paquete,Cadillac,Cadillac,8,No,Condesa,3004
2025-10-29,Laura Martínez,Paquete,Reformer,Reformer,8,No,Roma,3054
2025-10-29,Valeria Vázquez,Clase Individual,Reformer,Reformer,0,No,Polanco,492
2025-10-29,Fernando Martínez,Paquete,Mat Pilates,Ninguno,8,No,Roma,2981
2025-10-30,Claudia Hernández,Fitpass,Reformer,Reformer,0,Sí,Polanco,197
2025-10-30,Carlos Sánchez,Clase Individual,Cadillac,Cadillac,0,No,Roma,503
2025-10-30,Diego López,Paquete,Reformer,Reformer,12,No,Roma,4620
2025-10-30,Camila González,Paquete,Reformer,Reformer,12,No,Condesa,4560
2025-10-30,Luis González,Paquete,Reformer,Reformer,24,No,Condesa,8167
2025-10-30,Sofía Torres,Fitpass,Reformer,Reformer,0,Sí,Roma,186
2025-10-30,Claudia Gómez,Fitpass,Mat Pilates,Ninguno,0,Sí,Roma,181
2025-10-30,Andrea Vázquez,Fitpass,Reformer,Reformer,0,Sí,Condesa,195
2025-10-30,Regina Gómez,Fitpass,Reformer,Reformer,0,Sí,Condesa,197
2025-10-30,Carolina Cruz,Fitpass,Mat Pilates,Ninguno,0,Sí,Polanco,214
2025-10-30,Laura Hernández,Paquete,Chair,Chair,8,No,Condesa,3008
2025-10-30,Regina López,Fitpass,Mat Pilates,Ninguno,0,Sí,Roma,197
2025-10-31,Santiago Reyes,Fitpass,Chair,Chair,0,Sí,Roma,216
2025-10-31,Mariana Reyes,Clase Individual,Reformer,Reformer,0,No,Roma,470
2025-10-31,Victoria Martínez,Paquete,Cadillac,Cadillac,8,No,Condesa,3150
2025-10-31,Renata Cruz,Clase Individual,Reformer,Reformer,0,No,Polanco,429
2025-10-31,María Flores,Fitpass,Mat Pilates,Ninguno,0,Sí,Polanco,182
2025-10-31,Mateo Hernández,Clase Individual,Reformer,Reformer,0,No,Roma,472
2025-10-31,Miguel Pérez,Clase Individual,Reformer,Reformer,0,No,Condesa,481
2025-10-31,Victoria Flores,Fitpass,Reformer,Reformer,0,Sí,Roma,219
2025-10-31,Paula Gómez,Paquete,Cadillac,Cadillac,24,No,Roma,8104
2025-10-31,Laura Jiménez,Paquete,Chair,Chair,12,No,Polanco,4220
2025-10-31,Rodrigo González,Clase Individual,Reformer,Reformer,0,No,Roma,448
2025-10-31,Carlos García,Fitpass,Reformer,Reformer,0,Sí,Roma,229
2025-10-31,Ana García,Paquete,Chair,Chair,8,No,Polanco,3079
2025-11-01,Miguel Rodríguez,Fitpass,Reformer,Reformer,0,Sí,Condesa,205
2025-11-01,Ximena Gómez,Paquete,Chair,Chair,8,No,Roma,3004
2025-11-01,Alejandro Flores,Fitpass,Reformer,Reformer,0,Sí,Polanco,190
2025-11-01,Luis Cruz,Clase Individual,Chair,Chair,0,No,Polanco,476
2025-11-01,María Reyes,Fitpass,Reformer,Reformer,0,Sí,Roma,203
2025-11-01,Carlos Torres,Paquete,Mat Pilates,Ninguno,8,No,Condesa,2942
2025-11-01,Daniela Gutiérrez,Paquete,Chair,Chair,8,No,Roma,2997
2025-11-01,Carolina Mendoza,Fitpass,Reformer,Reformer,0,Sí,Roma,214
2025-11-01,Fernando Gutiérrez,Paquete,Chair,Chair,12,No,Polanco,4319
2025-11-01,Natalia Ramírez,Paquete,Reformer,Reformer,8,No,Condesa,3089
2025-11-02,Lucía Díaz,Fitpass,Reformer,Reformer,0,Sí,Condesa,185
2025-11-02,Sofía Flores,Paquete,Mat Pilates,Ninguno,8,No,Polanco,3046
2025-11-02,Lucía Gutiérrez,Paquete,Reformer,Reformer,12,No,Polanco,4671
2025-11-02,Paula Vázquez,Fitpass,Mat Pilates,Ninguno,0,Sí,Roma,236
2025-11-02,Camila González,Paquete,Reformer,Reformer,12,No,Condesa,4334
2025-11-02,Santiago Torres,Fitpass,Reformer,Reformer,0,Sí,Condesa,214
2025-11-02,Andrea González,Paquete,Cadillac,Cadillac,12,No,Polanco,4432
2025-11-02,Regina Reyes,Clase Individual,Reformer,Reformer,0,No,Polanco,391
2025-11-02,Lucía López,Paquete,Mat Pilates,Ninguno,8,No,Polanco,3100
2025-11-02,Fernando Reyes,Paquete,Mat Pilates,Ninguno,12,No,Polanco,4357
2025-11-02,Victoria Cruz,Fitpass,Reformer,Reformer,0,Sí,Roma,206
2025-11-02,Carolina Jiménez,Paquete,Reformer,Reformer,8,No,Condesa,3236
2025-11-02,Ana López,Clase Individual,Cadillac,Cadillac,0,No,Polanco,504
2025-11-02,Laura Mendoza,Paquete,Reformer,Reformer,12,No,Condesa,4238
2025-11-02,Andrea Sánchez,Clase Individual,Reformer,Reformer,0,No,Condesa,445
2025-11-02,Victoria Mendoza,Fitpass,Cadillac,Cadillac,0,Sí,Polanco,231
2025-11-02,Claudia Morales,Fitpass,Cadillac,Cadillac,0,Sí,Polanco,206
2025-11-02,Mateo García,Paquete,Reformer,Reformer,12,No,Polanco,4154
2025-11-03,Sofía Flores,Paquete,Chair,Chair,8,No,Condesa,2914
2025-11-03,Alejandro Jiménez,Fitpass,Reformer,Reformer,0,Sí,Roma,222
2025-11-03,Ximena Flores,Fitpass,Cadillac,Cadillac,0,Sí,Polanco,191
2025-11-03,Andrea Hernández,Paquete,Cadillac,Cadillac,12,No,Roma,4475
2025-11-03,Valeria Gutiérrez,Fitpass,Chair,Chair,0,Sí,Condesa,229
2025-11-03,Santiago Gómez,Paquete,Reformer,Reformer,8,No,Condesa,3073
2025-11-03,Victoria Díaz,Paquete,Reformer,Reformer,8,No,Roma,2946
2025-11-03,Fernanda Mendoza,Paquete,Cadillac,Cadillac,12,No,Condesa,4412
2025-11-03,María Morales,Paquete,Reformer,Reformer,12,No,Roma,4431
2025-11-03,Natalia Vázquez,Paquete,Reformer,Reformer,12,No,Polanco,4692
2025-11-03,Luis Reyes,Clase Individual,Reformer,Reformer,0,No,Condesa,445
2025-11-03,Santiago Pérez,Paquete,Cadillac,Cadillac,24,No,Roma,8331
2025-11-03,Laura Reyes,Clase Individual,Reformer,Reformer,0,No,Polanco,454
2025-11-03,Mariana Jiménez,Paquete,Reformer,Reformer,12,No,Polanco,4441
2025-11-03,Claudia García,Clase Individual,Reformer,Reformer,0,No,Polanco,391
2025-11-03,María Gutiérrez,Clase Individual,Chair,Chair,0,No,Roma,464
2025-11-03,Diego González,Fitpass,Chair,Chair,0,Sí,Roma,215
2025-11-03,Luis Vázquez,Fitpass,Chair,Chair,0,Sí,Roma,206
2025-11-03,Renata Morales,Paquete,Cadillac,Cadillac,12,No,Polanco,4239
2025-11-03,Mateo Pérez,Paquete,Reformer,Reformer,12,No,Roma,4261
2025-11-04,Valeria Gómez,Fitpass,Chair,Chair,0,Sí,Condesa,228
2025-11-04,Claudia Reyes,Paquete,Cadillac,Cadillac,8,No,Condesa,3063
2025-11-04,Fernanda Reyes,Paquete,Reformer,Reformer,8,No,Polanco,3040
2025-11-04,Mateo Reyes,Fitpass,Chair,Chair,0,Sí,Condesa,235
2025-11-04,Mariana Martínez,Paquete,Cadillac,Cadillac,8,No,Roma,3002
2025-11-04,Andrea Gutiérrez,Paquete,Mat Pilates,Ninguno,24,No,Polanco,7912
2025-11-04,Laura Díaz,Paquete,Mat Pilates,Ninguno,12,No,Polanco,4420
2025-11-04,Javier Vázquez,Paquete,Cadillac,Cadillac,24,No,Roma,7912
2025-11-04,Javier Gómez,Paquete,Cadillac,Cadillac,24,No,Roma,8411
2025-11-04,Fernanda Flores,Fitpass,Mat Pilates,Ninguno,0,Sí,Condesa,202
2025-11-04,Miguel Rodríguez,Paquete,Reformer,Reformer,8,No,Roma,2985
2025-11-04,Camila Rodríguez,Paquete,Mat Pilates,Ninguno,24,No,Condesa,8568
2025-11-04,Javier Jiménez,Paquete,Chair,Chair,8,No,Condesa,3011
2025-11-04,Claudia Díaz,Clase Individual,Cadillac,Cadillac,0,No,Condesa,451
2025-11-05,Ana Gómez,Paquete,Mat Pilates,Ninguno,12,No,Roma,4539
2025-11-05,Miguel Rodríguez,Paquete,Reformer,Reformer,8,No,Condesa,2973
2025-11-05,Fernanda Cruz,Paquete,Mat Pilates,Ninguno,8,No,Polanco,3193
2025-11-05,Carlos López,Fitpass,Chair,Chair,0,Sí,Roma,185
2025-11-05,Lucía Reyes,Clase Individual,Reformer,Reformer,0,No,Polanco,420
2025-11-05,Paula Sánchez,Paquete,Reformer,Reformer,12,No,Polanco,4504
2025-11-05,Claudia Rodríguez,Fitpass,Reformer,Reformer,0,Sí,Roma,217
2025-11-05,Mariana Díaz,Fitpass,Cadillac,Cadillac,0,Sí,Condesa,199
2025-11-05,Daniela Flores,Fitpass,Reformer,Reformer,0,Sí,Roma,224
2025-11-05,Sofía Torres,Clase Individual,Reformer,Reformer,0,No,Condesa,415
2025-11-06,Daniela Gómez,Fitpass,Reformer,Reformer,0,Sí,Polanco,216
2025-11-06,Santiago Rodríguez,Clase Individual,Reformer,Reformer,0,No,Roma,478
2025-11-06,María Reyes,Clase Individual,Reformer,Reformer,0,No,Polanco,419
2025-11-06,Carlos Martínez,Fitpass,Reformer,Reformer,0,Sí,Condesa,183
2025-11-06,Miguel Torres,Fitpass,Reformer,Reformer,0,Sí,Roma,181
2025-11-06,Victoria Reyes,Fitpass,Reformer,Reformer,0,Sí,Condesa,192
2025-11-06,Camila Vázquez,Clase Individual,Reformer,Reformer,0,No,Roma,445
2025-11-06,Claudia Hernández,Fitpass,Cadillac,Cadillac,0,Sí,Roma,203
2025-11-06,Renata Ramírez,Paquete,Reformer,Reformer,24,No,Roma,8140
2025-11-06,Claudia Torres,Fitpass,Chair,Chair,0,Sí,Condesa,193
2025-11-06,Laura Pérez,Clase Individual,Reformer,Reformer,0,No,Polanco,390
2025-11-06,Sofía Morales,Paquete,Reformer,Reformer,8,No,Polanco,3179
2025-11-06,Lucía Torres,Fitpass,Mat Pilates,Ninguno,0,Sí,Condesa,205
2025-11-06,Laura Flores,Fitpass,Reformer,Reformer,0,Sí,Condesa,223
2025-11-06,Mariana Flores,Clase Individual,Reformer,Reformer,0,No,Condesa,428
2025-11-06,María Gutiérrez,Clase Individual,Reformer,Reformer,0,No,Roma,456
2025-11-06,Sofía Díaz,Paquete,Cadillac,Cadillac,8,No,Condesa,3277
2025-11-06,Santiago Sánchez,Fitpass,Reformer,Reformer,0,Sí,Condesa,201
2025-11-06,Javier Jiménez,Paquete,Cadillac,Cadillac,12,No,Roma,4520
2025-11-06,Carlos Sánchez,Paquete,Reformer,Reformer,12,No,Roma,4294
2025-11-06,Santiago Rodríguez,Paquete,Reformer,Reformer,12,No,Roma,4669
2025-11-06,Ximena González,Paquete,Reformer,Reformer,12,No,Polanco,4654
2025-11-06,Daniela Vázquez,Clase Individual,Cadillac,Cadillac,0,No,Condesa,403
2025-11-06,Ximena Morales,Fitpass,Mat Pilates,Ninguno,0,Sí,Polanco,234
2025-11-06,Regina Cruz,Paquete,Chair,Chair,8,No,Condesa,2916
2025-11-06,Claudia Cruz,Paquete,Reformer,Reformer,24,No,Condesa,8352
2025-11-07,Andrea Morales,Fitpass,Mat Pilates,Ninguno,0,Sí,Condesa,203
2025-11-07,Diego Gómez,Clase Individual,Chair,Chair,0,No,Polanco,425
2025-11-07,Luis Sánchez,Paquete,Mat Pilates,Ninguno,8,No,Roma,3050
2025-11-07,Camila González,Paquete,Reformer,Reformer,8,No,Roma,3154
2025-11-07,Javier Hernández,Paquete,Reformer,Reformer,8,No,Roma,3287
2025-11-07,Lucía Martínez,Paquete,Cadillac,Cadillac,12,No,Condesa,4592
2025-11-07,Victoria Jiménez,Paquete,Reformer,Reformer,8,No,Roma,3075
2025-11-07,Mariana Díaz,Paquete,Cadillac,Cadillac,12,No,Condesa,4616
2025-11-07,Laura Reyes,Clase Individual,Chair,Chair,0,No,Condesa,500
2025-11-07,Regina Martínez,Paquete,Reformer,Reformer,8,No,Roma,3011
2025-11-07,Mariana Pérez,Fitpass,Chair,Chair,0,Sí,Roma,193
2025-11-07,Andrea Díaz,Paquete,Reformer,Reformer,12,No,Roma,4230
2025-11-07,Mateo Rodríguez,Paquete,Mat Pilates,Ninguno,8,No,Polanco,3189
2025-11-07,Diego Ramírez,Paquete,Cadillac,Cadillac,12,No,Condesa,4583
2025-11-07,Javier Díaz,Fitpass,Reformer,Reformer,0,Sí,Condesa,209
2025-11-07,Javier Sánchez,Clase Individual,Cadillac,Cadillac,0,No,Roma,519
2025-11-07,Sofía González,Paquete,Mat Pilates,Ninguno,24,No,Roma,8067
2025-11-07,Andrea Sánchez,Paquete,Reformer,Reformer,12,No,Polanco,4389
2025-11-07,Valeria Flores,Fitpass,Reformer,Reformer,0,Sí,Polanco,221
2025-11-07,Regina Jiménez,Paquete,Reformer,Reformer,12,No,Roma,4348
2025-11-08,Fernanda Jiménez,Fitpass,Mat Pilates,Ninguno,0,Sí,Polanco,237
2025-11-08,Fernando Torres,Paquete,Reformer,Reformer,8,No,Condesa,3029
2025-11-08,Daniela Gutiérrez,Paquete,Chair,Chair,24,No,Condesa,8672
2025-11-08,Lucía Ramírez,Paquete,Mat Pilates,Ninguno,8,No,Condesa,3093
2025-11-08,Regina García,Fitpass,Chair,Chair,0,Sí,Polanco,195
2025-11-08,Mariana Rodríguez,Fitpass,Cadillac,Cadillac,0,Sí,Roma,220
2025-11-08,Ana García,Fitpass,Reformer,Reformer,0,Sí,Condesa,238
2025-11-08,Natalia Ramírez,Paquete,Chair,Chair,8,No,Polanco,3122
2025-11-08,Gabriela Ramírez,Clase Individual,Reformer,Reformer,0,No,Condesa,418
2025-11-08,Ximena López,Paquete,Reformer,Reformer,8,No,Condesa,3116
2025-11-08,Andrea Jiménez,Paquete,Reformer,Reformer,8,No,Condesa,2951
2025-11-08,Claudia García,Fitpass,Chair,Chair,0,Sí,Roma,199
2025-11-08,Daniela Martínez,Paquete,Cadillac,Cadillac,8,No,Condesa,3277
2025-11-08,Camila Gutiérrez,Paquete,Reformer,Reformer,8,No,Roma,3252
2025-11-08,Carolina Reyes,Paquete,Reformer,Reformer,8,No,Polanco,3267
2025-11-08,Natalia Díaz,Fitpass,Reformer,Reformer,0,Sí,Roma,228
2025-11-08,Sofía López,Clase Individual,Reformer,Reformer,0,No,Roma,424
2025-11-09,Mariana Díaz,Paquete,Reformer,Reformer,12,No,Condesa,4360
2025-11-09,Ximena García,Fitpass,Reformer,Reformer,0,Sí,Condesa,191
2025-11-09,Sofía Gómez,Clase Individual,Reformer,Reformer,0,No,Condesa,381
2025-11-09,Carolina Gómez,Paquete,Reformer,Reformer,8,No,Roma,3070
2025-11-09,Natalia Morales,Paquete,Mat Pilates,Ninguno,8,No,Condesa,3176
2025-11-09,Mariana Martínez,Fitpass,Cadillac,Cadillac,0,Sí,Condesa,231
2025-11-09,Natalia Mendoza,Clase Individual,Reformer,Reformer,0,No,Condesa,501
2025-11-09,Santiago Martínez,Fitpass,Cadillac,Cadillac,0,Sí,Roma,193
2025-11-09,Andrea Torres,Fitpass,Chair,Chair,0,Sí,Condesa,184
2025-11-09,Valeria Cruz,Paquete,Reformer,Reformer,12,No,Roma,4661
2025-11-09,Victoria Torres,Fitpass,Reformer,Reformer,0,Sí,Roma,236
2025-11-09,Renata Torres,Paquete,Mat Pilates,Ninguno,8,No,Roma,3188
2025-11-09,Regina Sánchez,Fitpass,Reformer,Reformer,0,Sí,Polanco,192
2025-11-09,Regina Ramírez,Fitpass,Chair,Chair,0,Sí,Polanco,225
2025-11-09,Victoria Díaz,Fitpass,Reformer,Reformer,0,Sí,Polanco,207
2025-11-09,Paula García,Fitpass,Chair,Chair,0,Sí,Polanco,189
2025-11-10,Regina Mendoza,Paquete,Reformer,Reformer,8,No,Condesa,3057
2025-11-10,Alejandro Torres,Fitpass,Reformer,Reformer,0,Sí,Roma,223
2025-11-10,Natalia Vázquez,Clase Individual,Reformer,Reformer,0,No,Roma,411
2025-11-10,Miguel Gutiérrez,Paquete,Cadillac,Cadillac,8,No,Roma,3071
2025-11-10,Mariana Torres,Fitpass,Reformer,Reformer,0,Sí,Polanco,234
2025-11-10,Lucía Vázquez,Fitpass,Reformer,Reformer,0,Sí,Condesa,192
2025-11-10,Natalia Hernández,Fitpass,Chair,Chair,0,Sí,Condesa,207
2025-11-10,Diego Ramírez,Paquete,Reformer,Reformer,24,No,Roma,8556
2025-11-10,Natalia Reyes,Clase Individual,Reformer,Reformer,0,No,Polanco,413
2025-11-10,Regina Morales,Fitpass,Chair,Chair,0,Sí,Polanco,229
2025-11-10,Claudia García,Clase Individual,Reformer,Reformer,0,No,Roma,510
2025-11-10,Carolina Torres,Paquete,Chair,Chair,8,No,Roma,2929
2025-11-10,Fernando Hernández,Fitpass,Reformer,Reformer,0,Sí,Condesa,198
2025-11-11,Javier Mendoza,Paquete,Chair,Chair,8,No,Polanco,3071
2025-11-11,Fernanda Pérez,Paquete,Mat Pilates,Ninguno,12,No,Roma,4306
2025-11-11,Regina Gutiérrez,Clase Individual,Reformer,Reformer,0,No,Condesa,500
2025-11-11,Javier Vázquez,Paquete,Reformer,Reformer,12,No,Polanco,4656
2025-11-11,Fernando Gómez,Fitpass,Reformer,Reformer,0,Sí,Roma,210
2025-11-11,Fernando Jiménez,Paquete,Reformer,Reformer,8,No,Polanco,3257
2025-11-11,Carlos Morales,Fitpass,Reformer,Reformer,0,Sí,Roma,211
2025-11-11,Regina González,Paquete,Reformer,Reformer,8,No,Roma,3236
2025-11-11,Fernanda Rodríguez,Paquete,Reformer,Reformer,12,No,Roma,4640
2025-11-11,Carlos Morales,Paquete,Reformer,Reformer,8,No,Roma,2959
2025-11-11,Regina Mendoza,Fitpass,Reformer,Reformer,0,Sí,Roma,217
2025-11-11,Laura Díaz,Fitpass,Mat Pilates,Ninguno,0,Sí,Roma,232
2025-11-11,Victoria Jiménez,Fitpass,Reformer,Reformer,0,Sí,Polanco,180
2025-11-11,Fernanda García,Paquete,Chair,Chair,8,No,Polanco,3270
2025-11-12,Renata Flores,Paquete,Reformer,Reformer,12,No,Roma,4680
2025-11-12,Camila Flores,Fitpass,Reformer,Reformer,0,Sí,Polanco,206
2025-11-12,Victoria Torres,Paquete,Reformer,Reformer,8,No,Roma,3059
2025-11-12,Victoria Sánchez,Fitpass,Reformer,Reformer,0,Sí,Polanco,224
2025-11-12,Carlos Torres,Paquete,Reformer,Reformer,12,No,Roma,4405
2025-11-12,Ana López,Clase Individual,Reformer,Reformer,0,No,Condesa,447
2025-11-12,Natalia Sánchez,Fitpass,Mat Pilates,Ninguno,0,Sí,Condesa,239
2025-11-12,Camila Vázquez,Paquete,Cadillac,Cadillac,12,No,Condesa,4642
2025-11-12,Rodrigo Ramírez,Clase Individual,Reformer,Reformer,0,No,Condesa,450
2025-11-12,Diego Martínez,Clase Individual,Mat Pilates,Ninguno,0,No,Polanco,408
2025-11-12,Andrea Reyes,Paquete,Cadillac,Cadillac,8,No,Polanco,3096
2025-11-12,María Hernández,Paquete,Reformer,Reformer,8,No,Polanco,3109
2025-11-12,Luis García,Paquete,Chair,Chair,8,No,Roma,3289
2025-11-13,Gabriela López,Paquete,Chair,Chair,24,No,Polanco,8267
2025-11-13,Renata Mendoza,Paquete,Reformer,Reformer,8,No,Condesa,2961
2025-11-13,Ximena Flores,Paquete,Chair,Chair,12,No,Condesa,4259
2025-11-13,Gabriela Reyes,Fitpass,Chair,Chair,0,Sí,Condesa,225
2025-11-13,Claudia González,Fitpass,Chair,Chair,0,Sí,Roma,237
2025-11-13,Gabriela Díaz,Clase Individual,Reformer,Reformer,0,No,Condesa,397
2025-11-13,Victoria Vázquez,Fitpass,Cadillac,Cadillac,0,Sí,Roma,197
2025-11-13,Luis Mendoza,Paquete,Reformer,Reformer,24,No,Roma,8192
2025-11-13,Camila Hernández,Paquete,Reformer,Reformer,8,No,Condesa,3093
2025-11-13,Fernando Gutiérrez,Fitpass,Cadillac,Cadillac,0,Sí,Roma,190
2025-11-13,Gabriela Ramírez,Paquete,Chair,Chair,12,No,Condesa,4374
2025-11-13,Regina Cruz,Fitpass,Chair,Chair,0,Sí,Roma,217
2025-11-13,Miguel Díaz,Fitpass,Reformer,Reformer,0,Sí,Roma,187
2025-11-13,Lucía García,Paquete,Mat Pilates,Ninguno,8,No,Condesa,2967
2025-11-13,Carolina Ramírez,Fitpass,Mat Pilates,Ninguno,0,Sí,Condesa,236
2025-11-13,Mateo Díaz,Paquete,Reformer,Reformer,8,No,Condesa,3166
2025-11-13,Natalia Vázquez,Fitpass,Mat Pilates,Ninguno,0,Sí,Condesa,200
2025-11-13,Andrea López,Fitpass,Chair,Chair,0,Sí,Condesa,193
2025-11-13,Lucía Pérez,Paquete,Chair,Chair,8,No,Condesa,3283
2025-11-13,Natalia Sánchez,Fitpass,Reformer,Reformer,0,Sí,Condesa,215
2025-11-13,Paula Gómez,Paquete,Cadillac,Cadillac,12,No,Condesa,4287
2025-11-14,Santiago Gómez,Clase Individual,Chair,Chair,0,No,Roma,408
2025-11-14,Paula Sánchez,Paquete,Reformer,Reformer,8,No,Roma,2999
2025-11-14,Camila Rodríguez,Clase Individual,Mat Pilates,Ninguno,0,No,Condesa,488
2025-11-14,Fernando García,Fitpass,Chair,Chair,0,Sí,Roma,229
2025-11-14,Carlos Mendoza,Fitpass,Reformer,Reformer,0,Sí,Polanco,210
2025-11-14,Valeria García,Paquete,Mat Pilates,Ninguno,8,No,Polanco,3227
2025-11-14,Lucía Flores,Fitpass,Chair,Chair,0,Sí,Roma,239
2025-11-14,Luis Gutiérrez,Paquete,Chair,Chair,12,No,Condesa,4678
2025-11-14,Mariana Martínez,Fitpass,Reformer,Reformer,0,Sí,Condesa,226
2025-11-14,Fernando Díaz,Fitpass,Reformer,Reformer,0,Sí,Roma,181
2025-11-14,Natalia Pérez,Paquete,Chair,Chair,12,No,Condesa,4112
2025-11-14,Miguel Reyes,Clase Individual,Reformer,Reformer,0,No,Condesa,467
2025-11-14,Camila Sánchez,Fitpass,Reformer,Reformer,0,Sí,Polanco,205
2025-11-14,Natalia Reyes,Fitpass,Chair,Chair,0,Sí,Condesa,182
2025-11-14,Santiago Pérez,Paquete,Chair,Chair,12,No,Polanco,4623
2025-11-14,Mateo Flores,Paquete,Reformer,Reformer,8,No,Roma,3036
2025-11-14,Santiago Rodríguez,Clase Individual,Cadillac,Cadillac,0,No,Roma,456
2025-11-15,Andrea González,Fitpass,Cadillac,Cadillac,0,Sí,Polanco,180
2025-11-15,Rodrigo Gutiérrez,Clase Individual,Reformer,Reformer,0,No,Condesa,447
2025-11-15,Diego Sánchez,Clase Individual,Chair,Chair,0,No,Roma,454
2025-11-15,Fernanda Gómez,Paquete,Chair,Chair,24,No,Polanco,8067
2025-11-15,Daniela Jiménez,Fitpass,Cadillac,Cadillac,0,Sí,Condesa,204
2025-11-15,Camila Sánchez,Fitpass,Reformer,Reformer,0,Sí,Roma,186
2025-11-15,Miguel Sánchez,Fitpass,Chair,Chair,0,Sí,Condesa,202
2025-11-15,Ximena Morales,Paquete,Cadillac,Cadillac,12,No,Condesa,4264
2025-11-15,Lucía Gutiérrez,Fitpass,Mat Pilates,Ninguno,0,Sí,Condesa,216
2025-11-15,Andrea Sánchez,Clase Individual,Reformer,Reformer,0,No,Condesa,504
2025-11-15,Mateo Martínez,Paquete,Reformer,Reformer,8,No,Condesa,2970
2025-11-15,Gabriela Gómez,Paquete,Reformer,Reformer,24,No,Condesa,7925
2025-11-15,Diego García,Clase Individual,Mat Pilates,Ninguno,0,No,Condesa,441
2025-11-15,Gabriela Martínez,Paquete,Cadillac,Cadillac,8,No,Condesa,2901
2025-11-15,Fernanda Gómez,Clase Individual,Chair,Chair,0,No,Condesa,457
2025-11-15,Sofía Flores,Fitpass,Cadillac,Cadillac,0,Sí,Roma,211
2025-11-15,Camila Martínez,Paquete,Chair,Chair,12,No,Roma,4151
2025-11-15,Laura Mendoza,Paquete,Reformer,Reformer,8,No,Condesa,3237
2025-11-15,Ximena Flores,Fitpass,Reformer,Reformer,0,Sí,Roma,218
2025-11-15,Valeria Hernández,Paquete,Chair,Chair,12,No,Roma,4599
2025-11-15,Fernanda Gómez,Paquete,Reformer,Reformer,8,No,Roma,3125
2025-11-15,Claudia Vázquez,Clase Individual,Reformer,Reformer,0,No,Condesa,428
2025-11-15,Natalia Reyes,Paquete,Chair,Chair,12,No,Condesa,4698
2025-11-16,Valeria García,Paquete,Reformer,Reformer,24,No,Condesa,8365
2025-11-16,Sofía García,Paquete,Reformer,Reformer,12,No,Condesa,4149
2025-11-16,Andrea Sánchez,Paquete,Reformer,Reformer,24,No,Roma,8823
2025-11-16,Lucía García,Paquete,Reformer,Reformer,12,No,Roma,4575
2025-11-16,Santiago Hernández,Paquete,Mat Pilates,Ninguno,8,No,Condesa,3026
2025-11-16,Natalia Pérez,Paquete,Reformer,Reformer,8,No,Condesa,2987
2025-11-16,Victoria González,Clase Individual,Mat Pilates,Ninguno,0,No,Roma,477
2025-11-16,Fernando Flores,Paquete,Reformer,Reformer,12,No,Polanco,4416
2025-11-16,María Mendoza,Paquete,Reformer,Reformer,8,No,Polanco,3111
2025-11-16,Rodrigo Sánchez,Paquete,Reformer,Reformer,12,No,Condesa,4238
2025-11-16,Andrea Sánchez,Fitpass,Reformer,Reformer,0,Sí,Polanco,228
2025-11-16,Camila Martínez,Paquete,Reformer,Reformer,24,No,Condesa,8246
2025-11-16,Javier Jiménez,Paquete,Reformer,Reformer,8,No,Condesa,3038
2025-11-16,Diego Ramírez,Clase Individual,Cadillac,Cadillac,0,No,Roma,432
2025-11-16,Lucía Martínez,Fitpass,Reformer,Reformer,0,Sí,Condesa,225
2025-11-16,Miguel Ramírez,Paquete,Reformer,Reformer,8,No,Roma,3186
2025-11-16,Natalia López,Fitpass,Cadillac,Cadillac,0,Sí,Condesa,235
2025-11-17,Luis García,Fitpass,Reformer,Reformer,0,Sí,Polanco,206
2025-11-17,Camila Sánchez,Fitpass,Reformer,Reformer,0,Sí,Condesa,224
2025-11-17,Carlos Morales,Paquete,Reformer,Reformer,8,No,Polanco,2963
2025-11-17,María Rodríguez,Clase Individual,Reformer,Reformer,0,No,Condesa,471
2025-11-17,Victoria Sánchez,Fitpass,Cadillac,Cadillac,0,Sí,Roma,211
2025-11-17,Laura Martínez,Fitpass,Mat Pilates,Ninguno,0,Sí,Condesa,186
2025-11-17,Carlos Gómez,Fitpass,Reformer,Reformer,0,Sí,Roma,190
2025-11-17,Mariana Díaz,Fitpass,Cadillac,Cadillac,0,Sí,Condesa,219
2025-11-17,Santiago López,Fitpass,Chair,Chair,0,Sí,Condesa,230
2025-11-17,Fernando Gómez,Clase Individual,Reformer,Reformer,0,No,Condesa,497
2025-11-17,Daniela Rodríguez,Fitpass,Reformer,Reformer,0,Sí,Condesa,203
2025-11-17,Ximena Gómez,Paquete,Cadillac,Cadillac,12,No,Condesa,4273
2025-11-17,María Hernández,Paquete,Mat Pilates,Ninguno,8,No,Roma,2943
2025-11-17,Carlos Reyes,Paquete,Reformer,Reformer,8,No,Roma,3280
2025-11-18,Miguel González,Fitpass,Reformer,Reformer,0,Sí,Polanco,211
2025-11-18,Renata Flores,Paquete,Reformer,Reformer,12,No,Roma,4461
2025-11-18,Andrea Reyes,Paquete,Reformer,Reformer,8,No,Roma,2960
2025-11-18,María Cruz,Fitpass,Mat Pilates,Ninguno,0,Sí,Roma,228
2025-11-18,Paula Cruz,Fitpass,Chair,Chair,0,Sí,Condesa,215
2025-11-18,Laura González,Paquete,Mat Pilates,Ninguno,12,No,Roma,4361
2025-11-18,Alejandro Jiménez,Fitpass,Reformer,Reformer,0,Sí,Condesa,187
2025-11-18,Sofía Díaz,Fitpass,Mat Pilates,Ninguno,0,Sí,Polanco,216
2025-11-18,Natalia Morales,Paquete,Chair,Chair,8,No,Roma,3162
2025-11-19,Santiago Torres,Paquete,Mat Pilates,Ninguno,8,No,Polanco,3267
2025-11-19,Fernando Morales,Paquete,Cadillac,Cadillac,12,No,Roma,4560
2025-11-19,Javier Mendoza,Fitpass,Chair,Chair,0,Sí,Condesa,192
2025-11-19,Lucía Rodríguez,Paquete,Cadillac,Cadillac,8,No,Roma,3126
2025-11-19,Fernando Mendoza,Fitpass,Chair,Chair,0,Sí,Polanco,182
2025-11-19,Miguel Pérez,Paquete,Chair,Chair,12,No,Roma,4315
2025-11-19,Carolina Gómez,Clase Individual,Cadillac,Cadillac,0,No,Roma,469
2025-11-19,Laura Vázquez,Paquete,Reformer,Reformer,8,No,Roma,3083
2025-11-19,Rodrigo Gómez,Fitpass,Cadillac,Cadillac,0,Sí,Condesa,227
2025-11-19,Camila Rodríguez,Fitpass,Cadillac,Cadillac,0,Sí,Roma,236
2025-11-19,Miguel Ramírez,Fitpass,Reformer,Reformer,0,Sí,Condesa,210
2025-11-19,Miguel Pérez,Paquete,Reformer,Reformer,8,No,Roma,2989
2025-11-19,Mariana Pérez,Paquete,Reformer,Reformer,8,No,Polanco,3185
2025-11-19,Renata Flores,Clase Individual,Reformer,Reformer,0,No,Polanco,441
2025-11-20,María Gómez,Paquete,Reformer,Reformer,8,No,Polanco,2944
2025-11-20,Andrea López,Clase Individual,Chair,Chair,0,No,Condesa,393
2025-11-20,Regina Hernández,Clase Individual,Reformer,Reformer,0,No,Condesa,450
2025-11-20,Claudia Cruz,Clase Individual,Reformer,Reformer,0,No,Roma,436
2025-11-20,Renata Sánchez,Paquete,Chair,Chair,12,No,Polanco,4327
2025-11-20,Rodrigo Pérez,Clase Individual,Chair,Chair,0,No,Roma,437
2025-11-20,Paula Vázquez,Clase Individual,Reformer,Reformer,0,No,Polanco,394
2025-11-20,Claudia Sánchez,Paquete,Mat Pilates,Ninguno,8,No,Condesa,3289
2025-11-20,Mateo Morales,Paquete,Mat Pilates,Ninguno,8,No,Condesa,3174
2025-11-20,Carolina Reyes,Paquete,Reformer,Reformer,8,No,Roma,3117
2025-11-20,Miguel Mendoza,Clase Individual,Reformer,Reformer,0,No,Condesa,493
2025-11-20,Santiago Rodríguez,Fitpass,Reformer,Reformer,0,Sí,Roma,229
2025-11-20,Paula Mendoza,Fitpass,Reformer,Reformer,0,Sí,Condesa,227
2025-11-20,Sofía Gutiérrez,Paquete,Reformer,Reformer,8,No,Condesa,3285
2025-11-20,Fernanda Vázquez,Paquete,Reformer,Reformer,8,No,Polanco,3213
2025-11-21,Laura Gómez,Paquete,Reformer,Reformer,8,No,Condesa,3128
2025-11-21,Camila Gómez,Paquete,Cadillac,Cadillac,8,No,Condesa,3143
2025-11-21,Luis Reyes,Clase Individual,Reformer,Reformer,0,No,Condesa,487
2025-11-21,Andrea Torres,Fitpass,Reformer,Reformer,0,Sí,Condesa,191
2025-11-21,Ana Mendoza,Paquete,Reformer,Reformer,8,No,Roma,3096
2025-11-21,Javier Jiménez,Fitpass,Cadillac,Cadillac,0,Sí,Roma,189
2025-11-21,Daniela Gutiérrez,Fitpass,Mat Pilates,Ninguno,0,Sí,Condesa,226
2025-11-21,Diego Martínez,Paquete,Reformer,Reformer,8,No,Condesa,3012
2025-11-21,Fernanda Cruz,Paquete,Chair,Chair,24,No,Condesa,8517
2025-11-21,Renata Sánchez,Fitpass,Mat Pilates,Ninguno,0,Sí,Roma,206
2025-11-21,Sofía Jiménez,Paquete,Reformer,Reformer,8,No,Roma,2901
2025-11-21,Paula López,Paquete,Cadillac,Cadillac,12,No,Condesa,4308
2025-11-21,Camila Gutiérrez,Fitpass,Reformer,Reformer,0,Sí,Condesa,222
2025-11-21,Carlos Torres,Clase Individual,Reformer,Reformer,0,No,Polanco,435
2025-11-21,María Mendoza,Fitpass,Reformer,Reformer,0,Sí,Condesa,181
2025-11-21,Miguel Rodríguez,Paquete,Reformer,Reformer,12,No,Polanco,4306
2025-11-21,Camila Reyes,Paquete,Reformer,Reformer,24,No,Condesa,8086
2025-11-21,Santiago Martínez,Paquete,Cadillac,Cadillac,8,No,Condesa,2927
2025-11-21,Diego Jiménez,Fitpass,Cadillac,Cadillac,0,Sí,Roma,180
2025-11-22,Alejandro Martínez,Paquete,Mat Pilates,Ninguno,24,No,Condesa,8545
2025-11-22,Gabriela Díaz,Paquete,Reformer,Reformer,8,No,Condesa,3170
2025-11-22,Carolina Vázquez,Paquete,Reformer,Reformer,8,No,Roma,3049
2025-11-22,Valeria Gutiérrez,Paquete,Cadillac,Cadillac,8,No,Polanco,3092
2025-11-22,Gabriela Vázquez,Fitpass,Reformer,Reformer,0,Sí,Condesa,182
2025-11-22,Rodrigo González,Paquete,Reformer,Reformer,12,No,Roma,4357
2025-11-22,Andrea Reyes,Paquete,Chair,Chair,12,No,Polanco,4134
2025-11-22,Carolina Cruz,Fitpass,Chair,Chair,0,Sí,Roma,236
2025-11-22,Rodrigo Díaz,Fitpass,Chair,Chair,0,Sí,Roma,220
2025-11-22,Ana Cruz,Paquete,Chair,Chair,8,No,Roma,3068
2025-11-22,Claudia Gutiérrez,Paquete,Reformer,Reformer,12,No,Roma,4318
2025-11-22,Luis Sánchez,Paquete,Reformer,Reformer,8,No,Polanco,3173
2025-11-22,Mateo Flores,Fitpass,Reformer,Reformer,0,Sí,Roma,237
2025-11-22,Carolina Gómez,Paquete,Reformer,Reformer,8,No,Condesa,3106
2025-11-22,Carlos Díaz,Fitpass,Reformer,Reformer,0,Sí,Roma,192
2025-11-23,Regina Sánchez,Clase Individual,Reformer,Reformer,0,No,Roma,459
2025-11-23,Regina Reyes,Paquete,Chair,Chair,24,No,Roma,8329
2025-11-23,Santiago Jiménez,Fitpass,Mat Pilates,Ninguno,0,Sí,Condesa,200
2025-11-23,Laura Vázquez,Clase Individual,Chair,Chair,0,No,Condesa,456
2025-11-23,Alejandro Jiménez,Fitpass,Reformer,Reformer,0,Sí,Polanco,219
2025-11-23,Mariana Díaz,Fitpass,Mat Pilates,Ninguno,0,Sí,Polanco,229
2025-11-23,Fernanda López,Fitpass,Chair,Chair,0,Sí,Condesa,207
2025-11-23,Regina Reyes,Clase Individual,Mat Pilates,Ninguno,0,No,Roma,381
2025-11-23,Santiago Ramírez,Clase Individual,Reformer,Reformer,0,No,Polanco,401
2025-11-23,Ximena Jiménez,Paquete,Reformer,Reformer,8,No,Roma,3227
2025-11-23,Mateo Hernández,Paquete,Reformer,Reformer,12,No,Roma,4412
2025-11-23,Rodrigo Gómez,Paquete,Reformer,Reformer,8,No,Roma,3183
2025-11-23,Gabriela Gutiérrez,Fitpass,Reformer,Reformer,0,Sí,Roma,237
2025-11-23,Renata Cruz,Paquete,Reformer,Reformer,8,No,Roma,3153
2025-11-23,Natalia Torres,Fitpass,Reformer,Reformer,0,Sí,Polanco,211
2025-11-23,Laura Gómez,Clase Individual,Chair,Chair,0,No,Roma,406
2025-11-23,Carolina Martínez,Paquete,Reformer,Reformer,12,No,Polanco,4273
2025-11-23,Andrea Hernández,Paquete,Cadillac,Cadillac,8,No,Condesa,3196
2025-11-24,Mateo Morales,Fitpass,Reformer,Reformer,0,Sí,Polanco,220
2025-11-24,Fernanda Pérez,Fitpass,Reformer,Reformer,0,Sí,Polanco,221
2025-11-24,Paula Flores,Clase Individual,Reformer,Reformer,0,No,Polanco,463
2025-11-24,Ximena Pérez,Fitpass,Reformer,Reformer,0,Sí,Roma,232
2025-11-24,Regina Sánchez,Clase Individual,Reformer,Reformer,0,No,Polanco,389
2025-11-24,Victoria Cruz,Fitpass,Chair,Chair,0,Sí,Roma,185
2025-11-24,Carlos Reyes,Paquete,Reformer,Reformer,12,No,Roma,4168
2025-11-24,Fernanda Díaz,Clase Individual,Reformer,Reformer,0,No,Roma,392
2025-11-24,Lucía Díaz,Fitpass,Reformer,Reformer,0,Sí,Roma,209
2025-11-24,Luis Jiménez,Clase Individual,Reformer,Reformer,0,No,Condesa,470
2025-11-24,Carolina Cruz,Paquete,Reformer,Reformer,12,No,Roma,4107
2025-11-24,Natalia Hernández,Fitpass,Cadillac,Cadillac,0,Sí,Condesa,235
2025-11-24,Victoria Díaz,Paquete,Mat Pilates,Ninguno,12,No,Roma,4643
2025-11-24,Daniela Sánchez,Paquete,Chair,Chair,8,No,Roma,2911
2025-11-24,Santiago Mendoza,Clase Individual,Reformer,Reformer,0,No,Condesa,435
2025-11-24,Sofía Morales,Fitpass,Reformer,Reformer,0,Sí,Condesa,210
2025-11-24,Victoria Díaz,Fitpass,Reformer,Reformer,0,Sí,Condesa,235
2025-11-24,Luis Hernández,Paquete,Reformer,Reformer,12,No,Polanco,4216
2025-11-24,Javier Flores,Paquete,Cadillac,Cadillac,8,No,Condesa,3069
2025-11-24,Victoria Rodríguez,Paquete,Reformer,Reformer,12,No,Roma,4230
2025-11-25,Natalia Sánchez,Paquete,Mat Pilates,Ninguno,12,No,Condesa,4591
2025-11-25,Diego Cruz,Fitpass,Reformer,Reformer,0,Sí,Condesa,218
2025-11-25,Luis Rodríguez,Fitpass,Chair,Chair,0,Sí,Condesa,237
2025-11-25,Laura Pérez,Fitpass,Reformer,Reformer,0,Sí,Polanco,193
2025-11-25,Victoria Rodríguez,Paquete,Reformer,Reformer,8,No,Roma,3077
2025-11-25,Victoria Mendoza,Clase Individual,Reformer,Reformer,0,No,Condesa,429
2025-11-25,Carolina Jiménez,Clase Individual,Cadillac,Cadillac,0,No,Polanco,457
2025-11-25,Lucía Vázquez,Clase Individual,Mat Pilates,Ninguno,0,No,Polanco,498
2025-11-25,Fernanda Hernández,Clase Individual,Cadillac,Cadillac,0,No,Roma,503
2025-11-25,Lucía Reyes,Fitpass,Cadillac,Cadillac,0,Sí,Polanco,225
2025-11-25,Renata López,Paquete,Mat Pilates,Ninguno,8,No,Roma,3202
2025-11-25,Miguel Morales,Paquete,Chair,Chair,24,No,Roma,8081
2025-11-25,Andrea Díaz,Clase Individual,Mat Pilates,Ninguno,0,No,Polanco,419
2025-11-26,Fernanda Pérez,Fitpass,Reformer,Reformer,0,Sí,Roma,210
2025-11-26,Claudia Rodríguez,Fitpass,Mat Pilates,Ninguno,0,Sí,Condesa,212
2025-11-26,Carlos Morales,Fitpass,Reformer,Reformer,0,Sí,Polanco,240
2025-11-26,Regina Torres,Paquete,Reformer,Reformer,8,No,Roma,3140
2025-11-26,Luis Gutiérrez,Paquete,Reformer,Reformer,12,No,Roma,4494
2025-11-26,Ximena Hernández,Fitpass,Reformer,Reformer,0,Sí,Polanco,185
2025-11-26,Mateo Flores,Paquete,Mat Pilates,Ninguno,8,No,Condesa,3135
2025-11-26,Lucía López,Clase Individual,Reformer,Reformer,0,No,Polanco,492
2025-11-26,Regina Cruz,Paquete,Reformer,Reformer,8,No,Polanco,3064
2025-11-26,Fernando Vázquez,Paquete,Cadillac,Cadillac,24,No,Polanco,8379
2025-11-26,Ximena Martínez,Paquete,Reformer,Reformer,8,No,Condesa,3110
2025-11-26,Victoria Martínez,Paquete,Cadillac,Cadillac,8,No,Polanco,3076
2025-11-26,Alejandro Torres,Fitpass,Mat Pilates,Ninguno,0,Sí,Condesa,216
2025-11-26,Camila Sánchez,Paquete,Reformer,Reformer,8,No,Polanco,3067
2025-11-26,Javier García,Fitpass,Reformer,Reformer,0,Sí,Roma,222
2025-11-26,Carolina Sánchez,Paquete,Reformer,Reformer,12,No,Polanco,4149
2025-11-27,Diego García,Fitpass,Mat Pilates,Ninguno,0,Sí,Condesa,198
2025-11-27,Daniela Gutiérrez,Paquete,Reformer,Reformer,8,No,Polanco,3077
2025-11-27,Fernanda Vázquez,Fitpass,Reformer,Reformer,0,Sí,Roma,195
2025-11-27,Ana Martínez,Fitpass,Reformer,Reformer,0,Sí,Roma,214
2025-11-27,Fernando Mendoza,Paquete,Chair,Chair,8,No,Roma,3027
2025-11-27,Santiago Ramírez,Fitpass,Mat Pilates,Ninguno,0,Sí,Condesa,212
2025-11-27,Mariana Reyes,Clase Individual,Chair,Chair,0,No,Roma,448
2025-11-27,Ximena Pérez,Fitpass,Reformer,Reformer,0,Sí,Roma,228
2025-11-27,Fernanda Jiménez,Paquete,Cadillac,Cadillac,24,No,Condesa,8625
2025-11-27,Ana Gómez,Paquete,Reformer,Reformer,8,No,Condesa,3172
2025-11-27,Laura Ramírez,Fitpass,Cadillac,Cadillac,0,Sí,Polanco,183
2025-11-27,Alejandro Díaz,Paquete,Reformer,Reformer,8,No,Condesa,3048
2025-11-27,Valeria Gómez,Fitpass,Chair,Chair,0,Sí,Roma,206
2025-11-27,Fernando Gutiérrez,Fitpass,Chair,Chair,0,Sí,Condesa,185
2025-11-27,Gabriela Sánchez,Paquete,Reformer,Reformer,8,No,Condesa,3188
2025-11-27,Luis Morales,Fitpass,Reformer,Reformer,0,Sí,Condesa,221
2025-11-27,Natalia Vázquez,Paquete,Mat Pilates,Ninguno,12,No,Polanco,4269
2025-11-28,Paula Martínez,Fitpass,Cadillac,Cadillac,0,Sí,Condesa,190
2025-11-28,Fernando Reyes,Clase Individual,Chair,Chair,0,No,Condesa,460
2025-11-28,Renata Morales,Fitpass,Mat Pilates,Ninguno,0,Sí,Roma,216
2025-11-28,Valeria Flores,Fitpass,Reformer,Reformer,0,Sí,Roma,195
2025-11-28,Ana López,Paquete,Mat Pilates,Ninguno,8,No,Roma,3003
2025-11-28,Renata Sánchez,Fitpass,Reformer,Reformer,0,Sí,Condesa,196
2025-11-28,Fernando González,Paquete,Cadillac,Cadillac,8,No,Roma,3143
2025-11-28,Renata Jiménez,Paquete,Mat Pilates,Ninguno,12,No,Roma,4509
2025-11-28,Lucía González,Fitpass,Reformer,Reformer,0,Sí,Condesa,200
2025-11-28,Claudia García,Fitpass,Reformer,Reformer,0,Sí,Roma,208
2025-11-28,Mariana Ramírez,Clase Individual,Chair,Chair,0,No,Roma,433
2025-11-28,Mariana Jiménez,Fitpass,Chair,Chair,0,Sí,Condesa,184
2025-11-28,Lucía Gutiérrez,Clase Individual,Reformer,Reformer,0,No,Roma,482
2025-11-29,Luis Gutiérrez,Paquete,Chair,Chair,24,No,Roma,8067
2025-11-29,Carlos Mendoza,Fitpass,Reformer,Reformer,0,Sí,Condesa,227
2025-11-29,Camila González,Paquete,Reformer,Reformer,12,No,Roma,4157
2025-11-29,Valeria Mendoza,Clase Individual,Reformer,Reformer,0,No,Roma,419
2025-11-29,Daniela Jiménez,Paquete,Reformer,Reformer,12,No,Polanco,4472
2025-11-29,Fernando Reyes,Paquete,Reformer,Reformer,24,No,Condesa,8545
2025-11-29,Luis Mendoza,Paquete,Reformer,Reformer,24,No,Roma,8678
2025-11-29,Santiago Gómez,Paquete,Chair,Chair,8,No,Condesa,3138
2025-11-29,Renata Flores,Clase Individual,Chair,Chair,0,No,Roma,396
2025-11-29,Alejandro Rodríguez,Fitpass,Chair,Chair,0,Sí,Roma,221
2025-11-29,Paula Cruz,Fitpass,Chair,Chair,0,Sí,Condesa,200
2025-11-29,Rodrigo Gómez,Paquete,Mat Pilates,Ninguno,24,No,Roma,8447
2025-11-29,Paula García,Paquete,Chair,Chair,8,No,Condesa,3008
2025-11-29,Andrea Cruz,Paquete,Reformer,Reformer,8,No,Roma,3157
2025-11-29,Alejandro Gómez,Paquete,Mat Pilates,Ninguno,12,No,Condesa,4200
2025-11-29,Fernanda Reyes,Paquete,Reformer,Reformer,12,No,Polanco,4615
2025-11-29,Lucía Gómez,Paquete,Reformer,Reformer,8,No,Condesa,3142
2025-11-29,Camila Pérez,Paquete,Reformer,Reformer,12,No,Condesa,4468
2025-11-29,Natalia Reyes,Paquete,Chair,Chair,12,No,Condesa,4471
2025-11-29,Claudia García,Clase Individual,Cadillac,Cadillac,0,No,Condesa,435
2025-11-29,Andrea González,Fitpass,Reformer,Reformer,0,Sí,Roma,223
2025-11-29,Fernanda Mendoza,Paquete,Chair,Chair,8,No,Roma,3131
2025-11-29,Valeria González,Clase Individual,Chair,Chair,0,No,Polanco,408
2025-11-30,Renata González,Clase Individual,Reformer,Reformer,0,No,Polanco,421
2025-11-30,Natalia Sánchez,Fitpass,Reformer,Reformer,0,Sí,Polanco,222
2025-11-30,Victoria Flores,Paquete,Reformer,Reformer,8,No,Roma,3248
2025-11-30,Daniela Ramírez,Paquete,Reformer,Reformer,12,No,Condesa,4302
2025-11-30,Sofía Gómez,Clase Individual,Cadillac,Cadillac,0,No,Roma,406
2025-11-30,Miguel Díaz,Paquete,Chair,Chair,8,No,Roma,3045
2025-11-30,Ana López,Fitpass,Cadillac,Cadillac,0,Sí,Polanco,210
2025-11-30,Victoria Pérez,Paquete,Reformer,Reformer,8,No,Roma,3016
2025-11-30,Renata Ramírez,Fitpass,Mat Pilates,Ninguno,0,Sí,Condesa,238
2025-11-30,Ximena Jiménez,Fitpass,Reformer,Reformer,0,Sí,Roma,236
2025-11-30,Claudia Ramírez,Paquete,Chair,Chair,12,No,Roma,4285
2025-11-30,Diego Martínez,Fitpass,Chair,Chair,0,Sí,Roma,203
2025-11-30,Camila Vázquez,Paquete,Chair,Chair,12,No,Roma,4392
2025-12-01,Daniela Martínez,Paquete,Reformer,Reformer,12,No,Roma,4262
2025-12-01,Miguel Gutiérrez,Paquete,Reformer,Reformer,12,No,Roma,4270
2025-12-01,Mateo Vázquez,Fitpass,Chair,Chair,0,Sí,Polanco,223
2025-12-01,Andrea Pérez,Paquete,Cadillac,Cadillac,12,No,Roma,4328
2025-12-01,Rodrigo Ramírez,Paquete,Chair,Chair,8,No,Roma,3196
2025-12-01,Lucía Morales,Paquete,Mat Pilates,Ninguno,8,No,Polanco,3014
2025-12-01,Carlos Martínez,Paquete,Cadillac,Cadillac,24,No,Roma,8493
2025-12-01,Camila Morales,Paquete,Chair,Chair,12,No,Roma,4156
2025-12-01,Santiago Rodríguez,Fitpass,Mat Pilates,Ninguno,0,Sí,Roma,180
2025-12-01,Carlos García,Fitpass,Cadillac,Cadillac,0,Sí,Condesa,207
2025-12-01,Rodrigo Sánchez,Paquete,Reformer,Reformer,8,No,Roma,2988
2025-12-02,Renata Vázquez,Clase Individual,Chair,Chair,0,No,Roma,434
2025-12-02,María Gómez,Paquete,Reformer,Reformer,12,No,Roma,4242
2025-12-02,Laura García,Paquete,Reformer,Reformer,8,No,Polanco,2931
2025-12-02,Fernanda Gutiérrez,Paquete,Mat Pilates,Ninguno,8,No,Polanco,3045
2025-12-02,Ana Ramírez,Paquete,Cadillac,Cadillac,8,No,Polanco,3274
2025-12-02,Carolina Rodríguez,Fitpass,Chair,Chair,0,Sí,Roma,234
2025-12-03,Claudia Díaz,Paquete,Reformer,Reformer,8,No,Condesa,3072
2025-12-03,Regina García,Fitpass,Cadillac,Cadillac,0,Sí,Condesa,190
2025-12-03,Victoria Reyes,Paquete,Reformer,Reformer,12,No,Roma,4152
2025-12-03,Fernando Morales,Paquete,Cadillac,Cadillac,8,No,Roma,2915
2025-12-03,Mariana Gómez,Paquete,Mat Pilates,Ninguno,24,No,Polanco,8549
2025-12-03,Rodrigo Díaz,Paquete,Reformer,Reformer,8,No,Roma,2989
2025-12-03,Luis López,Fitpass,Mat Pilates,Ninguno,0,Sí,Condesa,231
2025-12-03,Fernando García,Clase Individual,Reformer,Reformer,0,No,Condesa,473
2025-12-03,Diego Jiménez,Fitpass,Cadillac,Cadillac,0,Sí,Condesa,229
2025-12-04,Diego Vázquez,Clase Individual,Reformer,Reformer,0,No,Condesa,515
2025-12-04,Carolina Cruz,Paquete,Chair,Chair,8,No,Polanco,2990
2025-12-04,Valeria Gómez,Paquete,Reformer,Reformer,8,No,Polanco,3094
2025-12-04,Claudia García,Fitpass,Reformer,Reformer,0,Sí,Condesa,230
2025-12-05,María García,Clase Individual,Mat Pilates,Ninguno,0,No,Polanco,519
2025-12-05,Natalia Hernández,Fitpass,Cadillac,Cadillac,0,Sí,Roma,233
2025-12-05,Sofía Sánchez,Paquete,Reformer,Reformer,24,No,Roma,8566
2025-12-05,Valeria González,Paquete,Mat Pilates,Ninguno,8,No,Condesa,3080
2025-12-05,Mateo Cruz,Paquete,Chair,Chair,8,No,Condesa,3103
2025-12-06,Lucía Sánchez,Paquete,Chair,Chair,24,No,Roma,8187
2025-12-06,Mariana López,Fitpass,Chair,Chair,0,Sí,Roma,217
2025-12-06,Fernando Sánchez,Fitpass,Reformer,Reformer,0,Sí,Roma,180
2025-12-06,Diego Vázquez,Clase Individual,Reformer,Reformer,0,No,Roma,423
2025-12-06,Alejandro Pérez,Fitpass,Cadillac,Cadillac,0,Sí,Polanco,199
2025-12-06,Ximena García,Paquete,Reformer,Reformer,12,No,Polanco,4164
2025-12-06,Natalia Torres,Clase Individual,Cadillac,Cadillac,0,No,Polanco,411
2025-12-06,Carlos López,Paquete,Reformer,Reformer,24,No,Condesa,8491
2025-12-06,Fernanda Mendoza,Paquete,Chair,Chair,8,No,Condesa,3161
2025-12-07,María Díaz,Fitpass,Chair,Chair,0,Sí,Roma,200
2025-12-07,Carlos García,Paquete,Mat Pilates,Ninguno,8,No,Roma,3219
2025-12-07,Natalia Cruz,Fitpass,Reformer,Reformer,0,Sí,Roma,199
2025-12-07,Lucía González,Fitpass,Reformer,Reformer,0,Sí,Condesa,205
2025-12-07,Carlos Díaz,Fitpass,Reformer,Reformer,0,Sí,Polanco,202
2025-12-07,Lucía Vázquez,Paquete,Reformer,Reformer,8,No,Roma,2965
2025-12-07,Gabriela Hernández,Fitpass,Reformer,Reformer,0,Sí,Roma,198
2025-12-07,Mateo Martínez,Clase Individual,Reformer,Reformer,0,No,Condesa,455
2025-12-07,Natalia Reyes,Clase Individual,Chair,Chair,0,No,Condesa,492
2025-12-07,Fernanda Gómez,Paquete,Reformer,Reformer,8,No,Polanco,2934
2025-12-07,Mariana Pérez,Fitpass,Reformer,Reformer,0,Sí,Roma,205
2025-12-08,Camila Mendoza,Fitpass,Cadillac,Cadillac,0,Sí,Condesa,191
2025-12-08,Miguel Morales,Paquete,Reformer,Reformer,8,No,Polanco,2968
2025-12-08,Natalia Mendoza,Paquete,Reformer,Reformer,12,No,Condesa,4411
2025-12-08,Rodrigo Pérez,Fitpass,Reformer,Reformer,0,Sí,Polanco,212
2025-12-08,Ximena González,Fitpass,Reformer,Reformer,0,Sí,Roma,208
2025-12-08,Gabriela Sánchez,Paquete,Chair,Chair,8,No,Roma,3191
2025-12-08,Javier Flores,Paquete,Chair,Chair,8,No,Roma,3282
2025-12-08,Carlos Reyes,Fitpass,Reformer,Reformer,0,Sí,Roma,234
2025-12-09,Daniela Ramírez,Fitpass,Reformer,Reformer,0,Sí,Condesa,211
2025-12-09,Regina Jiménez,Paquete,Reformer,Reformer,8,No,Condesa,3113
2025-12-09,María Mendoza,Paquete,Mat Pilates,Ninguno,12,No,Roma,4449
2025-12-09,Alejandro Mendoza,Fitpass,Reformer,Reformer,0,Sí,Condesa,219
2025-12-09,Rodrigo García,Paquete,Chair,Chair,24,No,Roma,8582
2025-12-09,Carolina Ramírez,Paquete,Mat Pilates,Ninguno,8,No,Polanco,3156
2025-12-09,Natalia Mendoza,Fitpass,Reformer,Reformer,0,Sí,Roma,228
2025-12-09,Fernando González,Paquete,Chair,Chair,12,No,Condesa,4645
2025-12-10,Regina Gómez,Fitpass,Cadillac,Cadillac,0,Sí,Condesa,223
2025-12-10,Daniela Pérez,Paquete,Chair,Chair,8,No,Roma,2999
2025-12-10,Luis Rodríguez,Fitpass,Reformer,Reformer,0,Sí,Polanco,194
2025-12-10,Mariana Martínez,Paquete,Cadillac,Cadillac,8,No,Polanco,3188
2025-12-10,Mateo Sánchez,Paquete,Reformer,Reformer,12,No,Polanco,4206
2025-12-10,Mariana Flores,Paquete,Mat Pilates,Ninguno,12,No,Roma,4326
2025-12-10,María Hernández,Fitpass,Reformer,Reformer,0,Sí,Roma,225
2025-12-11,Laura Mendoza,Paquete,Reformer,Reformer,8,No,Condesa,3022
2025-12-11,Gabriela Vázquez,Clase Individual,Cadillac,Cadillac,0,No,Roma,383
2025-12-11,Victoria Reyes,Fitpass,Cadillac,Cadillac,0,Sí,Roma,208
2025-12-11,Sofía Pérez,Fitpass,Chair,Chair,0,Sí,Roma,184
2025-12-11,Javier Gutiérrez,Fitpass,Cadillac,Cadillac,0,Sí,Roma,234
2025-12-11,Claudia Morales,Fitpass,Reformer,Reformer,0,Sí,Condesa,201
2025-12-11,María Rodríguez,Paquete,Mat Pilates,Ninguno,12,No,Roma,4152
2025-12-11,Paula Díaz,Clase Individual,Reformer,Reformer,0,No,Condesa,504
2025-12-11,Diego Gutiérrez,Fitpass,Mat Pilates,Ninguno,0,Sí,Roma,232
2025-12-11,Mariana Martínez,Paquete,Cadillac,Cadillac,8,No,Roma,2917
2025-12-11,Mateo Morales,Paquete,Reformer,Reformer,12,No,Condesa,4620
2025-12-11,Carlos Rodríguez,Fitpass,Cadillac,Cadillac,0,Sí,Polanco,219
2025-12-11,Lucía Morales,Paquete,Reformer,Reformer,12,No,Polanco,4165
2025-12-11,Laura García,Fitpass,Cadillac,Cadillac,0,Sí,Roma,228
2025-12-11,Fernanda Gómez,Paquete,Chair,Chair,8,No,Polanco,3111
2025-12-12,Fernando Díaz,Clase Individual,Chair,Chair,0,No,Roma,508
2025-12-12,Claudia Sánchez,Fitpass,Reformer,Reformer,0,Sí,Polanco,197
2025-12-12,Alejandro Torres,Paquete,Reformer,Reformer,12,No,Roma,4210
2025-12-12,Ximena Ramírez,Paquete,Reformer,Reformer,8,No,Roma,3058
2025-12-12,Laura Hernández,Fitpass,Reformer,Reformer,0,Sí,Roma,205
2025-12-12,Renata Sánchez,Paquete,Reformer,Reformer,12,No,Polanco,4664
2025-12-13,Fernanda Reyes,Fitpass,Reformer,Reformer,0,Sí,Roma,212
2025-12-13,Paula Flores,Paquete,Reformer,Reformer,24,No,Condesa,8580
2025-12-13,María Mendoza,Clase Individual,Chair,Chair,0,No,Condesa,470
2025-12-13,Alejandro Díaz,Fitpass,Reformer,Reformer,0,Sí,Roma,192
2025-12-13,Fernanda Torres,Clase Individual,Chair,Chair,0,No,Polanco,420
2025-12-13,Miguel González,Paquete,Reformer,Reformer,8,No,Roma,3007
2025-12-13,Fernando Hernández,Paquete,Mat Pilates,Ninguno,8,No,Condesa,3285
2025-12-13,Paula Mendoza,Fitpass,Reformer,Reformer,0,Sí,Polanco,214
2025-12-14,Mariana Jiménez,Clase Individual,Cadillac,Cadillac,0,No,Roma,463
2025-12-14,Laura Martínez,Paquete,Reformer,Reformer,8,No,Condesa,3257
2025-12-14,Claudia Gutiérrez,Fitpass,Reformer,Reformer,0,Sí,Polanco,227
2025-12-14,Valeria Cruz,Clase Individual,Reformer,Reformer,0,No,Polanco,395
2025-12-14,Carlos Vázquez,Clase Individual,Cadillac,Cadillac,0,No,Condesa,428
2025-12-14,Paula Cruz,Paquete,Cadillac,Cadillac,24,No,Polanco,8151
2025-12-14,Daniela Pérez,Paquete,Reformer,Reformer,8,No,Polanco,2965
2025-12-14,Santiago Jiménez,Fitpass,Mat Pilates,Ninguno,0,Sí,Polanco,240
2025-12-15,Sofía Díaz,Paquete,Cadillac,Cadillac,8,No,Roma,3095
2025-12-15,Valeria Hernández,Fitpass,Mat Pilates,Ninguno,0,Sí,Roma,206
2025-12-15,Paula Martínez,Fitpass,Chair,Chair,0,Sí,Condesa,206
2025-12-15,Victoria Pérez,Paquete,Cadillac,Cadillac,8,No,Roma,3093
2025-12-15,Lucía Reyes,Fitpass,Reformer,Reformer,0,Sí,Roma,222
2025-12-15,Mateo López,Clase Individual,Cadillac,Cadillac,0,No,Condesa,397
2025-12-15,Alejandro López,Paquete,Reformer,Reformer,12,No,Condesa,4443
2025-12-15,Carolina Cruz,Clase Individual,Cadillac,Cadillac,0,No,Roma,415
2025-12-15,Gabriela Díaz,Paquete,Chair,Chair,12,No,Roma,4240
2025-12-15,Camila Mendoza,Paquete,Mat Pilates,Ninguno,12,No,Polanco,4141
2025-12-15,Fernanda Reyes,Paquete,Reformer,Reformer,8,No,Condesa,2994
2025-12-16,Diego Jiménez,Paquete,Chair,Chair,12,No,Polanco,4161
2025-12-16,Sofía Jiménez,Clase Individual,Reformer,Reformer,0,No,Polanco,424
2025-12-16,Fernando Hernández,Clase Individual,Chair,Chair,0,No,Condesa,412
2025-12-16,Claudia Mendoza,Fitpass,Reformer,Reformer,0,Sí,Roma,238
2025-12-16,Camila Morales,Paquete,Chair,Chair,8,No,Roma,3260
2025-12-16,Regina López,Fitpass,Chair,Chair,0,Sí,Roma,218
2025-12-16,Mateo García,Fitpass,Cadillac,Cadillac,0,Sí,Roma,221
2025-12-16,Valeria Cruz,Paquete,Cadillac,Cadillac,24,No,Condesa,8635
2025-12-16,Claudia Mendoza,Fitpass,Mat Pilates,Ninguno,0,Sí,Polanco,205
2025-12-16,Andrea Vázquez,Fitpass,Chair,Chair,0,Sí,Polanco,194
2025-12-17,Sofía Rodríguez,Paquete,Reformer,Reformer,8,No,Polanco,2902
2025-12-17,Luis Reyes,Clase Individual,Reformer,Reformer,0,No,Roma,492
2025-12-17,Santiago Hernández,Fitpass,Reformer,Reformer,0,Sí,Roma,239
2025-12-17,Gabriela Gutiérrez,Paquete,Cadillac,Cadillac,8,No,Polanco,2968
2025-12-17,Camila Mendoza,Clase Individual,Reformer,Reformer,0,No,Roma,433
2025-12-17,Daniela Gómez,Clase Individual,Chair,Chair,0,No,Roma,504
2025-12-17,Carlos Torres,Fitpass,Mat Pilates,Ninguno,0,Sí,Roma,206
2025-12-17,Valeria Cruz,Paquete,Chair,Chair,24,No,Roma,8691
2025-12-17,Alejandro Reyes,Fitpass,Mat Pilates,Ninguno,0,Sí,Condesa,208
2025-12-17,Santiago Jiménez,Clase Individual,Mat Pilates,Ninguno,0,No,Condesa,431
2025-12-17,Victoria Sánchez,Paquete,Reformer,Reformer,12,No,Polanco,4396
2025-12-17,Javier Gutiérrez,Fitpass,Reformer,Reformer,0,Sí,Roma,192
2025-12-18,Regina Cruz,Clase Individual,Chair,Chair,0,No,Condesa,388
2025-12-18,Ana Vázquez,Paquete,Reformer,Reformer,8,No,Condesa,3178
2025-12-18,Gabriela Jiménez,Fitpass,Chair,Chair,0,Sí,Polanco,200
2025-12-18,Carlos Pérez,Clase Individual,Chair,Chair,0,No,Roma,456
2025-12-18,Fernanda López,Fitpass,Reformer,Reformer,0,Sí,Roma,220
2025-12-18,Sofía Mendoza,Paquete,Cadillac,Cadillac,8,No,Condesa,3065
2025-12-18,Ana Flores,Paquete,Mat Pilates,Ninguno,12,No,Roma,4421
2025-12-19,Mateo Díaz,Clase Individual,Mat Pilates,Ninguno,0,No,Polanco,383
2025-12-19,Camila Gómez,Fitpass,Reformer,Reformer,0,Sí,Condesa,188
2025-12-19,Ana Gómez,Paquete,Cadillac,Cadillac,12,No,Condesa,4543
2025-12-19,Mariana Flores,Paquete,Reformer,Reformer,8,No,Polanco,2936
2025-12-19,Ana Flores,Fitpass,Reformer,Reformer,0,Sí,Roma,182
2025-12-19,Lucía Flores,Paquete,Reformer,Reformer,12,No,Roma,4369
2025-12-19,Javier González,Fitpass,Reformer,Reformer,0,Sí,Roma,222
2025-12-20,Victoria Flores,Paquete,Reformer,Reformer,12,No,Roma,4614
2025-12-20,Miguel González,Paquete,Reformer,Reformer,8,No,Roma,3209
2025-12-20,Laura Sánchez,Fitpass,Mat Pilates,Ninguno,0,Sí,Condesa,210
2025-12-20,Ana Pérez,Fitpass,Reformer,Reformer,0,Sí,Condesa,229
2025-12-20,Andrea Hernández,Paquete,Cadillac,Cadillac,8,No,Condesa,3181
2025-12-20,Andrea Torres,Fitpass,Chair,Chair,0,Sí,Polanco,197
2025-12-20,María Morales,Fitpass,Reformer,Reformer,0,Sí,Condesa,184
2025-12-20,Rodrigo Reyes,Paquete,Mat Pilates,Ninguno,8,No,Polanco,3201
2025-12-21,Mariana Martínez,Paquete,Reformer,Reformer,12,No,Condesa,4471
2025-12-21,Renata Cruz,Paquete,Reformer,Reformer,8,No,Polanco,3041
2025-12-21,Regina Díaz,Clase Individual,Reformer,Reformer,0,No,Condesa,390
2025-12-21,Victoria González,Paquete,Reformer,Reformer,8,No,Polanco,3083
2025-12-21,Renata Morales,Fitpass,Cadillac,Cadillac,0,Sí,Polanco,228
2025-12-21,Andrea Jiménez,Clase Individual,Reformer,Reformer,0,No,Condesa,483
2025-12-21,Claudia Gutiérrez,Clase Individual,Chair,Chair,0,No,Roma,468
2025-12-21,Natalia Mendoza,Fitpass,Reformer,Reformer,0,Sí,Condesa,205
2025-12-22,María Mendoza,Fitpass,Cadillac,Cadillac,0,Sí,Polanco,201
2025-12-22,Gabriela Díaz,Paquete,Mat Pilates,Ninguno,24,No,Condesa,8766
2025-12-22,Fernando Hernández,Paquete,Chair,Chair,8,No,Polanco,3250
2025-12-22,Daniela González,Paquete,Reformer,Reformer,8,No,Polanco,2915
2025-12-22,Carolina Rodríguez,Paquete,Reformer,Reformer,8,No,Condesa,3175
2025-12-22,Andrea Gómez,Fitpass,Mat Pilates,Ninguno,0,Sí,Roma,204
2025-12-22,Mateo García,Fitpass,Mat Pilates,Ninguno,0,Sí,Condesa,201
2025-12-22,Mateo Sánchez,Paquete,Reformer,Reformer,8,No,Condesa,3099
2025-12-22,Lucía Morales,Clase Individual,Chair,Chair,0,No,Roma,444
2025-12-22,Laura García,Fitpass,Chair,Chair,0,Sí,Roma,225
2025-12-22,Miguel Ramírez,Paquete,Mat Pilates,Ninguno,8,No,Polanco,3164
2025-12-22,Mateo Cruz,Paquete,Reformer,Reformer,12,No,Roma,4121
2025-12-22,Carolina Morales,Fitpass,Cadillac,Cadillac,0,Sí,Roma,231
2025-12-23,Ana González,Paquete,Chair,Chair,8,No,Condesa,2955
2025-12-23,Miguel López,Clase Individual,Reformer,Reformer,0,No,Polanco,421
2025-12-23,Diego Díaz,Paquete,Reformer,Reformer,24,No,Roma,8645
2025-12-23,Valeria Díaz,Paquete,Cadillac,Cadillac,24,No,Roma,7992
2025-12-23,Fernanda Reyes,Clase Individual,Chair,Chair,0,No,Roma,442
2025-12-23,Fernanda Morales,Paquete,Cadillac,Cadillac,8,No,Polanco,3268
2025-12-23,María Hernández,Clase Individual,Cadillac,Cadillac,0,No,Polanco,504
2025-12-23,Diego López,Paquete,Mat Pilates,Ninguno,24,No,Roma,8274
2025-12-23,Valeria Flores,Clase Individual,Reformer,Reformer,0,No,Polanco,485
2025-12-23,Javier Vázquez,Paquete,Reformer,Reformer,8,No,Condesa,3248
2025-12-23,Laura Flores,Fitpass,Reformer,Reformer,0,Sí,Polanco,218
2025-12-23,Mateo González,Paquete,Reformer,Reformer,24,No,Condesa,8696
2025-12-24,Claudia Gutiérrez,Paquete,Reformer,Reformer,8,No,Polanco,3226
2025-12-24,Mariana Pérez,Paquete,Cadillac,Cadillac,8,No,Polanco,2977
2025-12-24,Laura Jiménez,Clase Individual,Cadillac,Cadillac,0,No,Roma,494
2025-12-24,Paula Morales,Fitpass,Reformer,Reformer,0,Sí,Roma,188
2025-12-24,Ana Martínez,Fitpass,Reformer,Reformer,0,Sí,Roma,214
2025-12-24,Victoria Sánchez,Paquete,Reformer,Reformer,8,No,Roma,3021
2025-12-24,Lucía Martínez,Paquete,Mat Pilates,Ninguno,8,No,Polanco,3287
2025-12-24,Ana González,Clase Individual,Reformer,Reformer,0,No,Condesa,435
2025-12-24,Santiago Díaz,Fitpass,Cadillac,Cadillac,0,Sí,Polanco,192
2025-12-25,Fernanda Jiménez,Fitpass,Cadillac,Cadillac,0,Sí,Polanco,201
2025-12-25,Fernando Reyes,Fitpass,Cadillac,Cadillac,0,Sí,Condesa,201
2025-12-25,Paula Ramírez,Fitpass,Mat Pilates,Ninguno,0,Sí,Polanco,216
2025-12-25,Regina Mendoza,Fitpass,Cadillac,Cadillac,0,Sí,Polanco,203
2025-12-25,Andrea Jiménez,Clase Individual,Chair,Chair,0,No,Polanco,480
2025-12-25,Mariana Ramírez,Clase Individual,Chair,Chair,0,No,Roma,383
2025-12-25,Mariana Morales,Fitpass,Reformer,Reformer,0,Sí,Condesa,192
2025-12-26,Rodrigo Gómez,Fitpass,Reformer,Reformer,0,Sí,Roma,221
2025-12-26,Andrea Torres,Paquete,Reformer,Reformer,12,No,Condesa,4388
2025-12-26,Regina Morales,Paquete,Mat Pilates,Ninguno,8,No,Polanco,3165
2025-12-26,Ximena Vázquez,Paquete,Reformer,Reformer,12,No,Roma,4178
2025-12-26,Javier Sánchez,Clase Individual,Mat Pilates,Ninguno,0,No,Roma,433
2025-12-26,Lucía Torres,Paquete,Cadillac,Cadillac,8,No,Roma,3186
2025-12-27,Regina Martínez,Clase Individual,Mat Pilates,Ninguno,0,No,Condesa,489
2025-12-27,Rodrigo Mendoza,Paquete,Reformer,Reformer,8,No,Roma,2967
2025-12-27,Carlos Mendoza,Paquete,Cadillac,Cadillac,24,No,Polanco,8572
2025-12-27,Claudia Díaz,Fitpass,Reformer,Reformer,0,Sí,Condesa,198
2025-12-27,Alejandro Martínez,Fitpass,Reformer,Reformer,0,Sí,Roma,208
2025-12-27,Fernando Flores,Paquete,Reformer,Reformer,12,No,Roma,4636
2025-12-27,Diego Gómez,Paquete,Reformer,Reformer,12,No,Roma,4284
2025-12-27,Diego Gómez,Fitpass,Reformer,Reformer,0,Sí,Roma,208
2025-12-27,Daniela Hernández,Clase Individual,Reformer,Reformer,0,No,Condesa,420
2025-12-27,Diego Reyes,Fitpass,Reformer,Reformer,0,Sí,Roma,193
2025-12-27,Victoria Gómez,Paquete,Chair,Chair,24,No,Roma,8250
2025-12-27,Natalia Cruz,Fitpass,Reformer,Reformer,0,Sí,Roma,204
2025-12-27,Diego López,Fitpass,Reformer,Reformer,0,Sí,Polanco,207
2025-12-27,Gabriela Díaz,Clase Individual,Reformer,Reformer,0,No,Roma,511
2025-12-28,Camila Hernández,Clase Individual,Reformer,Reformer,0,No,Polanco,479
2025-12-28,Mariana Flores,Fitpass,Chair,Chair,0,Sí,Roma,233
2025-12-28,Victoria Flores,Paquete,Reformer,Reformer,12,No,Condesa,4495
2025-12-28,Ximena Pérez,Paquete,Cadillac,Cadillac,12,No,Roma,4696
2025-12-28,Fernando González,Fitpass,Reformer,Reformer,0,Sí,Roma,223
2025-12-28,Ximena Jiménez,Clase Individual,Mat Pilates,Ninguno,0,No,Condesa,500
2025-12-28,Regina Hernández,Fitpass,Chair,Chair,0,Sí,Roma,207
2025-12-28,Valeria Sánchez,Clase Individual,Mat Pilates,Ninguno,0,No,Condesa,419
2025-12-28,Paula Rodríguez,Clase Individual,Chair,Chair,0,No,Polanco,500
2025-12-28,Javier García,Fitpass,Reformer,Reformer,0,Sí,Condesa,191
2025-12-28,Alejandro Díaz,Paquete,Reformer,Reformer,8,No,Condesa,3279
2025-12-28,Valeria Cruz,Clase Individual,Reformer,Reformer,0,No,Roma,455
2025-12-29,Natalia Morales,Paquete,Reformer,Reformer,8,No,Roma,3188
2025-12-29,Daniela Rodríguez,Fitpass,Reformer,Reformer,0,Sí,Roma,210
2025-12-29,Diego Díaz,Fitpass,Cadillac,Cadillac,0,Sí,Condesa,194
2025-12-29,Daniela Martínez,Paquete,Mat Pilates,Ninguno,24,No,Roma,8751
2025-12-29,Luis Sánchez,Clase Individual,Cadillac,Cadillac,0,No,Condesa,459
2025-12-30,Alejandro Torres,Paquete,Reformer,Reformer,8,No,Condesa,3181
2025-12-30,Camila Gómez,Clase Individual,Reformer,Reformer,0,No,Condesa,410
2025-12-30,Ana García,Paquete,Reformer,Reformer,8,No,Polanco,2979
2025-12-30,Paula Díaz,Fitpass,Cadillac,Cadillac,0,Sí,Condesa,212
2025-12-30,Carolina Reyes,Fitpass,Cadillac,Cadillac,0,Sí,Condesa,239
2025-12-30,Paula Vázquez,Paquete,Mat Pilates,Ninguno,24,No,Condesa,8191
2025-12-30,Miguel Cruz,Fitpass,Reformer,Reformer,0,Sí,Polanco,233
2025-12-30,Ximena García,Fitpass,Reformer,Reformer,0,Sí,Condesa,196
2025-12-31,Daniela Cruz,Clase Individual,Reformer,Reformer,0,No,Condesa,397
2025-12-31,Ximena Jiménez,Paquete,Reformer,Reformer,8,No,Roma,2952
2025-12-31,Carlos Díaz,Fitpass,Chair,Chair,0,Sí,Condesa,188
2025-12-31,Laura Flores,Paquete,Chair,Chair,12,No,Polanco,4561
2025-12-31,Sofía Gutiérrez,Paquete,Reformer,Reformer,8,No,Condesa,2924
2025-12-31,Sofía Reyes,Fitpass,Mat Pilates,Ninguno,0,Sí,Condesa,208
2025-12-31,Paula Cruz,Paquete,Cadillac,Cadillac,12,No,Roma,4248
2025-12-31,Daniela Gutiérrez,Paquete,Mat Pilates,Ninguno,8,No,Roma,3187
2025-12-31,Sofía Rodríguez,Fitpass,Mat Pilates,Ninguno,0,Sí,Condesa,187
